feito_por,tse_id,url,,estado,sg_ue,util,position,estimulada,suspensa,vv,cand1,resul1,cand2,resul2,cand3,resul3,cand4,resul4,cand5,resul5,cand6,resul6,cand7,resul7,cand8,resul8,cand9,resul9,cand10,resul10,cand11,resul11,cand12,resul12,cand13,resul13,cand14,resul14,cand15,resul15,cand16,resul16,cand17,resul17,cand18,resul18,cand19,resul19,cand20,resul20,cand21,resul21,cand22,resul22,cand23,resul23,cand24,resul24,cand25,resul25,cand26,resul26,cand27,resul27,cand28,resul28,cand29,resul29,cand30,resul30,cand31,resul31,cand32,resul32,cand33,resul33,cand34,resul34,cand35,resul35,cand36,resul36,cand37,resul37,cand38,resul38,cand39,resul39,cand40,resul40,cand41,resul41,cand42,resul42,cand43,resul43
FABRICIO,BR-00686/2014,http://www.alvinhopatriota.com.br/dilma-lidera-corrida-presidencial-em-serra-talhada/,10828442000184,BR,BR,1,PR,1.0,,,Dilma Rouseff,0.67,Aecio Neves,0.04,Marina Silva ,0.24,,,,,,,,,,,,,,,,,,,,,,,,,,,,,,,,,,,,,,,,,,,,,,,,,,,,,,,,,,,,,,,,,,,,,,,,,,,,,,,,
FABRICIO,BR-00941/2014,https://nilljunior.com.br/o-multipla-tambem-separou-os-dados-por-mesorregiao-para-mostrar-como-estao-os-candidatos-na-corrida-estadual-no-alto-medio-e-baixo-pajeu/,10828442000184,BR,BR,1,PR,1.0,,,Dilma Rouseff,0.696,Marina Silva,0.23,Aecio Neves,0.016,,,,,,,,,,,,,,,,,,,,,,,,,,,,,,,,,,,,,,,,,,,,,,,,,,,,,,,,,,,,,,,,,,,,,,,,,,,,,,,,
FABRICIO,BR-00941/2014,https://www.radiopajeu.com.br/portal/no-pajeu-dilma-tem-mais-votos-que-marina-atesta-multipla/,10828442000184,BR,BR,1,PR,1.0,,,Dilma Rouseff,0.696,Marina Silva,0.23,Aecio Neves,0.016,,,,,,,,,,,,,,,,,,,,,,,,,,,,,,,,,,,,,,,,,,,,,,,,,,,,,,,,,,,,,,,,,,,,,,,,,,,,,,,,
FABRICIO,BR-01013/2014,https://nilljunior.com.br/page/1236/,10828442000184,BR,BR,1,PR,1.0,,,Dilma Rouseff,0.562,Marina Silva,0.324,Aecio Neves,0.038,,,,,,,,,,,,,,,,,,,,,,,,,,,,,,,,,,,,,,,,,,,,,,,,,,,,,,,,,,,,,,,,,,,,,,,,,,,,,,,,
FABRICIO,BR-01204/2018,http://blogdeassis.com.br/politica/no-rn-haddad-tem-329-bolsonaro-222-e-ciro-107-mostra-nova-pesquisa/110176,40808743000107,BR,BR,1,PR,1.0,,,Fernando Haddad,0.329,Bolsonaro,0.222,Ciro Gomes,0.222,Geraldo Alckmin,0.0386,,,,,,,,,,,,,,,,,,,,,,,,,,,,,,,,,,,,,,,,,,,,,,,,,,,,,,,,,,,,,,,,,,,,,,,,,,,,,,
FABRICIO,BR-01204/2018,http://blogdobarreto.com.br/haddad-tem-10-de-vantagem-sobre-bolsonaro-no-rn-segundo-instituto-perfil/,40808743000107,BR,BR,1,PR,1.0,,,Fernando Haddad,0.329,Bolsonaro,0.222,Ciro Gomes,0.222,Geraldo Alckmin,0.0386,,,,,,,,,,,,,,,,,,,,,,,,,,,,,,,,,,,,,,,,,,,,,,,,,,,,,,,,,,,,,,,,,,,,,,,,,,,,,,
FABRICIO,BR-01204/2018,http://www.bloglucianoseixas.com/2018/10/no-rn-haddad-tem-329-bolsonaro-222-e.html,40808743000107,BR,BR,1,PR,1.0,,,Fernando Haddad,0.329,Bolsonaro,0.222,Ciro Gomes,0.222,Geraldo Alckmin,0.0386,,,,,,,,,,,,,,,,,,,,,,,,,,,,,,,,,,,,,,,,,,,,,,,,,,,,,,,,,,,,,,,,,,,,,,,,,,,,,,
FABRICIO,BR-01204/2018,https://agorarn.com.br/politica/no-rn-haddad-tem-329-bolsonaro-222-e-ciro-107-mostra-nova-pesquisa/,40808743000107,BR,BR,1,PR,1.0,,,Fernando Haddad,0.329,Bolsonaro,0.222,Ciro Gomes,0.222,Geraldo Alckmin,0.0386,,,,,,,,,,,,,,,,,,,,,,,,,,,,,,,,,,,,,,,,,,,,,,,,,,,,,,,,,,,,,,,,,,,,,,,,,,,,,,
FABRICIO,BR-01204/2018,https://blogurakensilva.blogspot.com/2018/10/no-rn-haddad-tem-329-bolsonaro-222-e.html,40808743000107,BR,BR,1,PR,1.0,,,Fernando Haddad,0.329,Bolsonaro,0.222,Ciro Gomes,0.222,Geraldo Alckmin,0.0386,,,,,,,,,,,,,,,,,,,,,,,,,,,,,,,,,,,,,,,,,,,,,,,,,,,,,,,,,,,,,,,,,,,,,,,,,,,,,,
FABRICIO,BR-01204/2018,https://folhadoalto.blogspot.com/2018/10/no-rn-haddad-tem-329-bolsonaro-222-e.html,40808743000107,BR,BR,1,PR,1.0,,,Fernando Haddad,0.329,Bolsonaro,0.222,Ciro Gomes,0.222,Geraldo Alckmin,0.0386,,,,,,,,,,,,,,,,,,,,,,,,,,,,,,,,,,,,,,,,,,,,,,,,,,,,,,,,,,,,,,,,,,,,,,,,,,,,,,
FABRICIO,BR-01204/2018,https://japinewss.blogspot.com/2018/10/no-rn-haddad-tem-329-bolsonaro-222-e.html,40808743000107,BR,BR,1,PR,1.0,,,Fernando Haddad,0.329,Bolsonaro,0.222,Ciro Gomes,0.222,Geraldo Alckmin,0.0386,,,,,,,,,,,,,,,,,,,,,,,,,,,,,,,,,,,,,,,,,,,,,,,,,,,,,,,,,,,,,,,,,,,,,,,,,,,,,,
FABRICIO,BR-01204/2018,https://www.efranciscogomes.com/2018/10/perfil-mostra-preferencia-de-14.html,40808743000107,BR,BR,1,PR,1.0,,,Fernando Haddad,0.329,Bolsonaro,0.222,Ciro Gomes,0.222,Geraldo Alckmin,0.0386,,,,,,,,,,,,,,,,,,,,,,,,,,,,,,,,,,,,,,,,,,,,,,,,,,,,,,,,,,,,,,,,,,,,,,,,,,,,,,
FABRICIO,ES-00012/2014,http://pdf.redetribuna.com.br/2014/julho/27-07-2014/no27071450.pdf,28500023000184,ES,ES,1,S,1.0,,,Rose de Freitas,0.224,João Coser,0.226,Neucimar Fraga,0.112,Raphael Furtado,0.024,André Moreira,0.015,,,,,,,,,,,,,,,,,,,,,,,,,,,,,,,,,,,,,,,,,,,,,,,,,,,,,,,,,,,,,,,,,,,,,,,,,,,,
FABRICIO,ES-00012/2014,http://pdf.redetribuna.com.br/2014/julho/27-07-2014/no27071450.pdf,28500023000184,ES,ES,1,S,0.0,,,Rose de Freitas,0.198,João Coser,0.179,Neucimar Fraga,0.084,Raphael Furtado,0.018,André Moreira,0.012,,,,,,,,,,,,,,,,,,,,,,,,,,,,,,,,,,,,,,,,,,,,,,,,,,,,,,,,,,,,,,,,,,,,,,,,,,,,
FABRICIO,ES-00022/2014,http://pdf.redetribuna.com.br/2014/outubro/04-10-2014/no04101439.pdf,28500023000184,ES,ES,1,S,1.0,,,Rose de Freitas,0.372,João Coser,0.214,Neucimar Fraga,0.168,,,,,,,,,,,,,,,,,,,,,,,,,,,,,,,,,,,,,,,,,,,,,,,,,,,,,,,,,,,,,,,,,,,,,,,,,,,,,,,,
FABRICIO,ES-00022/2014,http://pdf.redetribuna.com.br/2014/outubro/04-10-2014/no04101439.pdf,28500023000184,ES,ES,1,S,0.0,,,Rose de Freitas,0.278,João Coser,0.143,Neucimar Fraga,0.135,,,,,,,,,,,,,,,,,,,,,,,,,,,,,,,,,,,,,,,,,,,,,,,,,,,,,,,,,,,,,,,,,,,,,,,,,,,,,,,,
FABRICIO,ES-00022/2014,https://issuu.com/jornalfato/docs/jornal_fato_0510-14,28500023000184,ES,ES,1,G,1.0,,,Paulo Hartung,0.523,Renato Casagrande,0.436,Roberto Carlos,0.025,Camila Valadao,0.013,,,,,,,,,,,,,,,,,,,,,,,,,,,,,,,,,,,,,,,,,,,,,,,,,,,,,,,,,,,,,,,,,,,,,,,,,,,,,,
FABRICIO,ES-00063/2012,https://dagmarvulpi.blogspot.com/2012_09_10_archive.html,28500023000184,ES,57053,1,P,1.0,,,Luiz Paulo,0.42,Luciano Rezende,0.211,Iriny Lopes,0.15,Gustavo de Biassi,0.013,,,,,,,,,,,,,,,,,,,,,,,,,,,,,,,,,,,,,,,,,,,,,,,,,,,,,,,,,,,,,,,,,,,,,,,,,,,,,,
FABRICIO,ES-00063/2012,https://dagmarvulpi.blogspot.com/2012/09/apesar-dos-resultados-das-pesquisas.html,28500023000184,ES,57053,1,P,1.0,,,Luiz Paulo,0.42,Luciano Rezende,0.211,Iriny Lopes,0.15,Gustavo de Biassi,0.013,,,,,,,,,,,,,,,,,,,,,,,,,,,,,,,,,,,,,,,,,,,,,,,,,,,,,,,,,,,,,,,,,,,,,,,,,,,,,,
FABRICIO,ES-00114/2012,https://dagmarvulpi.blogspot.com/2012_10_01_archive.html,28500023000184,ES,56111,1,P,1.0,,,Marcelo Coelho,0.645,Doutora Gilcinea,0.145,Jones Cavaglieri,0.042,,,,,,,,,,,,,,,,,,,,,,,,,,,,,,,,,,,,,,,,,,,,,,,,,,,,,,,,,,,,,,,,,,,,,,,,,,,,,,,,
FABRICIO,ES-02563/2018,https://folhaviana.com/pesquisa-enquet-hartung-tem-305-das-intencoes-de-voto-e-casagrande-291/,28500023000184,ES,ES,1,G,1.0,,,Paulo Hartung,0.305,Renato Casagrande,0.291,Rose de Freitas,0.068,Andre Moreira,0.019,,,,,,,,,,,,,,,,,,,,,,,,,,,,,,,,,,,,,,,,,,,,,,,,,,,,,,,,,,,,,,,,,,,,,,,,,,,,,,
FABRICIO,ES-02563/2018,https://nobrejornal.blogspot.com/2018/06/pesquisa-sinaliza-riscos-eleitorais.html,28500023000184,ES,ES,1,G,1.0,,,Paulo Hartung,0.305,Renato Casagrande,0.291,Rose de Freitas,0.068,Andre Moreira,0.019,,,,,,,,,,,,,,,,,,,,,,,,,,,,,,,,,,,,,,,,,,,,,,,,,,,,,,,,,,,,,,,,,,,,,,,,,,,,,,
FABRICIO,ES-02563/2018,https://vozdabarra.com.br/eleicoes-2018-l-pesquisa-sinaliza-riscos-eleitorais-a-hartung-nos-dois-turnos-da-disputa-ao-governo/,28500023000184,ES,ES,1,G,1.0,,,Paulo Hartung,0.305,Renato Casagrande,0.291,Rose de Freitas,0.068,Andre Moreira,0.019,,,,,,,,,,,,,,,,,,,,,,,,,,,,,,,,,,,,,,,,,,,,,,,,,,,,,,,,,,,,,,,,,,,,,,,,,,,,,,
FABRICIO,ES-02563/2018,https://www.aquinoticias.com/2018/06/em-disputa-acirrada-hartung-lidera-intencao-de-votos/,28500023000184,ES,ES,1,G,1.0,,,Paulo Hartung,0.305,Renato Casagrande,0.291,Rose de Freitas,0.068,Andre Moreira,0.019,,,,,,,,,,,,,,,,,,,,,,,,,,,,,,,,,,,,,,,,,,,,,,,,,,,,,,,,,,,,,,,,,,,,,,,,,,,,,,
FABRICIO,ES-02563/2018,https://www.elimarcortes.com.br/2018/06/29/pesquisa-enquetrede-sim-da-396-para/,28500023000184,ES,ES,1,G,1.0,,,Paulo Hartung,0.305,Renato Casagrande,0.291,Rose de Freitas,0.068,Andre Moreira,0.019,,,,,,,,,,,,,,,,,,,,,,,,,,,,,,,,,,,,,,,,,,,,,,,,,,,,,,,,,,,,,,,,,,,,,,,,,,,,,,
FABRICIO,ES-02563/2018,https://www.folhaonline.es/hartung-e-casagrande-empatados-tecnicamente-na-disputa-para-governo-do-estado/,28500023000184,ES,ES,1,G,1.0,,,Paulo Hartung,0.305,Renato Casagrande,0.291,Rose de Freitas,0.068,Andre Moreira,0.019,,,,,,,,,,,,,,,,,,,,,,,,,,,,,,,,,,,,,,,,,,,,,,,,,,,,,,,,,,,,,,,,,,,,,,,,,,,,,,
FABRICIO,ES-02563/2018,https://www.portal27.com.br/nova-pesquisa-confirma-empate-entre-hartung-e-casagrande/,28500023000184,ES,ES,1,G,1.0,,,Paulo Hartung,0.305,Renato Casagrande,0.291,Rose de Freitas,0.068,Andre Moreira,0.019,,,,,,,,,,,,,,,,,,,,,,,,,,,,,,,,,,,,,,,,,,,,,,,,,,,,,,,,,,,,,,,,,,,,,,,,,,,,,,
FABRICIO,GO-00011/2016,http://www.jornaldiariodonorte.com.br/noticias/junior-moreira-lidera-em-mambai-com-48-75-20090940,14538940000143,GO,94498,1,P,1.0,,,Junior Moreira,0.4875,Joaquim Barbosa,0.3781,,,,,,,,,,,,,,,,,,,,,,,,,,,,,,,,,,,,,,,,,,,,,,,,,,,,,,,,,,,,,,,,,,,,,,,,,,,,,,,,,,
FABRICIO,GO-00011/2016,http://www.jornaldiariodonorte.com.br/noticias/junior-moreira-lidera-em-mambai-com-48-75-20090940,14538940000143,GO,94498,1,P,0.0,,,Junior Moreira,0.4188,Joaquim Barbosa,0.3094,,,,,,,,,,,,,,,,,,,,,,,,,,,,,,,,,,,,,,,,,,,,,,,,,,,,,,,,,,,,,,,,,,,,,,,,,,,,,,,,,,
FABRICIO,GO-01177/2016,http://www.hildodocandango.com.br/news/p:0/idp:601/nm:Hildo-do-Candango-lidera-pesquisa-para-Prefeitura-de-Aguas-Lindas/,14538940000143,GO,93343,1,P,1.0,,,Hildo do Candango,0.5076,Tullio,0.1973,Enio Tatico,0.1846, Geraldo,0.1105,,,,,,,,,,,,,,,,,,,,,,,,,,,,,,,,,,,,,,,,,,,,,,,,,,,,,,,,,,,,,,,,,,,,,,,,,,,,,,
FABRICIO,GO-01177/2016,http://www.jornalaguaslindas.com.br/2016/09/jornal-opcao-divulga-pesquisa-e-hildo.html,14538940000143,GO,93343,1,P,1.0,,,Hildo do Candango,0.5076,Tullio,0.1973,Enio Tatico,0.1846, Geraldo,0.1105,,,,,,,,,,,,,,,,,,,,,,,,,,,,,,,,,,,,,,,,,,,,,,,,,,,,,,,,,,,,,,,,,,,,,,,,,,,,,,
FABRICIO,GO-01177/2016,https://issuu.com/jornalprime/docs/jornal_prime_-_setembro_de_2016,14538940000143,GO,93343,1,P,1.0,,,Hildo do Candango,0.5076,Tullio,0.1973,Enio Tatico,0.1846, Geraldo,0.1105,,,,,,,,,,,,,,,,,,,,,,,,,,,,,,,,,,,,,,,,,,,,,,,,,,,,,,,,,,,,,,,,,,,,,,,,,,,,,,
FABRICIO,GO-01177/2016,https://www.jornalopcao.com.br/ultimas-noticias/hildo-lidera-com-folga-disputa-pela-prefeitura-de-aguas-lindas-76421/,14538940000143,GO,93343,1,P,1.0,,,Hildo do Candango,0.5076,Tullio,0.1973,Enio Tatico,0.1846, Geraldo,0.1105,,,,,,,,,,,,,,,,,,,,,,,,,,,,,,,,,,,,,,,,,,,,,,,,,,,,,,,,,,,,,,,,,,,,,,,,,,,,,,
FABRICIO,GO-02994/2016,http://www.jornaldiariodonorte.com.br/noticias/cristiano-lidera-de-ponta-a-ponta-e-tem-48-19-30091556,14538940000143,GO,94455,1,P,1.0,,,Cristiano Teixeira,0.4819,Agostinho,0.3659,Branco,0.1014,,,,,,,,,,,,,,,,,,,,,,,,,,,,,,,,,,,,,,,,,,,,,,,,,,,,,,,,,,,,,,,,,,,,,,,,,,,,,,,,
FABRICIO,GO-02994/2016,http://www.jornaldiariodonorte.com.br/noticias/cristiano-lidera-de-ponta-a-ponta-e-tem-48-19-30091556,14538940000143,GO,94455,1,P,0.0,,,Cristiano Teixeira,0.471,Agostinho,0.3514,Branco,0.1051,,,,,,,,,,,,,,,,,,,,,,,,,,,,,,,,,,,,,,,,,,,,,,,,,,,,,,,,,,,,,,,,,,,,,,,,,,,,,,,,
FABRICIO,GO-06824/2016,https://alovalparaiso.com/marcelo-melo-lidera-corrida-pela-prefeitura-de-luziania/,14538940000143,GO,94455,1,P,1.0,,,Marcelo Melo,0.4033,Cristovão Tormin,0.2495,Augustinho,0.0478,,,,,,,,,,,,,,,,,,,,,,,,,,,,,,,,,,,,,,,,,,,,,,,,,,,,,,,,,,,,,,,,,,,,,,,,,,,,,,,,
FABRICIO,GO-09146/2016,https://diariodegoias.com.br/quem-lidera-para-prefeito-em-aparecida-de-goiania/,14538940000143,GO,94455,1,P,1.0,,,Gustavo Mendanca,0.378,Marlucio,0.231,Alcides,0.211,,,,,,,,,,,,,,,,,,,,,,,,,,,,,,,,,,,,,,,,,,,,,,,,,,,,,,,,,,,,,,,,,,,,,,,,,,,,,,,,
FABRICIO,GO-09146/2016,https://diariodegoias.com.br/quem-lidera-para-prefeito-em-aparecida-de-goiania/,14538940000143,GO,94455,1,P,0.0,,,Gustavo Mendanca,0.307,Marlucio,0.151,,,,,,,,,,,,,,,,,,,,,,,,,,,,,,,,,,,,,,,,,,,,,,,,,,,,,,,,,,,,,,,,,,,,,,,,,,,,,,,,,,
FABRICIO,GO-09146/2016,https://diariodegoias.com.br/vantagem-de-gustavo-para-marlucio-e-de-14-7-indica-pesquisa-fortiori/,14538940000143,GO,94455,1,P,1.0,,,Gustavo Mendanca,0.378,Marlucio,0.231,Alcides,0.211,,,,,,,,,,,,,,,,,,,,,,,,,,,,,,,,,,,,,,,,,,,,,,,,,,,,,,,,,,,,,,,,,,,,,,,,,,,,,,,,
FABRICIO,GO-09146/2016,https://diariodegoias.com.br/vantagem-de-gustavo-para-marlucio-e-de-14-7-indica-pesquisa-fortiori/,14538940000143,GO,94455,1,P,0.0,,,Gustavo Mendanca,0.307,Marlucio,0.151,,,,,,,,,,,,,,,,,,,,,,,,,,,,,,,,,,,,,,,,,,,,,,,,,,,,,,,,,,,,,,,,,,,,,,,,,,,,,,,,,,
FABRICIO,MA-00484/2016,https://luispablo.com.br/page/492/,14538940000143,MA,8214,0,P,1.0,1.0,,Neidinha,0.4949,Marfran Bringel,0.4512,,,,,,,,,,,,,,,,,,,,,,,,,,,,,,,,,,,,,,,,,,,,,,,,,,,,,,,,,,,,,,,,,,,,,,,,,,,,,,,,,,
FABRICIO,MA-00484/2016,https://luispablo.com.br/politica/2016/10/pesquisa-e-cancelada-em-loreto-neidinha-segue-liderando-a-corrida-eleitoral/,14538940000143,MA,8214,0,P,1.0,1.0,,Neidinha,0.4949,Marfran Bringel,0.4512,,,,,,,,,,,,,,,,,,,,,,,,,,,,,,,,,,,,,,,,,,,,,,,,,,,,,,,,,,,,,,,,,,,,,,,,,,,,,,,,,,
FABRICIO,MA-01741/2016,https://dalvanamendes.com/noticias/miltinho-aragao-lidera-pesquisa-em-sao-mateus-diz-escutec-2/,14538940000143,MA,7560,1,P,1.0,,,Miltinho,0.357,Rovélio,0.32,Iriomar,0.027,Rogerio Garcia,0.023,,,,,,,,,,,,,,,,,,,,,,,,,,,,,,,,,,,,,,,,,,,,,,,,,,,,,,,,,,,,,,,,,,,,,,,,,,,,,,
FABRICIO,MA-04958/2016,http://www.netoferreira.com.br/poder/2016/09/abigail-cunha-lidera-com-5279-em-jenipapo-dos-vieiras/,14538940000143,MA,7765,1,P,1.0,,,Abigail,0.5279,Moises Ventura,0.4036,,,,,,,,,,,,,,,,,,,,,,,,,,,,,,,,,,,,,,,,,,,,,,,,,,,,,,,,,,,,,,,,,,,,,,,,,,,,,,,,,,
FABRICIO,MA-04958/2016,https://luiscardoso.com.br/politica/2016/09/abigail-cunha-lidera-com-4133-dos-votos-e-sera-a-proxima-prefeita-de-jenipapo-dos-vieiras/,14538940000143,MA,7765,1,P,1.0,,,Abigail,0.5279,Moises Ventura,0.4036,,,,,,,,,,,,,,,,,,,,,,,,,,,,,,,,,,,,,,,,,,,,,,,,,,,,,,,,,,,,,,,,,,,,,,,,,,,,,,,,,,
FABRICIO,MA-04958/2016,https://riquinha.com.br/2016/09/23/abigail-cunha-lidera-com-4133-dos-votos-e-sera-proxima-prefeita-de-jenipapo-dos-vieiras/,14538940000143,MA,7765,1,P,1.0,,,Abigail,0.5279,Moises Ventura,0.4036,,,,,,,,,,,,,,,,,,,,,,,,,,,,,,,,,,,,,,,,,,,,,,,,,,,,,,,,,,,,,,,,,,,,,,,,,,,,,,,,,,
FABRICIO,MA-04958/2016,https://www.caiohostilio.com/2016/09/23/noticias-670/,14538940000143,MA,7765,1,P,1.0,,,Abigail,0.5279,Moises Ventura,0.4036,,,,,,,,,,,,,,,,,,,,,,,,,,,,,,,,,,,,,,,,,,,,,,,,,,,,,,,,,,,,,,,,,,,,,,,,,,,,,,,,,,
FABRICIO,MA-07712/2016,http://www.memoriasdemangabeiras.com.br/2016/07/,14538940000143,MA,9253,1,P,1.0,,,Rodrigo Coelho,0.5099,Italo Cardoso,0.2956,,,,,,,,,,,,,,,,,,,,,,,,,,,,,,,,,,,,,,,,,,,,,,,,,,,,,,,,,,,,,,,,,,,,,,,,,,,,,,,,,,
FABRICIO,MA-07712/2016,http://www.memoriasdemangabeiras.com.br/2016/09/,14538940000143,MA,9253,1,P,1.0,,,Rodrigo Coelho,0.5099,Italo Cardoso,0.2956,,,,,,,,,,,,,,,,,,,,,,,,,,,,,,,,,,,,,,,,,,,,,,,,,,,,,,,,,,,,,,,,,,,,,,,,,,,,,,,,,,
FABRICIO,MA-08559/2016,http://www.irmaoinaldo.com.br/2016_09_27_archive.html,14538940000143,MA,7315,1,P,1.0,,,Leo Coutinho,0.4432,Fabio Gentil,0.3325,,,,,,,,,,,,,,,,,,,,,,,,,,,,,,,,,,,,,,,,,,,,,,,,,,,,,,,,,,,,,,,,,,,,,,,,,,,,,,,,,,
FABRICIO,MA-08559/2016,http://www.irmaoinaldo.com.br/2016/09/,14538940000143,MA,7315,1,P,1.0,,,Leo Coutinho,0.4432,Fabio Gentil,0.3325,,,,,,,,,,,,,,,,,,,,,,,,,,,,,,,,,,,,,,,,,,,,,,,,,,,,,,,,,,,,,,,,,,,,,,,,,,,,,,,,,,
FABRICIO,MA-08559/2016,https://midiadabarra.blogspot.com/2016/09/,14538940000143,MA,7315,1,P,1.0,,,Leo Coutinho,0.4432,Fabio Gentil,0.3325,,,,,,,,,,,,,,,,,,,,,,,,,,,,,,,,,,,,,,,,,,,,,,,,,,,,,,,,,,,,,,,,,,,,,,,,,,,,,,,,,,
FABRICIO,MA-08559/2016,https://www.45graus.com.br/caxias-ma/pesquisa-nao-divulgada-pela-oposicao-confirma-crescimento-de-leo-coutinho,14538940000143,MA,7315,1,P,1.0,,,Leo Coutinho,0.4432,Fabio Gentil,0.3325,,,,,,,,,,,,,,,,,,,,,,,,,,,,,,,,,,,,,,,,,,,,,,,,,,,,,,,,,,,,,,,,,,,,,,,,,,,,,,,,,,
FABRICIO,MG-00034/2014,http://www.jornaldelavras.com.br/index.php?p=10&tc=4&c=8657,9028982000102,MG,MG,1,V,1.0,,,Marcos Possato,0.153,Joao Paulo Felizardo,0.113,Anderson Garçom,0.08,Dr. Sebastião,0.063,Chapisco,0.055,Daniel Costa,0.04,Edmar do Palol,0.028,Alisson Dentista,0.025,Leandro Moretti,0.025,Carlão,0.018,Cleber Pevidor,0.018,Tilili,0.018,Zé Bento,0.018,Sô Zé,0.013,,,,,,,,,,,,,,,,,,,,,,,,,,,,,,,,,,,,,,,,,,,,,,,,,,,,,,,,,,
FABRICIO,MG-00091/2012,https://www.ocorvoveloz.com.br/2012_09_16_archive.html,9028982000102,MG,47635,1,P,1.0,,,Marcos Cherem ,0.35, Silas,0.263,Dehon,0.11,,,,,,,,,,,,,,,,,,,,,,,,,,,,,,,,,,,,,,,,,,,,,,,,,,,,,,,,,,,,,,,,,,,,,,,,,,,,,,,,
FABRICIO,MG-00091/2012,https://www.ocorvoveloz.com.br/2012_09_19_archive.html,9028982000102,MG,47635,1,P,1.0,,,Marcos Cherem ,0.35, Silas,0.263,Dehon,,,,,,,,,,,,,,,,,,,,,,,,,,,,,,,,,,,,,,,,,,,,,,,,,,,,,,,,,,,,,,,,,,,,,,,,,,,,,,,,,
FABRICIO,MG-00091/2012,https://www.olavrense.com.br/2012/06/divulgada-primeira-pesquisa-de-intencao.html,9028982000102,MG,47635,1,P,1.0,,,Marcos Cherem ,0.35, Silas,0.263,Dehon,,,,,,,,,,,,,,,,,,,,,,,,,,,,,,,,,,,,,,,,,,,,,,,,,,,,,,,,,,,,,,,,,,,,,,,,,,,,,,,,,
FABRICIO,MG-00225/2012,https://www.ocorvoveloz.com.br/2012_09_16_archive.html,9028982000102,MG,47635,1,P,1.0,,,Marcos Cherem ,0.35, Silas,0.263,Dehon,,,,,,,,,,,,,,,,,,,,,,,,,,,,,,,,,,,,,,,,,,,,,,,,,,,,,,,,,,,,,,,,,,,,,,,,,,,,,,,,,
FABRICIO,MG-00502/2012,https://www.rodrigoportari.com.br/?p=998,11047803000118,MG,45411,0,P,1.0,1.0,,,,,,,,,,,,,,,,,,,,,,,,,,,,,,,,,,,,,,,,,,,,,,,,,,,,,,,,,,,,,,,,,,,,,,,,,,,,,,,,,,,,,,,
FABRICIO,MG-00605/2012,https://www.youtube.com/user/claudioburrinho,11047803000118,MG,46876,1,P,1.0,,,Claudio Burrinho,0.706,Anderson Golfao,0.198,,,,,,,,,,,,,,,,,,,,,,,,,,,,,,,,,,,,,,,,,,,,,,,,,,,,,,,,,,,,,,,,,,,,,,,,,,,,,,,,,,
FABRICIO,MG-00605/2012,https://www.youtube.com/watch?v=VZe1sKAxYkc,11047803000118,MG,46876,1,P,1.0,,,Claudio Burrinho,0.706,Anderson Golfao,0.198,,,,,,,,,,,,,,,,,,,,,,,,,,,,,,,,,,,,,,,,,,,,,,,,,,,,,,,,,,,,,,,,,,,,,,,,,,,,,,,,,,
FABRICIO,MG-01138/2012,http://www.ptmg.org.br/sao-joao-del-rei-pesquisa-aponta-favoritismo-do-professor-helvecio-pt/,9028982000102,MG,52493,1,P,1.0,,,Professor Helvetico,0.515,Nilvaldo Andrade,0.315,Jordano Metalurgico,0.038,,,,,,,,,,,,,,,,,,,,,,,,,,,,,,,,,,,,,,,,,,,,,,,,,,,,,,,,,,,,,,,,,,,,,,,,,,,,,,,,
FABRICIO,MG-01186/2012,http://www.diariopopularmg.com.br/pesquisa-mostra-dianteira-de-zizinho-em-santana-do-paraiso/,9028982000102,MG,40681,1,P,1.0,,,Zizinho,0.31,Fernando Lima,0.258,Neli,0.223,Edmar,0.018,,,,,,,,,,,,,,,,,,,,,,,,,,,,,,,,,,,,,,,,,,,,,,,,,,,,,,,,,,,,,,,,,,,,,,,,,,,,,,
FABRICIO,MG-01186/2012,https://issuu.com/jornaldiariopopular/docs/06_10_2012_00_14_27,9028982000102,MG,40681,1,P,1.0,,,Zizinho,0.31,Fernando Lima,0.258,Neli,0.223,Edmar,0.018,,,,,,,,,,,,,,,,,,,,,,,,,,,,,,,,,,,,,,,,,,,,,,,,,,,,,,,,,,,,,,,,,,,,,,,,,,,,,,
FABRICIO,MG-01233/2012,https://giseldacampos-jornalista.blogspot.com/2012/10/,11047803000118,MG,54011,1,P,1.0,,,Paulo Pial,0.438,Antonio Lerin,0.363,,,,,,,,,,,,,,,,,,,,,,,,,,,,,,,,,,,,,,,,,,,,,,,,,,,,,,,,,,,,,,,,,,,,,,,,,,,,,,,,,,
FABRICIO,MG-03405/2016,https://portalgerais.com/se-as-eleicoes-fossem-hoje-bruno-lamounier-venceria-em-camacho/,9656847000101,MG,42072,1,P,1.0,,,Bruno Lamounier,0.422,Zé Ulisses,0.309,Ari Professor,0.17,,,,,,,,,,,,,,,,,,,,,,,,,,,,,,,,,,,,,,,,,,,,,,,,,,,,,,,,,,,,,,,,,,,,,,,,,,,,,,,,
FABRICIO,MG-03405/2016,https://portalgerais.com/se-as-eleicoes-fossem-hoje-bruno-lamounier-venceria-em-camacho/,9656847000101,MG,42072,1,P,0.0,,,Bruno Lamounier,0.435,Zé Ulisses,0.314,Ari Professor,0.184,,,,,,,,,,,,,,,,,,,,,,,,,,,,,,,,,,,,,,,,,,,,,,,,,,,,,,,,,,,,,,,,,,,,,,,,,,,,,,,,
FABRICIO,MG-05081/2016,http://ribeiraodasneves.net/37-noticias/politica/6124-instituto-ver-coloca-junynho-martins-psc-em-vantagem-na-corrida-pela-prefeitura,9028982000102,MG,50911,1,P,1.0,,,Junynho,0.411,Antonio Carlos,0.303,Irani Barbosa,0.158,Daniela Correa,0.126,,,,,,,,,,,,,,,,,,,,,,,,,,,,,,,,,,,,,,,,,,,,,,,,,,,,,,,,,,,,,,,,,,,,,,,,,,,,,,
FABRICIO,MG-06189/2016,http://www.jornaldelavras.com.br/index.php?p=10&tc=4&c=14169,9028982000102,MG,47635,1,P,0.0,,,Jose Cherem,0.19,Jussara,0.105,Silas,0.035,Marcos Cherem,0.02,,,,,,,,,,,,,,,,,,,,,,,,,,,,,,,,,,,,,,,,,,,,,,,,,,,,,,,,,,,,,,,,,,,,,,,,,,,,,,
FABRICIO,MG-06189/2016,http://www.jornaldelavras.com.br/index.php?p=10&tc=4&c=14173,9028982000102,MG,47635,1,P,0.0,,,Jose Cherem,0.488,Jussara,0.185,Silas,0.06,Marcos Cherem,0.038,,,,,,,,,,,,,,,,,,,,,,,,,,,,,,,,,,,,,,,,,,,,,,,,,,,,,,,,,,,,,,,,,,,,,,,,,,,,,,
FABRICIO,MG-06905/2016,https://bastidoresdecontagem.blogspot.com/2016/09/por-que-jornal-o-tempo-nao-divulgara.html,9656847000101,MG,42234,0,P,1.0,1.0,,Carlin Moura,0.233,Ademir Lucas,0.185,Alex Freitas,0.15,Jander,0.073,Rodinei,0.06,Kaka Menezes,0.024,,,,,,,,,,,,,,,,,,,,,,,,,,,,,,,,,,,,,,,,,,,,,,,,,,,,,,,,,,,,,,,,,,,,,,,,,,
FABRICIO,MG-06905/2016,https://bastidoresdecontagem.blogspot.com/2016/10/por-pesquisa-errada-em-contagem.html,9656847000101,MG,42234,0,P,0.0,1.0,,Carlin Moura,0.188,Ademir Lucas,0.085,Alex Freitas,0.101,Jander,0.033,Rodinei,0.034,Kaka Menezes,0.017,,,,,,,,,,,,,,,,,,,,,,,,,,,,,,,,,,,,,,,,,,,,,,,,,,,,,,,,,,,,,,,,,,,,,,,,,,
FABRICIO,MG-06905/2016,https://issuu.com/otempo/docs/binder1_00e7d8d88bff52,9656847000101,MG,42234,0,P,1.0,1.0,,Carlin Moura,0.233,Ademir Lucas,0.185,Alex Freitas,0.15,Jander,0.073,Rodinei,0.06,Kaka Menezes,0.024,,,,,,,,,,,,,,,,,,,,,,,,,,,,,,,,,,,,,,,,,,,,,,,,,,,,,,,,,,,,,,,,,,,,,,,,,,
FABRICIO,MG-06905/2016,https://issuu.com/otempo/docs/binder1_00e7d8d88bff52/3,9656847000101,MG,42234,0,P,0.0,1.0,,Carlin Moura,0.188,Ademir Lucas,0.085,Alex Freitas,0.101,Jander,0.033,Rodinei,0.034,Kaka Menezes,0.017,,,,,,,,,,,,,,,,,,,,,,,,,,,,,,,,,,,,,,,,,,,,,,,,,,,,,,,,,,,,,,,,,,,,,,,,,,
FABRICIO,MG-06905/2016,https://www.otempo.com.br/hotsites/elei%C3%A7%C3%B5es-2016/carlin-e-ademir-caminham-para-segundo-turno-em-contagem-1.1375096,9656847000101,MG,42234,0,P,1.0,1.0,,Carlin Moura,0.233,Ademir Lucas,0.185,Alex Freitas,0.15,Jander,0.073,Rodinei,0.06,Kaka Menezes,0.024,,,,,,,,,,,,,,,,,,,,,,,,,,,,,,,,,,,,,,,,,,,,,,,,,,,,,,,,,,,,,,,,,,,,,,,,,,
FABRICIO,MG-06905/2016,https://www.otempo.com.br/hotsites/elei%C3%A7%C3%B5es-2016/em-contagem-2-turno-e-dado-como-certo-1.1379699,9656847000101,MG,42234,0,P,0.0,1.0,,Carlin Moura,0.188,Ademir Lucas,0.085,Alex Freitas,0.101,Jander,0.033,Rodinei,0.034,Kaka Menezes,0.017,,,,,,,,,,,,,,,,,,,,,,,,,,,,,,,,,,,,,,,,,,,,,,,,,,,,,,,,,,,,,,,,,,,,,,,,,,
FABRICIO,MG-09233/2016,https://ribeiraodasneves.net/37-noticias/politica/6167-nova-pesquisa-do-instituto-ver-amplia-vantagem-de-junynho-martins-psc-pela-prefeitura,9028982000102,MG,50911,1,P,1.0,,,Junynho,0.411,Antonio Carlos,0.303,Irani Barbosa,0.158,Daniela Correa,0.126,,,,,,,,,,,,,,,,,,,,,,,,,,,,,,,,,,,,,,,,,,,,,,,,,,,,,,,,,,,,,,,,,,,,,,,,,,,,,,
FABRICIO,MG-09657/2016,http://jornaldaserrageral.com.br/v2/index.php?option=com_content&task=blogcategory&id=25&Itemid=31,9028982000102,MG,50431,1,P,1.0,,,Silvanei Batista,0.508,Juracy Freire,0.355,,,,,,,,,,,,,,,,,,,,,,,,,,,,,,,,,,,,,,,,,,,,,,,,,,,,,,,,,,,,,,,,,,,,,,,,,,,,,,,,,,
FABRICIO,MS-00081/2012,https://inacioespindola45.wordpress.com/2012/08/,10383383000188,MS,55026,1,P,0.0,,,Inácio,0.461,Itamar Bilibio,0.378,,,,,,,,,,,,,,,,,,,,,,,,,,,,,,,,,,,,,,,,,,,,,,,,,,,,,,,,,,,,,,,,,,,,,,,,,,,,,,,,,,
FABRICIO,MS-00081/2012,https://inacioespindola45.wordpress.com/tag/diario-ms/,10383383000188,MS,55026,1,P,0.0,,,Inácio,0.461,Itamar Bilibio,0.378,,,,,,,,,,,,,,,,,,,,,,,,,,,,,,,,,,,,,,,,,,,,,,,,,,,,,,,,,,,,,,,,,,,,,,,,,,,,,,,,,,
FABRICIO,MS-00175/2012,https://issuu.com/hayllon/docs/impactoms_65,6270812000133,MS,91456,1,P,0.0,,,Gilson Romano,0.49,Iraci,0.36,,,,,,,,,,,,,,,,,,,,,,,,,,,,,,,,,,,,,,,,,,,,,,,,,,,,,,,,,,,,,,,,,,,,,,,,,,,,,,,,,,
FABRICIO,MS-00175/2012,https://issuu.com/hayllon/docs/impactoms_65,6270812000133,MS,91456,1,P,1.0,,,Gilson Romano,0.5133,Iraci,0.3633,,,,,,,,,,,,,,,,,,,,,,,,,,,,,,,,,,,,,,,,,,,,,,,,,,,,,,,,,,,,,,,,,,,,,,,,,,,,,,,,,,
FABRICIO,MS-00219/2012,http://www.educadora91.com/2012_09_27_archive.html,6270812000133,MS,98159,0,P,,1.0,,,,,,,,,,,,,,,,,,,,,,,,,,,,,,,,,,,,,,,,,,,,,,,,,,,,,,,,,,,,,,,,,,,,,,,,,,,,,,,,,,,,,,,
FABRICIO,MS-00219/2012,https://www.midiamax.com.br/politica/justica/2012/justica-proibe-divulgacao-de-pesquisa-em-tacuru,6270812000133,MS,98159,0,P,,1.0,,,,,,,,,,,,,,,,,,,,,,,,,,,,,,,,,,,,,,,,,,,,,,,,,,,,,,,,,,,,,,,,,,,,,,,,,,,,,,,,,,,,,,,
FABRICIO,MS-00220/2012,https://issuu.com/progresso/docs/rdig-50629394b4ca8577,6270812000133,MS,91430,1,P,1.0,,,Foroni,0.48,Tania Mara,0.35,,,,,,,,,,,,,,,,,,,,,,,,,,,,,,,,,,,,,,,,,,,,,,,,,,,,,,,,,,,,,,,,,,,,,,,,,,,,,,,,,,
FABRICIO,MS-00220/2012,https://issuu.com/progresso/docs/rdig-50653585049c0579,6270812000133,MS,91430,1,P,0.0,,,Foroni,0.47,Tania Mara,0.34,,,,,,,,,,,,,,,,,,,,,,,,,,,,,,,,,,,,,,,,,,,,,,,,,,,,,,,,,,,,,,,,,,,,,,,,,,,,,,,,,,
FABRICIO,MS-00299/2016,http://www.pordentrodoassuntoiguatemi.com.br/tacuru-pesquisa-aponta-carlinhos-como-novo-prefeito-de-tacuru-no-domingo/,6270812000133,MS,98159,1,P,1.0,,,Carlinhos,0.49,Paulo Melo,0.34,,,,,,,,,,,,,,,,,,,,,,,,,,,,,,,,,,,,,,,,,,,,,,,,,,,,,,,,,,,,,,,,,,,,,,,,,,,,,,,,,,
FABRICIO,MS-00299/2016,http://www.portalitudo.com/noticia/2324/tacuru-pesquisa-aponta-carlinhos-como-novo-prefeito-de-tacuru-no-domingo.html,6270812000133,MS,98159,1,P,1.0,,,Carlinhos,0.49,Paulo Melo,0.34,,,,,,,,,,,,,,,,,,,,,,,,,,,,,,,,,,,,,,,,,,,,,,,,,,,,,,,,,,,,,,,,,,,,,,,,,,,,,,,,,,
FABRICIO,MS-00302/2012,https://www.campograndenews.com.br/politica/pesquisa-aponta-lideranca-de-jose-de-oliveira-para-prefeitura-de-rio-verde,6270812000133,MS,91472,1,P,0.0,,,Jose de Oliveira,0.47,Mario Kruger,0.4325,Edson Batista,0.03,,,,,,,,,,,,,,,,,,,,,,,,,,,,,,,,,,,,,,,,,,,,,,,,,,,,,,,,,,,,,,,,,,,,,,,,,,,,,,,,
FABRICIO,MS-00302/2012,https://www.escavador.com/diarios/25070/TRT-22/J/2012-10-29,6270812000133,MS,91472,1,P,1.0,,,Jose de Oliveira,0.4725,Mario Kruger,0.4325,Edson Batista,0.03,,,,,,,,,,,,,,,,,,,,,,,,,,,,,,,,,,,,,,,,,,,,,,,,,,,,,,,,,,,,,,,,,,,,,,,,,,,,,,,,
FABRICIO,MS-00441/2016,https://issuu.com/vanderleiaguiar/docs/dms-16-09,10383383000188,MS,90735,1,P,0.0,,,Délia,0.304,Geraldo Resende,0.218,Renato Camara,0.111,,,,,,,,,,,,,,,,,,,,,,,,,,,,,,,,,,,,,,,,,,,,,,,,,,,,,,,,,,,,,,,,,,,,,,,,,,,,,,,,
FABRICIO,MS-00441/2016,https://www.folhadedourados.com.br/noticias/dourados/pesquisa-sensor-confirma-lideranca-de-delia-razuk,10383383000188,MS,90735,1,P,1.0,,,Délia,0.344,Geraldo Resende,0.261,Renato Camara,0.172,,,,,,,,,,,,,,,,,,,,,,,,,,,,,,,,,,,,,,,,,,,,,,,,,,,,,,,,,,,,,,,,,,,,,,,,,,,,,,,,
FABRICIO,MS-00441/2016,https://www.progresso.com.br/politica/pesquisa-aponta-delia-com-mais-de-8-de-vantagem-sobre-2-colocado/218251,10383383000188,MS,90735,1,P,1.0,,,Délia,0.344,Geraldo Resende,0.261,Renato Camara,0.172,,,,,,,,,,,,,,,,,,,,,,,,,,,,,,,,,,,,,,,,,,,,,,,,,,,,,,,,,,,,,,,,,,,,,,,,,,,,,,,,
FABRICIO,MS-00768/2016,http://www.edicaoms.com.br/imprimir/eleicoes-2016/confiante-no-resultado-das-urnas-aluizio-vota-no-maior-colegio-eleitoral-de-coxim,6270812000133,MS,90654,1,P,0.0,,,Aluizio,0.57,Ubirajara,0.23,Rubens Dantas,0.03,,,,,,,,,,,,,,,,,,,,,,,,,,,,,,,,,,,,,,,,,,,,,,,,,,,,,,,,,,,,,,,,,,,,,,,,,,,,,,,,
FABRICIO,MS-01024/2016,https://issuu.com/vanderleiaguiar/docs/dms-30-09_aab79deb08d419,10383383000188,MS,55000,1,P,1.0,,,Ariel,0.4375,Neto,0.44,,,,,,,,,,,,,,,,,,,,,,,,,,,,,,,,,,,,,,,,,,,,,,,,,,,,,,,,,,,,,,,,,,,,,,,,,,,,,,,,,,
FABRICIO,MS-01024/2016,https://issuu.com/vanderleiaguiar/docs/dms-30-09_aab79deb08d419,10383383000188,MS,55000,1,P,0.0,,,Ariel,0.4275,Neto,0.43,,,,,,,,,,,,,,,,,,,,,,,,,,,,,,,,,,,,,,,,,,,,,,,,,,,,,,,,,,,,,,,,,,,,,,,,,,,,,,,,,,
FABRICIO,MS-01843/2016,https://www.msnoticias.com.br/editorias/politica-mato-grosso-sul/chico-gimenez-decola-helio-peluffo-despenca-e-ludimar-novais/68786/,6270812000133,MS,91316,1,P,1.0,,,Chico Gimenez,0.255,Helio Peluffo,0.405,Ludmar Novaes,0.095,,,,,,,,,,,,,,,,,,,,,,,,,,,,,,,,,,,,,,,,,,,,,,,,,,,,,,,,,,,,,,,,,,,,,,,,,,,,,,,,
FABRICIO,MS-01843/2016,https://www.msnoticias.com.br/editorias/politica-mato-grosso-sul/chico-gimenez-decola-helio-peluffo-despenca-e-ludimar-novais/68786/,6270812000133,MS,91316,1,P,0.0,,,Chico Gimenez,0.1625,Helio Peluffo,0.2925,Ludmar Novaes,0.0725,,,,,,,,,,,,,,,,,,,,,,,,,,,,,,,,,,,,,,,,,,,,,,,,,,,,,,,,,,,,,,,,,,,,,,,,,,,,,,,,
FABRICIO,MS-02311/2016,https://fatimaemdia.com.br/noticia/21072/ilda-machado-lidera-com-51-8-a-intencao-de-votos-em-fatima-do-sul,10383383000188,MS,90751,1,P,1.0,,,Ilda Machado,0.518,Junior Vasconcelos,0.362,,,,,,,,,,,,,,,,,,,,,,,,,,,,,,,,,,,,,,,,,,,,,,,,,,,,,,,,,,,,,,,,,,,,,,,,,,,,,,,,,,
FABRICIO,MS-02488/2016,http://www.correiodecorumba.com.br/pdf/cc2796.pdf,6270812000133,MS,90638,1,P,1.0,,,Paulo Duarte,0.3294,Ruiter Cunha,0.3117,Elano,0.1588,,,,,,,,,,,,,,,,,,,,,,,,,,,,,,,,,,,,,,,,,,,,,,,,,,,,,,,,,,,,,,,,,,,,,,,,,,,,,,,,
FABRICIO,MS-02488/2016,https://www.campograndenews.com.br/politica/pesquisa-mostra-paulo-duarte-a-frente-na-disputa-pela-prefeitura-de-corumba,6270812000133,MS,90638,1,P,0.0,,,Paulo Duarte,0.1424,Ruiter Cunha,0.1159,Elano,0.0138,,,,,,,,,,,,,,,,,,,,,,,,,,,,,,,,,,,,,,,,,,,,,,,,,,,,,,,,,,,,,,,,,,,,,,,,,,,,,,,,
FABRICIO,MS-02928/2018,http://pdtms.org.br/site/odilon-continua-liderando-as-pesquisas-para-governador-de-ms/,6270812000133,MS,MS,1,G,1.0,,,Odilon de Oliveira,0.2729,Reinaldo Azambuja,0.1986,Simone Tebet,0.1229,Humberto Amaducci,0.0186,,,,,,,,,,,,,,,,,,,,,,,,,,,,,,,,,,,,,,,,,,,,,,,,,,,,,,,,,,,,,,,,,,,,,,,,,,,,,,
FABRICIO,MS-02928/2018,https://voxms.com.br/eleicoes-2018/ipr-tambem-mostra-o-crescimento-de-reinaldo/,6270812000133,MS,MS,1,G,1.0,,,Odilon de Oliveira,0.2729,Reinaldo Azambuja,0.1986,Simone Tebet,0.1229,Humberto Amaducci,0.0186,,,,,,,,,,,,,,,,,,,,,,,,,,,,,,,,,,,,,,,,,,,,,,,,,,,,,,,,,,,,,,,,,,,,,,,,,,,,,,
FABRICIO,MS-02928/2018,https://www.liderfmonline.com.br/odilon-continua-liderando-as-pesquisas-para-governador-de-ms/,6270812000133,MS,MS,1,G,1.0,,,Odilon de Oliveira,0.2729,Reinaldo Azambuja,0.1986,Simone Tebet,0.1229,Humberto Amaducci,0.0186,,,,,,,,,,,,,,,,,,,,,,,,,,,,,,,,,,,,,,,,,,,,,,,,,,,,,,,,,,,,,,,,,,,,,,,,,,,,,,
FABRICIO,MS-03262/2016,https://issuu.com/vanderleiaguiar/docs/dms-20-09,10383383000188,MS,90859,1,P,1.0,,,Dr Carlinhos,0.322,Dra Patricia,0.209,Ney,0.123,Tacuru,0.066,,,,,,,,,,,,,,,,,,,,,,,,,,,,,,,,,,,,,,,,,,,,,,,,,,,,,,,,,,,,,,,,,,,,,,,,,,,,,,
FABRICIO,MS-03639/2016,https://bocadopovonews.com.br/as-10-mais-147/,6270812000133,MS,91782,1,P,1.0,,,Walter Schlatter,0.3946,Joao Carlos Krug,0.4289,Professor Graciano,0.0122,,,,,,,,,,,,,,,,,,,,,,,,,,,,,,,,,,,,,,,,,,,,,,,,,,,,,,,,,,,,,,,,,,,,,,,,,,,,,,,,
FABRICIO,MS-03639/2016,https://www.campograndenews.com.br/politica/candidato-do-pmdb-reage-e-pesquisa-mostra-empate-tecnico-em-chapadao,6270812000133,MS,91782,1,P,1.0,,,Walter Schlatter,0.3946,Joao Carlos Krug,0.4289,Professor Graciano,0.0122,,,,,,,,,,,,,,,,,,,,,,,,,,,,,,,,,,,,,,,,,,,,,,,,,,,,,,,,,,,,,,,,,,,,,,,,,,,,,,,,
FABRICIO,MS-03639/2016,https://www.ocorreionews.com.br/chapadao-do-sul/krug-perde-o-favoritismo-e-schlatter-cresce-na-reta-de-chegada/,6270812000133,MS,91782,1,P,1.0,,,Walter Schlatter,0.3946,Joao Carlos Krug,0.4289,Professor Graciano,0.0122,,,,,,,,,,,,,,,,,,,,,,,,,,,,,,,,,,,,,,,,,,,,,,,,,,,,,,,,,,,,,,,,,,,,,,,,,,,,,,,,
FABRICIO,MS-03727/2016,https://issuu.com/vanderleiaguiar/docs/dms-20-09,10383383000188,MS,55042,1,P,1.0,,,Marcilio,0.645,Adilço,0.166,,,,,,,,,,,,,,,,,,,,,,,,,,,,,,,,,,,,,,,,,,,,,,,,,,,,,,,,,,,,,,,,,,,,,,,,,,,,,,,,,,
FABRICIO,MS-03727/2016,https://www.novanews.com.br/noticia/cidades/exprefeito-marcilio-lidera-pesquisa-em-novo-horizonte-do-sul,10383383000188,MS,55042,1,P,1.0,,,Marcilio,0.645,Adilço,0.166,,,,,,,,,,,,,,,,,,,,,,,,,,,,,,,,,,,,,,,,,,,,,,,,,,,,,,,,,,,,,,,,,,,,,,,,,,,,,,,,,,
FABRICIO,MS-03727/2016,https://www.novanews.com.br/noticias/cidades/exprefeito-marcilio-lidera-pesquisa-em-novo-horizonte-do-sul/imprimir,10383383000188,MS,55042,1,P,1.0,,,Marcilio,0.645,Adilço,0.166,,,,,,,,,,,,,,,,,,,,,,,,,,,,,,,,,,,,,,,,,,,,,,,,,,,,,,,,,,,,,,,,,,,,,,,,,,,,,,,,,,
FABRICIO,MS-03959/2016,https://issuu.com/vanderleiaguiar/docs/dms-30-09_aab79deb08d419,10383383000188,MS,55026,1,P,1.0,,,Luiz Brandão,0.511,Itamar Bilibio,0.419,,,,,,,,,,,,,,,,,,,,,,,,,,,,,,,,,,,,,,,,,,,,,,,,,,,,,,,,,,,,,,,,,,,,,,,,,,,,,,,,,,
FABRICIO,MS-04406/2018,https://oestadoms.websiteseguro.com/flip/16-05-2018/03.pdf,6270812000133,MS,MS,1,G,0.0,,,Odilon de Oliveira,0.0618,Reinaldo Azambuja,0.0349,Andre Puccineli,0.0524,,,,,,,,,,,,,,,,,,,,,,,,,,,,,,,,,,,,,,,,,,,,,,,,,,,,,,,,,,,,,,,,,,,,,,,,,,,,,,,,
FABRICIO,MS-04406/2018,https://www.msnoticias.com.br/editorias/politica-mato-grosso-sul/andre-comemora-pesquisa-e-nao-escolhe-adversario-para-2o-turno/79610/,6270812000133,MS,MS,1,G,0.0,,,Odilon de Oliveira,0.0618,Reinaldo Azambuja,0.0349,Andre Puccineli,0.0524,,,,,,,,,,,,,,,,,,,,,,,,,,,,,,,,,,,,,,,,,,,,,,,,,,,,,,,,,,,,,,,,,,,,,,,,,,,,,,,,
FABRICIO,MS-04794/2018,http://idest.com.br/noticias/politica/eleicoes-2018-pesquisa-ipr-aponta-empate-tecnico-entre-reinaldo-e-odilon,6270812000133,MS,MS,1,G,1.0,,,Odilon de Oliveira,0.2675,Reinaldo Azambuja,0.2533,Junior Mochi,0.0733,Humberto Amaducci,0.0258,Joao Alfredo,0.0133,,,,,,,,,,,,,,,,,,,,,,,,,,,,,,,,,,,,,,,,,,,,,,,,,,,,,,,,,,,,,,,,,,,,,,,,,,,,
FABRICIO,MS-04794/2018,http://www.correiodecorumba.com.br/?s=noticia&id=30643,6270812000133,MS,MS,1,G,1.0,,,Odilon de Oliveira,0.2675,Reinaldo Azambuja,0.2533,Junior Mochi,0.0733,Humberto Amaducci,0.0258,Joao Alfredo,0.0133,,,,,,,,,,,,,,,,,,,,,,,,,,,,,,,,,,,,,,,,,,,,,,,,,,,,,,,,,,,,,,,,,,,,,,,,,,,,
FABRICIO,MS-04794/2018,http://www.folharegionalms.com.br/2018/08/25/eleicoes-2018-pesquisa-ipr-aponta-empate-tecnico-entre-reinaldo-e-odilon/,6270812000133,MS,MS,1,G,1.0,,,Odilon de Oliveira,0.2675,Reinaldo Azambuja,0.2533,Junior Mochi,0.0733,Humberto Amaducci,0.0258,Joao Alfredo,0.0133,,,,,,,,,,,,,,,,,,,,,,,,,,,,,,,,,,,,,,,,,,,,,,,,,,,,,,,,,,,,,,,,,,,,,,,,,,,,
FABRICIO,MS-04794/2018,https://belavistamsnews.com.br/7192/,6270812000133,MS,MS,1,G,1.0,,,Odilon de Oliveira,0.2675,Reinaldo Azambuja,0.2533,Junior Mochi,0.0733,Humberto Amaducci,0.0258,Joao Alfredo,0.0133,,,,,,,,,,,,,,,,,,,,,,,,,,,,,,,,,,,,,,,,,,,,,,,,,,,,,,,,,,,,,,,,,,,,,,,,,,,,
FABRICIO,MS-04794/2018,https://bocadopovonews.com.br/o-povo-ja-decidiu-coronel-david-esta-entre-os-primeiros-em-pesquisa-para-deputado-estadual/,6270812000133,MS,MS,1,G,1.0,,,Odilon de Oliveira,0.2675,Reinaldo Azambuja,0.2533,Junior Mochi,0.0733,Humberto Amaducci,0.0258,Joao Alfredo,0.0133,,,,,,,,,,,,,,,,,,,,,,,,,,,,,,,,,,,,,,,,,,,,,,,,,,,,,,,,,,,,,,,,,,,,,,,,,,,,
FABRICIO,MS-04794/2018,https://voxms.com.br/eleicoes-2018/ipr-tambem-mostra-o-crescimento-de-reinaldo/,6270812000133,MS,MS,1,G,1.0,,,Odilon de Oliveira,0.2675,Reinaldo Azambuja,0.2533,Junior Mochi,0.0733,Humberto Amaducci,0.0258,Joao Alfredo,0.0133,,,,,,,,,,,,,,,,,,,,,,,,,,,,,,,,,,,,,,,,,,,,,,,,,,,,,,,,,,,,,,,,,,,,,,,,,,,,
FABRICIO,MS-04794/2018,https://www.jd1noticias.com/politica/pesquisa-impacto-mostra-empate-tecnico/55564/,6270812000133,MS,MS,1,G,1.0,,,Odilon de Oliveira,0.2675,Reinaldo Azambuja,0.2533,Junior Mochi,0.0733,Humberto Amaducci,0.0258,Joao Alfredo,0.0133,,,,,,,,,,,,,,,,,,,,,,,,,,,,,,,,,,,,,,,,,,,,,,,,,,,,,,,,,,,,,,,,,,,,,,,,,,,,
FABRICIO,MS-04794/2018,https://www.msnoticias.com.br/editorias/politica-mato-grosso-sul/polemica-nova-pesquisa-com-vantagem-de-odilon-contraria-ibope/81390/,6270812000133,MS,MS,1,G,0.0,,,Odilon de Oliveira,0.1625,Reinaldo Azambuja,0.1275,Junior Mochi,0.0217,,,,,,,,,,,,,,,,,,,,,,,,,,,,,,,,,,,,,,,,,,,,,,,,,,,,,,,,,,,,,,,,,,,,,,,,,,,,,,,,
FABRICIO,MS-04794/2018,https://www.ojacare.com.br/2018/08/25/outra-pesquisa-aponta-odilon-na-frente-e-disputa-acirrada-com-reinaldo/,6270812000133,MS,MS,1,G,1.0,,,Odilon de Oliveira,0.2675,Reinaldo Azambuja,0.2533,Junior Mochi,0.0733,Humberto Amaducci,0.0258,Joao Alfredo,0.0133,,,,,,,,,,,,,,,,,,,,,,,,,,,,,,,,,,,,,,,,,,,,,,,,,,,,,,,,,,,,,,,,,,,,,,,,,,,,
FABRICIO,MS-05710/2016,https://issuu.com/vanderleiaguiar/docs/dms-05-09,10383383000188,MS,91901,1,P,1.0,,,Marquinhos do Dedé,0.516,Cleber Dias,0.218,,,,,,,,,,,,,,,,,,,,,,,,,,,,,,,,,,,,,,,,,,,,,,,,,,,,,,,,,,,,,,,,,,,,,,,,,,,,,,,,,,
FABRICIO,MS-05710/2016,https://www.fatimanews.com.br/cidades/vicentina/equipe-sensor-de-pesquisa-do-diario-ms-e-fechada-e-impedida-de/177133/,10383383000188,MS,91901,1,P,0.0,,,Marquinhos do Dedé,0.456,Cleber Dias,0.187,,,,,,,,,,,,,,,,,,,,,,,,,,,,,,,,,,,,,,,,,,,,,,,,,,,,,,,,,,,,,,,,,,,,,,,,,,,,,,,,,,
FABRICIO,MS-05710/2016,https://www.fatimanews.com.br/cidades/vicentina/marquinhos-do-dede-lidera-pesquisa-com-ampla-vantagem-revela-sensor/177184/,10383383000188,MS,91901,1,P,1.0,,,Marquinhos do Dedé,0.516,Cleber Dias,0.218,,,,,,,,,,,,,,,,,,,,,,,,,,,,,,,,,,,,,,,,,,,,,,,,,,,,,,,,,,,,,,,,,,,,,,,,,,,,,,,,,,
FABRICIO,MS-05710/2016,https://www.msnews.com.br/noticia/56880/marquinhos-do-dede-lidera-pesquisa-com-ampla-vantagem-revela-sensor,10383383000188,MS,91901,1,P,0.0,,,Marquinhos do Dedé,0.456,Cleber Dias,0.187,,,,,,,,,,,,,,,,,,,,,,,,,,,,,,,,,,,,,,,,,,,,,,,,,,,,,,,,,,,,,,,,,,,,,,,,,,,,,,,,,,
FABRICIO,MS-06486/2016,https://issuu.com/jornaltribunapopular/docs/jornal_issuu_94a70823dd11e5,10383383000188,MS,90816,1,P,0.0,,,Jair Scapini,0.403,Nei Marçal,0.503,,,,,,,,,,,,,,,,,,,,,,,,,,,,,,,,,,,,,,,,,,,,,,,,,,,,,,,,,,,,,,,,,,,,,,,,,,,,,,,,,,
FABRICIO,MS-06486/2016,https://issuu.com/vanderleiaguiar/docs/dms-30-09,10383383000188,MS,90816,1,P,0.0,,,Jair Scapini,0.403,Nei Marçal,0.503,,,,,,,,,,,,,,,,,,,,,,,,,,,,,,,,,,,,,,,,,,,,,,,,,,,,,,,,,,,,,,,,,,,,,,,,,,,,,,,,,,
FABRICIO,MS-06486/2016,https://www.msnoticias.com.br/editorias/politica-mato-grosso-sul/guia-lopes-da-laguna-ney-marcal-tem-preferencia-do-eleitor/69035/,10383383000188,MS,90816,1,P,0.0,,,Jair Scapini,0.403,Nei Marçal,0.503,,,,,,,,,,,,,,,,,,,,,,,,,,,,,,,,,,,,,,,,,,,,,,,,,,,,,,,,,,,,,,,,,,,,,,,,,,,,,,,,,,
FABRICIO,MS-06747/2016,http://www.capitaldopantanal.com.br/geral/pesquisa-aponta-vitoria-de-paulo-duarte-com-9-pontos-de-diferenca/519993/,6270812000133,MS,90638,1,P,1.0,,,Paulo Duarte,0.4235,Ruiter Cunha,0.3382,Elano Holanda,0.1264,,,,,,,,,,,,,,,,,,,,,,,,,,,,,,,,,,,,,,,,,,,,,,,,,,,,,,,,,,,,,,,,,,,,,,,,,,,,,,,,
FABRICIO,MS-06747/2016,https://www.campograndenews.com.br/politica/em-corumba-paulo-duarte-vence-com-9-pontos-de-vantagem-diz-pesquisa,6270812000133,MS,90638,1,P,1.0,,,Paulo Duarte,0.4235,Ruiter Cunha,0.3382,Elano Holanda,0.1264,,,,,,,,,,,,,,,,,,,,,,,,,,,,,,,,,,,,,,,,,,,,,,,,,,,,,,,,,,,,,,,,,,,,,,,,,,,,,,,,
FABRICIO,MS-08358/2016,https://issuu.com/vanderleiaguiar/docs/dms-30-09_aab79deb08d419,10383383000188,MS,55042,1,P,1.0,,,Marcilio,0.677,Adilço,0.165,,,,,,,,,,,,,,,,,,,,,,,,,,,,,,,,,,,,,,,,,,,,,,,,,,,,,,,,,,,,,,,,,,,,,,,,,,,,,,,,,,
FABRICIO,MS-08358/2016,https://www.novanews.com.br/noticia/cidades/marcilio-continua-a-frente-na-disputa-pela-cadeira-do-executivo-em-novo-horizonte-do-sul,10383383000188,MS,55042,1,P,0.0,,,Marcilio,0.673,Adilço,0.165,,,,,,,,,,,,,,,,,,,,,,,,,,,,,,,,,,,,,,,,,,,,,,,,,,,,,,,,,,,,,,,,,,,,,,,,,,,,,,,,,,
FABRICIO,MS-08358/2016,https://www.novanews.com.br/noticias/cidades/marcilio-continua-a-frente-na-disputa-pela-cadeira-do-executivo-em-novo-horizonte-do-sul/imprimir,10383383000188,MS,55042,1,P,1.0,,,Marcilio,0.677,Adilço,0.165,,,,,,,,,,,,,,,,,,,,,,,,,,,,,,,,,,,,,,,,,,,,,,,,,,,,,,,,,,,,,,,,,,,,,,,,,,,,,,,,,,
FABRICIO,MS-08358/2016,https://www.novanews.com.br/noticias/cidades/marcilio-continua-a-frente-na-disputa-pela-cadeira-do-executivo-em-novo-horizonte-do-sul/imprimir,10383383000188,MS,55042,1,P,0.0,,,Marcilio,0.673,Adilço,0.165,,,,,,,,,,,,,,,,,,,,,,,,,,,,,,,,,,,,,,,,,,,,,,,,,,,,,,,,,,,,,,,,,,,,,,,,,,,,,,,,,,
FABRICIO,MS-08724/2016,https://issuu.com/vanderleiaguiar/docs/dms-15-09,6270812000133,MS,90816,1,P,0.0,,,Jair Scapini,0.4323,Nei Marçal,0.3529,,,,,,,,,,,,,,,,,,,,,,,,,,,,,,,,,,,,,,,,,,,,,,,,,,,,,,,,,,,,,,,,,,,,,,,,,,,,,,,,,,
FABRICIO,MS-08802/2016,http://www.entrevistanews.com.br/noticias/5999/Politicando.html,6270812000133,MS,90638,1,P,1.0,,,Paulo Duarte,0.4323,Ruiter Cunha,0.3058,Elano Holanda,0.1029,,,,,,,,,,,,,,,,,,,,,,,,,,,,,,,,,,,,,,,,,,,,,,,,,,,,,,,,,,,,,,,,,,,,,,,,,,,,,,,,
FABRICIO,MS-08802/2016,https://diarionline.com.br/?s=noticia&id=88253,6270812000133,MS,90638,1,P,1.0,,,Paulo Duarte,0.4323,Ruiter Cunha,0.3058,Elano Holanda,0.1029,,,,,,,,,,,,,,,,,,,,,,,,,,,,,,,,,,,,,,,,,,,,,,,,,,,,,,,,,,,,,,,,,,,,,,,,,,,,,,,,
FABRICIO,MS-08802/2016,https://www.campograndenews.com.br/politica/a-13-dias-da-eleicao-duarte-tem-12-pontos-a-frente-do-2o-colocado,6270812000133,MS,90638,1,P,1.0,,,Paulo Duarte,0.4323,Ruiter Cunha,0.3058,Elano Holanda,0.1029,,,,,,,,,,,,,,,,,,,,,,,,,,,,,,,,,,,,,,,,,,,,,,,,,,,,,,,,,,,,,,,,,,,,,,,,,,,,,,,,
FABRICIO,MT-00367/2012,https://noticias-barradogarcas.blogspot.com/2012/10/,11047803000118,MT,90352,1,P,0.0,,,Roberto Farias,0.321,Andréia,0.174,Daltinho,0.111,Ubaldino,0.105,Fernando Lira,0.021,,,,,,,,,,,,,,,,,,,,,,,,,,,,,,,,,,,,,,,,,,,,,,,,,,,,,,,,,,,,,,,,,,,,,,,,,,,,
FABRICIO,MT-00367/2012,https://noticias-barradogarcas.blogspot.com/2012/10/com-uma-frente-ampla-beto-farias.html,11047803000118,MT,90352,1,P,1.0,,,Roberto Farias,0.362,Andréia,0.202,Daltinho,0.136,Ubaldino,0.122,Fernando Lira,0.031,,,,,,,,,,,,,,,,,,,,,,,,,,,,,,,,,,,,,,,,,,,,,,,,,,,,,,,,,,,,,,,,,,,,,,,,,,,,
FABRICIO,MT-00683/2012,https://www.sonoticias.com.br/geral/juiz-do-tre-mantem-suspensa-pesquisa-de-instituto/,14931054000185,MT,90670,0,P,,1.0,,,,,,,,,,,,,,,,,,,,,,,,,,,,,,,,,,,,,,,,,,,,,,,,,,,,,,,,,,,,,,,,,,,,,,,,,,,,,,,,,,,,,,,
FABRICIO,MT-00684/2012,https://www.sonoticias.com.br/geral/juiz-do-tre-mantem-suspensa-pesquisa-de-instituto/,14931054000185,MT,90670,0,P,,1.0,,,,,,,,,,,,,,,,,,,,,,,,,,,,,,,,,,,,,,,,,,,,,,,,,,,,,,,,,,,,,,,,,,,,,,,,,,,,,,,,,,,,,,,
FABRICIO,PB-00006/2014,https://www.valenewspb.com/products/elei%C3%A7%C3%B5es-na-paraiba%3a-pesquisas-nem-sempre-mostram-a-realidade-e-podem-trazer-surpresas/,10828442000184,PB,PB,1,G,1.0,,,Cassio de Cunha Lima,0.39,Ricardo Coutinho,0.26,Veneziano Vital do Rego,0.1,,,,,,,,,,,,,,,,,,,,,,,,,,,,,,,,,,,,,,,,,,,,,,,,,,,,,,,,,,,,,,,,,,,,,,,,,,,,,,,,
FABRICIO,PB-00011/2014,http://portalczn.com.br/confira-os-numeros-da-pesquisa-multipla-para-governo-do-estado-da-paraiba/,10828442000184,PB,PB,1,G,1.0,,,Cassio de Cunha Lima,0.4015,Ricardo Coutinho,0.3021,Veneziano Vital do Rego,0.0924,,,,,,,,,,,,,,,,,,,,,,,,,,,,,,,,,,,,,,,,,,,,,,,,,,,,,,,,,,,,,,,,,,,,,,,,,,,,,,,,
FABRICIO,PB-00011/2014,http://www.palestinaonline.com/2014/06/nova-pesquisa-e-divulgada-para-o.html,10828442000184,PB,PB,1,G,1.0,,,Cassio de Cunha Lima,0.401,Ricardo Coutinho,0.302,Veneziano Vital do Rego,0.092,,,,,,,,,,,,,,,,,,,,,,,,,,,,,,,,,,,,,,,,,,,,,,,,,,,,,,,,,,,,,,,,,,,,,,,,,,,,,,,,
FABRICIO,PB-00011/2014,https://blogitabaiananoticias.blogspot.com/2014/06/multipla-rc-cresce-na-2-rodada-para.html,10828442000184,PB,PB,1,G,1.0,,,Cassio de Cunha Lima,0.4015,Ricardo Coutinho,0.3021,Veneziano Vital do Rego,0.0924,,,,,,,,,,,,,,,,,,,,,,,,,,,,,,,,,,,,,,,,,,,,,,,,,,,,,,,,,,,,,,,,,,,,,,,,,,,,,,,,
FABRICIO,PB-00011/2014,https://inga-cidadao.com/politica/pesquisa-multiplaparaiba-com-br-rc-cresce-na-2a-rodada-para-governador-confira-os-numeros,10828442000184,PB,PB,1,G,1.0,,,Cassio de Cunha Lima,0.4015,Ricardo Coutinho,0.3021,Veneziano Vital do Rego,0.0924,,,,,,,,,,,,,,,,,,,,,,,,,,,,,,,,,,,,,,,,,,,,,,,,,,,,,,,,,,,,,,,,,,,,,,,,,,,,,,,,
FABRICIO,PB-00011/2014,https://nilljunior.com.br/pesquisa-multipla-na-paraiba-cotinho-cresce-na-2a-rodada-para-governador/,10828442000184,PB,PB,1,G,1.0,,,Cassio de Cunha Lima,0.4015,Ricardo Coutinho,0.3021,Veneziano Vital do Rego,0.0924,,,,,,,,,,,,,,,,,,,,,,,,,,,,,,,,,,,,,,,,,,,,,,,,,,,,,,,,,,,,,,,,,,,,,,,,,,,,,,,,
FABRICIO,PB-00011/2014,https://revistasaomamede.blogspot.com/2014/06/confira-os-numeros-da-pesquisa.html,10828442000184,PB,PB,1,G,1.0,,,Cassio de Cunha Lima,0.4015,Ricardo Coutinho,0.3021,Veneziano Vital do Rego,0.0924,,,,,,,,,,,,,,,,,,,,,,,,,,,,,,,,,,,,,,,,,,,,,,,,,,,,,,,,,,,,,,,,,,,,,,,,,,,,,,,,
FABRICIO,PB-00011/2014,https://wwwdanielrodasblogspotcom.blogspot.com/2014/06/divulgada-nova-pesquisa-para-o-governo.html,10828442000184,PB,PB,1,G,1.0,,,Cassio de Cunha Lima,0.4015,Ricardo Coutinho,0.3021,Veneziano Vital do Rego,0.0924,,,,,,,,,,,,,,,,,,,,,,,,,,,,,,,,,,,,,,,,,,,,,,,,,,,,,,,,,,,,,,,,,,,,,,,,,,,,,,,,
FABRICIO,PE-00026/2014,https://faroldenoticias.com.br/multipla-augusto-e-manoel-santos-empatados-na-zona-rural-de-st-veja-corrida-na-cidade/,10828442000184,PE,PE,1,S,0.0,,,Joao Paulo,0.4066,Fernando Bezerra Coelho,0.2333,Simone Fontana,0.02,,,,,,,,,,,,,,,,,,,,,,,,,,,,,,,,,,,,,,,,,,,,,,,,,,,,,,,,,,,,,,,,,,,,,,,,,,,,,,,,
FABRICIO,PE-00026/2014,https://nilljunior.com.br/author/nilljunior/page/981/,10828442000184,PE,PE,1,S,0.0,,,Joao Paulo,0.4066,Fernando Bezerra Coelho,0.2333,Simone Fontana,0.02,,,,,,,,,,,,,,,,,,,,,,,,,,,,,,,,,,,,,,,,,,,,,,,,,,,,,,,,,,,,,,,,,,,,,,,,,,,,,,,,
FABRICIO,PE-00026/2014,https://nilljunior.com.br/governo-de-duque-tem-mais-gente-rejeitando-que-aprovando-atesta-multipla/,10828442000184,PE,PE,1,S,0.0,,,Joao Paulo,0.4066,Fernando Bezerra Coelho,0.2333,Simone Fontana,0.02,,,,,,,,,,,,,,,,,,,,,,,,,,,,,,,,,,,,,,,,,,,,,,,,,,,,,,,,,,,,,,,,,,,,,,,,,,,,,,,,
FABRICIO,PE-00026/2014,https://www.santacruz24h.com/2014/09/multipla-53-do-eleitorado-de-st-dizem.html,10828442000184,PE,PE,1,S,0.0,,,Joao Paulo,0.4066,Fernando Bezerra Coelho,0.2333,Simone Fontana,0.02,,,,,,,,,,,,,,,,,,,,,,,,,,,,,,,,,,,,,,,,,,,,,,,,,,,,,,,,,,,,,,,,,,,,,,,,,,,,,,,,
FABRICIO,PE-00037/2014,http://blogdofinfa.com.br/category/coluna-do-finfa/page/5,10828442000184,PE,PE,1,G,1.0,,,Armando,0.524,Paulo,0.33,,,,,,,,,,,,,,,,,,,,,,,,,,,,,,,,,,,,,,,,,,,,,,,,,,,,,,,,,,,,,,,,,,,,,,,,,,,,,,,,,,
FABRICIO,PE-00037/2014,http://www.marluscosta.com.br/no-pajeu-armando-tem-524-contra-33-de-paulo-camara/,10828442000184,PE,PE,1,G,1.0,,,Armando,0.524,Paulo,0.33,,,,,,,,,,,,,,,,,,,,,,,,,,,,,,,,,,,,,,,,,,,,,,,,,,,,,,,,,,,,,,,,,,,,,,,,,,,,,,,,,,
FABRICIO,PE-00037/2014,http://www.radiopajeu.com.br/portal/multipla-no-pajeu-armando-tem-524-contra-33-de-paulo-camara/,10828442000184,PE,PE,1,G,1.0,,,Armando,0.524,Paulo,0.33,,,,,,,,,,,,,,,,,,,,,,,,,,,,,,,,,,,,,,,,,,,,,,,,,,,,,,,,,,,,,,,,,,,,,,,,,,,,,,,,,,
FABRICIO,PE-00037/2014,https://nilljunior.com.br/category/noticias/page/1232/,10828442000184,PE,PE,1,G,1.0,,,Armando,0.524,Paulo,0.33,,,,,,,,,,,,,,,,,,,,,,,,,,,,,,,,,,,,,,,,,,,,,,,,,,,,,,,,,,,,,,,,,,,,,,,,,,,,,,,,,,
FABRICIO,PE-00037/2014,https://nilljunior.com.br/o-multipla-tambem-separou-os-dados-por-mesorregiao-para-mostrar-como-estao-os-candidatos-na-corrida-estadual-no-alto-medio-e-baixo-pajeu/,10828442000184,PE,PE,1,G,1.0,,,Armando,0.524,Paulo,0.33,,,,,,,,,,,,,,,,,,,,,,,,,,,,,,,,,,,,,,,,,,,,,,,,,,,,,,,,,,,,,,,,,,,,,,,,,,,,,,,,,,
FABRICIO,PE-00037/2014,https://www.radiopajeu.com.br/portal/no-pajeu-dilma-tem-mais-votos-que-marina-atesta-multipla/,10828442000184,PE,PE,1,G,1.0,,,Armando,0.524,Paulo,0.33,,,,,,,,,,,,,,,,,,,,,,,,,,,,,,,,,,,,,,,,,,,,,,,,,,,,,,,,,,,,,,,,,,,,,,,,,,,,,,,,,,
FABRICIO,PE-00040/2012,http://www.alvinhopatriota.com.br/info/ipec.pdf,10828442000184,PE,23019,1,P,1.0,,,Giza Simoes,0.56,Jose Patriota,0.3,,,,,,,,,,,,,,,,,,,,,,,,,,,,,,,,,,,,,,,,,,,,,,,,,,,,,,,,,,,,,,,,,,,,,,,,,,,,,,,,,,
FABRICIO,PE-00040/2012,https://faroldenoticias.com.br/farol-fecha-parceria-com-o-ipec-de-arcoverde-e-divulga-mais-uma-corrida-eleitoral-em-st-nesta-3a/,10828442000184,PE,23019,1,P,1.0,,,Giza Simoes,0.56,Jose Patriota,0.3,,,,,,,,,,,,,,,,,,,,,,,,,,,,,,,,,,,,,,,,,,,,,,,,,,,,,,,,,,,,,,,,,,,,,,,,,,,,,,,,,,
FABRICIO,PE-00040/2012,https://faroldenoticias.com.br/segundo-ipec-luciano-tem-56-das-intencoes-de-voto-victor-oliveira-30-e-otoni-cantarelli-3/,10828442000184,PE,23019,1,P,1.0,,,Giza Simoes,0.56,Jose Patriota,0.3,,,,,,,,,,,,,,,,,,,,,,,,,,,,,,,,,,,,,,,,,,,,,,,,,,,,,,,,,,,,,,,,,,,,,,,,,,,,,,,,,,
FABRICIO,PE-00040/2012,https://www.carlosbritto.com/giza-simoes-lidera-preferencia-do-eleitor-de-afogados-da-ingazeira-aponta-pesquisa/,10828442000184,PE,23019,1,P,1.0,,,Giza Simoes,0.56,Jose Patriota,0.3,,,,,,,,,,,,,,,,,,,,,,,,,,,,,,,,,,,,,,,,,,,,,,,,,,,,,,,,,,,,,,,,,,,,,,,,,,,,,,,,,,
FABRICIO,PE-00042/2012,http://www.blogtvwebsertao.com.br/2012_07_11_archive.html,10828442000184,PE,25771,1,P,0.0,,,Sebá,0.23,Luciano,0.22,Carlos Evandro,0.03,GENI PEREIRA,1.0,DR. FONSECA,1.0,,,,,,,,,,,,,,,,,,,,,,,,,,,,,,,,,,,,,,,,,,,,,,,,,,,,,,,,,,,,,,,,,,,,,,,,,,,,
FABRICIO,PE-00042/2012,https://faroldenoticias.com.br/38-a-35-pesquisa-revela-empate-tecnico-entre-luciano-e-sebastiao/,10828442000184,PE,25771,1,P,1.0,,,Sebá,0.38,Luciano,0.35,,,,,,,,,,,,,,,,,,,,,,,,,,,,,,,,,,,,,,,,,,,,,,,,,,,,,,,,,,,,,,,,,,,,,,,,,,,,,,,,,,
FABRICIO,PE-00044/2012,https://faroldenoticias.com.br/segundo-ipec-luciano-tem-56-das-intencoes-de-voto-victor-oliveira-30-e-otoni-cantarelli-3/,10828442000184,PE,23230,1,P,1.0,,,Luciano Duque,0.56,Victor Oliveira,0.3,Otoni Cantarelli,0.03,,,,,,,,,,,,,,,,,,,,,,,,,,,,,,,,,,,,,,,,,,,,,,,,,,,,,,,,,,,,,,,,,,,,,,,,,,,,,,,,
FABRICIO,PE-00048/2012,http://www.blogtvwebsertao.com.br/2012_07_18_archive.html,10828442000184,PE,25712,1,P,0.0,,,Eclerinston,0.34,Romério,0.25,EVANDRO VALADARES,0.04,,,,,,,,,,,,,,,,,,,,,,,,,,,,,,,,,,,,,,,,,,,,,,,,,,,,,,,,,,,,,,,,,,,,,,,,,,,,,,,,
FABRICIO,PE-00048/2012,http://www.blogtvwebsertao.com.br/2012/07/sao-jose-do-egito-eclerinston-lidera.html,10828442000184,PE,25712,1,P,1.0,,,Eclerinston,0.44,Romério,0.35,Benone Leão,0.01,,,,,,,,,,,,,,,,,,,,,,,,,,,,,,,,,,,,,,,,,,,,,,,,,,,,,,,,,,,,,,,,,,,,,,,,,,,,,,,,
FABRICIO,PE-00069/2012,http://www.blogtvwebsertao.com.br/2012_08_17_archive.html,10828442000184,PE,23779,1,P,0.0,,,Zé Mario,0.48,ANCHIETA PATRIOTA,0.1,IONE FRANCISCO,0.05,DIOGENES,1.0,DIDI,1.0,,,,,,,,,,,,,,,,,,,,,,,,,,,,,,,,,,,,,,,,,,,,,,,,,,,,,,,,,,,,,,,,,,,,,,,,,,,,
FABRICIO,PE-00069/2012,http://www.blogtvwebsertao.com.br/2012/08/multipla-em-carnaiba-ze-mario-tem-64.html,10828442000184,PE,23779,1,P,1.0,,,Zé Mario,0.64,Ione Francisco,0.08,Diógenes,0.02,,,,,,,,,,,,,,,,,,,,,,,,,,,,,,,,,,,,,,,,,,,,,,,,,,,,,,,,,,,,,,,,,,,,,,,,,,,,,,,,
FABRICIO,PE-00127/2012,https://arcoverdedetodos.blogspot.com/2012/09/pesquisa-sabado-tem-novos-numeros-da.html,10828442000184,PE,23230,1,P,1.0,,,Zeca Madalena Britto,0.77,Israel Guerra,0.18,,,,,,,,,,,,,,,,,,,,,,,,,,,,,,,,,,,,,,,,,,,,,,,,,,,,,,,,,,,,,,,,,,,,,,,,,,,,,,,,,,
FABRICIO,PE-00150/2012,https://blogtabiraemtempo.blogspot.com/2012/09/sanharo-fernandinho-lidera-com-folga.html,10828442000184,PE,25470,1,P,1.0,,,Fernandinho,0.68,Nelbinho,0.19,,,,,,,,,,,,,,,,,,,,,,,,,,,,,,,,,,,,,,,,,,,,,,,,,,,,,,,,,,,,,,,,,,,,,,,,,,,,,,,,,,
FABRICIO,PE-00151/2012,http://www.mariomartins.blog.br/2012/09/,10828442000184,PE,23019,1,P,0.0,,,PATRIOTA,0.46,GIZA,0.36,,,,,,,,,,,,,,,,,,,,,,,,,,,,,,,,,,,,,,,,,,,,,,,,,,,,,,,,,,,,,,,,,,,,,,,,,,,,,,,,,,
FABRICIO,PE-00151/2012,https://amaioremocaodavida.blogspot.com/2012/09/blog-nill-junior-e-multipla-divulgam.html,10828442000184,PE,23019,1,P,1.0,,,José Patriota,0.51,Giza Simoes,0.38,,,,,,,,,,,,,,,,,,,,,,,,,,,,,,,,,,,,,,,,,,,,,,,,,,,,,,,,,,,,,,,,,,,,,,,,,,,,,,,,,,
FABRICIO,PE-00162/2012,https://arcoverdedetodos.blogspot.com/2012/09/os-convenientes-fantasmas-das-pesquisas.html,10828442000184,PE,25810,1,P,1.0,,,Guga Linz,0.52,Cleide Ferreira,0.4,,,,,,,,,,,,,,,,,,,,,,,,,,,,,,,,,,,,,,,,,,,,,,,,,,,,,,,,,,,,,,,,,,,,,,,,,,,,,,,,,,
FABRICIO,PE-00162/2012,https://pajeuligado.blogspot.com/2012/09/,10828442000184,PE,25810,1,P,0.0,,,Guga Linz,0.51,CLEIDE FERREIRA,0.39,,,,,,,,,,,,,,,,,,,,,,,,,,,,,,,,,,,,,,,,,,,,,,,,,,,,,,,,,,,,,,,,,,,,,,,,,,,,,,,,,,
FABRICIO,PE-00164/2012,https://opiniaotriunfodigital.blogspot.com/2012/09/luciano-passa-sebastiao-oliveira-e.html,10828442000184,PE,25771,1,P,1.0,,,Luciano Duque,0.45,Sebastiao Oliveira,0.38,,,,,,,,,,,,,,,,,,,,,,,,,,,,,,,,,,,,,,,,,,,,,,,,,,,,,,,,,,,,,,,,,,,,,,,,,,,,,,,,,,
FABRICIO,PE-00165/2012,https://pajeuligado.blogspot.com/2012/09/,10828442000184,PE,24414,1,P,1.0,,,Luciano Torres,0.7,Zé Veras,0.2,,,,,,,,,,,,,,,,,,,,,,,,,,,,,,,,,,,,,,,,,,,,,,,,,,,,,,,,,,,,,,,,,,,,,,,,,,,,,,,,,,
FABRICIO,PE-00234/2012,https://www.blogfalandofrancamente.com/2012/10/guga-lins-lidera-corrida-sucessoria-em.html,10828442000184,PE,25810,1,P,,,,Guga Lins,0.49,Cleide Ferreira,0.44,,,,,,,,,,,,,,,,,,,,,,,,,,,,,,,,,,,,,,,,,,,,,,,,,,,,,,,,,,,,,,,,,,,,,,,,,,,,,,,,,,
FABRICIO,PE-01575/2016,http://osecretariodopovo.com/pesquisa-mostra-maior-rejeicao-para-sebastiao-dias-em-tabira/,10828442000184,PE,25917,1,P,1.0,,,Josete Amaral,0.36,Nicinha,0.32,Sebastiao Dias,0.148,,,,,,,,,,,,,,,,,,,,,,,,,,,,,,,,,,,,,,,,,,,,,,,,,,,,,,,,,,,,,,,,,,,,,,,,,,,,,,,,
FABRICIO,PE-01575/2016,http://www.iguaracynews.com.br/2016/05/tabira-josete-tem-36-nicinha-32-e.html,10828442000184,PE,25917,1,P,1.0,,,Nicinha,0.332,Edgley Freitas,0.24,Sebastiao Dias,0.22,,,,,,,,,,,,,,,,,,,,,,,,,,,,,,,,,,,,,,,,,,,,,,,,,,,,,,,,,,,,,,,,,,,,,,,,,,,,,,,,
FABRICIO,PE-01575/2016,https://nilljunior.com.br/apoio-de-dinca-tem-mais-peso-que-o-de-josete-em-tabira-segundo-multipla/,10828442000184,PE,25917,1,P,1.0,,,Nicinha,0.376,Sebastiao Dias,0.228,Edmundo Barros,0.128,,,,,,,,,,,,,,,,,,,,,,,,,,,,,,,,,,,,,,,,,,,,,,,,,,,,,,,,,,,,,,,,,,,,,,,,,,,,,,,,
FABRICIO,PE-01575/2016,https://nilljunior.com.br/pesquisa-sobre-sucessao-sai-hoje-em-tabira/,10828442000184,PE,25917,1,P,0.0,,,Dinca Brandino,0.204,Sebastiao Dias,0.112,Nicinha,0.068,Josete Amaral,0.056,Sebastiao Ribeiro,0.048,Edgley Freitas,0.04,Zé de Birra,0.028,,,,,,,,,,,,,,,,,,,,,,,,,,,,,,,,,,,,,,,,,,,,,,,,,,,,,,,,,,,,,,,,,,,,,,,,
FABRICIO,PE-03556/2016,https://www.adeildoalves.com.br/2016/06/,10828442000184,PE,25771,1,P,0.0,,,Luciano Duque,0.34,Sebastiao Oliveira,0.079,Dr Nena,0.043,Dr Fonseca,0.04,Dantas,0.04,Carlos Evandro,0.033,,,,,,,,,,,,,,,,,,,,,,,,,,,,,,,,,,,,,,,,,,,,,,,,,,,,,,,,,,,,,,,,,,,,,,,,,,
FABRICIO,PE-03556/2016,https://www.adeildoalves.com.br/2016/06/a-dois-meses-da-campanha-eleitoral.html,10828442000184,PE,25771,1,P,1.0,,,Luciano Duque,0.423,Dr Nena,0.233,Dr Fonseca,0.143,Dantas,0.117,,,,,,,,,,,,,,,,,,,,,,,,,,,,,,,,,,,,,,,,,,,,,,,,,,,,,,,,,,,,,,,,,,,,,,,,,,,,,,
FABRICIO,PE-06081/2016,http://joseliamaria.com/2016/04/em-petrolina-adalberto-cavalcanti-sai-na-frente-na-pesquisa-do-instituto-multipla-veja-os-numeros/,10828442000184,PE,25216,1,P,0.0,,,Adalberto Cavalcanti,0.16,Fernando Filho,0.0375,Odacy Amorim,0.1075,Julio Lossio,0.0975,Miguel Coelho,0.0175,,,,,,,,,,,,,,,,,,,,,,,,,,,,,,,,,,,,,,,,,,,,,,,,,,,,,,,,,,,,,,,,,,,,,,,,,,,,
PEDRO,PE-06081/2016,http://joseliamaria.com/2016/04/em-petrolina-adalberto-cavalcanti-sai-na-frente-na-pesquisa-do-instituto-multipla-veja-os-numeros/,10828442000184,PE,25216,1,P,1.0,,,ADALBERTO CAVALCANTI,35.75,CANDIDATO DO PREFEITO JULIO LOSSIO,8.0,FERNANDO FILHO,22.75,ODACY AMORIM,26.75,,,,,,,,,,,,,,,,,,,,,,,,,,,,,,,,,,,,,,,,,,,,,,,,,,,,,,,,,,,,,,,,,,,,,,,,,,,,,,
PEDRO,PE-06081/2016,http://joseliamaria.com/2016/04/em-petrolina-adalberto-cavalcanti-sai-na-frente-na-pesquisa-do-instituto-multipla-veja-os-numeros/,10828442000184,PE,25216,1,P,1.0,,,ADALBERTO CAVALCANTI,35.5,CANDIDATO DO PREFEITO JULIO LOSSIO,8.5,GONZAGA PATRIOTA,18.0,ODACY AMORIM,28.5,ROSALVO ANTONIO,1.0,,,,,,,,,,,,,,,,,,,,,,,,,,,,,,,,,,,,,,,,,,,,,,,,,,,,,,,,,,,,,,,,,,,,,,,,,,,,
PEDRO,PE-06081/2016,http://joseliamaria.com/2016/04/em-petrolina-adalberto-cavalcanti-sai-na-frente-na-pesquisa-do-instituto-multipla-veja-os-numeros/,10828442000184,PE,25216,1,P,1.0,,,ADALBERTO CAVALCANTI,35.5,CANDIDATO DO PREFEITO JULIO LOSSIO,10.25,ODACY AMORIM,29.0,MIGUEL COELHO,16.0,ROSALVO ANTONIO,1.5,,,,,,,,,,,,,,,,,,,,,,,,,,,,,,,,,,,,,,,,,,,,,,,,,,,,,,,,,,,,,,,,,,,,,,,,,,,,
PEDRO,PE-06081/2016,http://joseliamaria.com/2016/04/em-petrolina-adalberto-cavalcanti-sai-na-frente-na-pesquisa-do-instituto-multipla-veja-os-numeros/,10828442000184,PE,25216,1,P,1.0,,,ADALBERTO CAVALCANTI,38.5,CANDIDATO DO PREFEITO JULIO LOSSIO,10.5,LUCAS RAMOS,6.75,ODACY AMORIM,34.0,ROSALVO ANTONIO,1.25,,,,,,,,,,,,,,,,,,,,,,,,,,,,,,,,,,,,,,,,,,,,,,,,,,,,,,,,,,,,,,,,,,,,,,,,,,,,
PEDRO,PE-06379/2016,https://faroldenoticias.com.br/na-disputa-a-camara-municipal-quase-50-ainda-nao-sabem-em-votar-em-st-confira-ranking-dos-17-primeiros/,10828442000184,PE,25771,1,V,0.0,,,DEDINHA INACIO,4.66,ZE RAIMUNDO,3.66,AGENOR MELO,3.0,ANTONIO RODRIGUES,3.0,ALICE DE IZIVALDO,2.66,MANOEL ENFERMEIRO,2.0,PINHEIRO,1.66,RONALDO DE DEJA,1.66,JAIME INACIO,1.33,GIM CLECIO,1.33,GILSON PEREIRA,1.33,ANDRE MAIA,1.33,ANTONIO DE ANTENOR,1.33,NAILSON GOMES,1.0,RAFAEL,1.0,EDMUNDO GAYA,1.0,PERSIVAL GOMES,1.0,,,,,,,,,,,,,,,,,,,,,,,,,,,,,,,,,,,,,,,,,,,,,,,,,,,,
FABRICIO,PE-06379/2016,http://blogmarcosmontinely.com.br/blog/2016/07/29/serra-talhada-luciano-duque-segue-na-lideranca-com-51-3-victor-oliveira-18-3-dr-nena-19-3/,10828442000184,PE,25771,1,P,1.0,,,Luciano Duque,0.513,Victor Oliveira,0.183,Dr Nena,0.193,ARI AMORIM,1.3,,,,,,,,,,,,,,,,,,,,,,,,,,,,,,,,,,,,,,,,,,,,,,,,,,,,,,,,,,,,,,,,,,,,,,,,,,,,,,
FABRICIO,PE-06379/2016,https://faroldenoticias.com.br/governo-luciano-duque-e-vereadores-de-serra-talhada-sao-aprovados-pela-populacao-confira-os-numeros/,10828442000184,PE,25771,1,P,0.0,,,Luciano Duque,0.37,Victor Oliveira,0.093,Sebastiao Oliveira,0.03,Carlos Evandro,0.027,Dr Nena,0.02,Dantas,0.017,Dr Fonseca,0.01,,,,,,,,,,,,,,,,,,,,,,,,,,,,,,,,,,,,,,,,,,,,,,,,,,,,,,,,,,,,,,,,,,,,,,,,
FABRICIO,PE-06435/2016,http://www.radiopajeu.com.br/portal/sertania-veja-dados-para-a-camara-de-vereadores/,10828442000184,PE,25810,1,V,0.0,,,Magaly,0.0714,Rita,0.0428,Washington Passos,0.04,Rocha,0.0371,Damiao Silva,0.0342,Vando,0.0342,Vino Veras,0.0342,Zuza do Padre,0.0314,Mundico,0.0285,Zé Francisco,0.0285,Fabiano de Zé,0.0228,Dr Orestes,0.0228,Fiapo,0.02,Geraldo Rodrigues,0.02,Sandro Capitao,0.0171,,,,,,,,,,,,,,,,,,,,,,,,,,,,,,,,,,,,,,,,,,,,,,,,,,,,,,,,
PEDRO,PE-06435/2016,https://nilljunior.com.br/sertania-angelo-mantem-lideranca-em-ultimo-levantamento/,10828442000184,PE,25810,1,P,1.0,,,ANGELO FERREIRA,54.3,GUGA LINS,34.3,JULIO CESAR,2.3,,,,,,,,,,,,,,,,,,,,,,,,,,,,,,,,,,,,,,,,,,,,,,,,,,,,,,,,,,,,,,,,,,,,,,,,,,,,,,,,
PEDRO,PE-06435/2016,https://nilljunior.com.br/sertania-angelo-mantem-lideranca-em-ultimo-levantamento/,10828442000184,PE,25810,1,P,0.0,,,ANGELO FERREIRA,52.6,GUGA LINS,33.7,,,,,,,,,,,,,,,,,,,,,,,,,,,,,,,,,,,,,,,,,,,,,,,,,,,,,,,,,,,,,,,,,,,,,,,,,,,,,,,,,,
PEDRO,PE-07810/2016,https://faroldenoticias.com.br/faltando-uma-semana-para-o-inicio-da-campanha-ranking-de-vereadores-apresenta-mudancas-confira/,10828442000184,PE,25771,1,V,0.0,,,MANOEL ENFERMEIRO,0.046,AGENOR DE MELO,0.04,ZE RAIMUNDO,3.6,DEDINHA INACIO,3.3,ANTONIO RODRIGUES,3.0,JAIME INACIO,2.0,EDMUNDO GAIA,2.0,SINEZIO RODRIGUES,2.0,MARCOS OLIVEIRA,1.6,PINHEIRO,1.6,ROMERO DO CARRO DE SOM,1.6,GILSON PEREIRA,1.6,VERA GAMA,1.3,ALICE CONRADO,1.3,ANTONIO DE ANTENOR,1.3,,,,,,,,,,,,,,,,,,,,,,,,,,,,,,,,,,,,,,,,,,,,,,,,,,,,,,,,
FABRICIO,PE-07810/2016,https://faroldenoticias.com.br/segundo-multipla-luciano-duque-e-victor-oliveira-apresentam-crescimento-nas-intencoes-de-voto-para-prefeito/,10828442000184,PE,25771,1,P,1.0,,,Luciano Duque,0.623,Victor Oliveira,0.213,Otoni Cantareli,0.013,,,,,,,,,,,,,,,,,,,,,,,,,,,,,,,,,,,,,,,,,,,,,,,,,,,,,,,,,,,,,,,,,,,,,,,,,,,,,,,,
PEDRO,PE-07810/2016,https://ferreiracampos1.blogspot.com/2016/08/,10828442000184,PE,25771,1,P,0.0,,,DUQUE,0.413,Victor Oliveira,0.11,,,,,,,,,,,,,,,,,,,,,,,,,,,,,,,,,,,,,,,,,,,,,,,,,,,,,,,,,,,,,,,,,,,,,,,,,,,,,,,,,,
FABRICIO,PE-07870/2016,http://blogdofinfa.com.br/2016/06/serra-talhada-luciano-duque-50-nena-17-dantas-13-e-victor-7-diz-instituto-multipla.html,10828442000184,PE,25771,1,P,1.0,,,Luciano Duque,0.5,Dr Nena,0.17,Marquinhos Dantas,0.137,Victor Oliveira,0.07,ARI AMORIM,1.0,,,,,,,,,,,,,,,,,,,,,,,,,,,,,,,,,,,,,,,,,,,,,,,,,,,,,,,,,,,,,,,,,,,,,,,,,,,,
FABRICIO,PE-07870/2016,http://blogdofinfa.com.br/2016/06/serra-talhada-luciano-duque-50-nena-17-dantas-13-e-victor-7-diz-instituto-multipla.html,10828442000184,PE,25771,1,P,0.0,,,Luciano Duque,0.38,Sebastiao Oliveira,0.063,Marquinhos Dantas,0.043,Dr Nena,0.04,Carlos Evandro,0.033,Dr Fonseca,0.03,Victor Oliveira,0.02,,,,,,,,,,,,,,,,,,,,,,,,,,,,,,,,,,,,,,,,,,,,,,,,,,,,,,,,,,,,,,,,,,,,,,,,
FABRICIO,PE-08425/2016,http://blogdofinfa.com.br/2016/08/angelo-larga-na-frente-contra-guga-e-julio.html,10828442000184,PE,25810,1,P,1.0,,,Angelo Ferreira,0.56,Guga Lins,0.333,Julio Cezar Leite,0.04,,,,,,,,,,,,,,,,,,,,,,,,,,,,,,,,,,,,,,,,,,,,,,,,,,,,,,,,,,,,,,,,,,,,,,,,,,,,,,,,
FABRICIO,PE-08425/2016,http://blogdofinfa.com.br/tag/sertania/page/9,10828442000184,PE,25810,1,P,0.0,,,Angelo Ferreira,0.437,Guga Lins,0.31,Julio Cezar Leite,0.023,,,,,,,,,,,,,,,,,,,,,,,,,,,,,,,,,,,,,,,,,,,,,,,,,,,,,,,,,,,,,,,,,,,,,,,,,,,,,,,,
PEDRO,PE-08608/2016,http://joseliamaria.com/2016/06/adalberto-cavalcanti-ptb-lidera-intencoes-de-voto-em-petrolina-na-primeira-avaliacao-do-instituto-multipla/,10828442000184,PE,25216,1,P,1.0,,,ADALBERTO CAVALCANTI,0.348,ODACY AMORIM,0.294,MIGUEL COELHO,14.2,GUILHERME COELHO,8.2,PERPETUA RODRIGUES,1.6,,,,,,,,,,,,,,,,,,,,,,,,,,,,,,,,,,,,,,,,,,,,,,,,,,,,,,,,,,,,,,,,,,,,,,,,,,,,
PEDRO,PE-08608/2016,http://joseliamaria.com/2016/06/adalberto-cavalcanti-ptb-lidera-intencoes-de-voto-em-petrolina-na-primeira-avaliacao-do-instituto-multipla/,10828442000184,PE,25216,1,P,1.0,,,ADALBERTO CAVALCANTI,0.32,ODACY AMORIM,0.28,MIGUEL COELHO,14.4,CANDIDATO DO PREFEITO JULIO LOSSIO,13.2,PERPETUA RODRIGUES,1.0,,,,,,,,,,,,,,,,,,,,,,,,,,,,,,,,,,,,,,,,,,,,,,,,,,,,,,,,,,,,,,,,,,,,,,,,,,,,
PEDRO,PE-08608/2016,http://joseliamaria.com/2016/06/adalberto-cavalcanti-ptb-lidera-intencoes-de-voto-em-petrolina-na-primeira-avaliacao-do-instituto-multipla/,10828442000184,PE,25216,1,P,0.0,,,ADALBERTO CAVALCANTI,16.8,JULIO LOSSIO,8.2,ODACY AMORIM,7.8,MIGUEL COELHO,4.2,GONZAGA PATRIOTA,1.2,CORONEL LEITE,1.0,FERNANDO FILHO,1.0,GUILHERME COELHO,1.0,,,,,,,,,,,,,,,,,,,,,,,,,,,,,,,,,,,,,,,,,,,,,,,,,,,,,,,,,,,,,,,,,,,,,,
PEDRO,PR-00004/2012,http://compras.dados.gov.br/licitacoes/v1/licitacoes?uasg=160113,10175063000132,PR,77771,0,,,,,,,,,,,,,,,,,,,,,,,,,,,,,,,,,,,,,,,,,,,,,,,,,,,,,,,,,,,,,,,,,,,,,,,,,,,,,,,,,,,,,,,,,,
PEDRO,PR-00005/2012,http://compras.dados.gov.br/licitacoes/v1/licitacoes?uasg=160113,10175063000132,PR,75221,0,,,,,,,,,,,,,,,,,,,,,,,,,,,,,,,,,,,,,,,,,,,,,,,,,,,,,,,,,,,,,,,,,,,,,,,,,,,,,,,,,,,,,,,,,,
PEDRO,PR-00006/2012,http://transparencia.mprs.mp.br/publicacao_anual/rol_documentos/desclassificados/2017/2/,10175063000132,PR,77453,0,,,,,,,,,,,,,,,,,,,,,,,,,,,,,,,,,,,,,,,,,,,,,,,,,,,,,,,,,,,,,,,,,,,,,,,,,,,,,,,,,,,,,,,,,,
PEDRO,PR-00016/2012,https://gemeditora.blogspot.com/2012/,13456969000113,PR,75590,1,V,0.0,,,EMERSON PASTRI,17.11,NELIA LEONI,9.9,EMERSON SETE,8.1,VALDOMIR VICHET,7.2,ANGELINA,7.2,MARCIA,7.2,GUSTAVO MARCOS,6.3,JOAO JULIO,6.3,ISMAEL,5.4,MARIA ANTONIA,5.4,TIAO DA VILA,5.4,JOSE LUIZ,4.5,GOIABA,3.6,CARLAO,2.7,ROGERIO,1.8,,,,,,,,,,,,,,,,,,,,,,,,,,,,,,,,,,,,,,,,,,,,,,,,,,,,,,,,
PEDRO,PR-00016/2012,https://gemeditora.blogspot.com/2012/,13456969000113,PR,75590,1,P,1.0,,,AFONSO,39.6,MEIRE,41.0,,,,,,,,,,,,,,,,,,,,,,,,,,,,,,,,,,,,,,,,,,,,,,,,,,,,,,,,,,,,,,,,,,,,,,,,,,,,,,,,,,
PEDRO,PR-00019/2012,http://transparencia.mprs.mp.br/publicacao_anual/rol_documentos/classificados/2014/1/,13456969000113,PR,76910,0,,,,,,,,,,,,,,,,,,,,,,,,,,,,,,,,,,,,,,,,,,,,,,,,,,,,,,,,,,,,,,,,,,,,,,,,,,,,,,,,,,,,,,,,,,
PEDRO,PR-00023/2012,http://livrozilla.com/doc/417951/exemplar-de-assinante-da-imprensa-nacional,13456969000113,PR,74128,0,,,,,,,,,,,,,,,,,,,,,,,,,,,,,,,,,,,,,,,,,,,,,,,,,,,,,,,,,,,,,,,,,,,,,,,,,,,,,,,,,,,,,,,,,,
PEDRO,PR-00030/2012,http://transparencia.mprs.mp.br/publicacao_anual/rol_documentos/desclassificados/2017/10/,13456969000113,PR,75434,0,,,,,,,,,,,,,,,,,,,,,,,,,,,,,,,,,,,,,,,,,,,,,,,,,,,,,,,,,,,,,,,,,,,,,,,,,,,,,,,,,,,,,,,,,,
PEDRO,PR-00031/2012,http://livrozilla.com/doc/1022943/procuradoria-geral-de-justi%C3%A7a---minist%C3%A9rio-p%C3%BAblico,13456969000113,PR,75558,0,,,,,,,,,,,,,,,,,,,,,,,,,,,,,,,,,,,,,,,,,,,,,,,,,,,,,,,,,,,,,,,,,,,,,,,,,,,,,,,,,,,,,,,,,,
PEDRO,PR-00039/2016,http://grupoparanacomunicacao.com.br/administracao-do-prefeito-luizao-mantem-mais-de-90-de-aprovacao/,10175063000132,PR,75043,1,P,,,,MARLI PAULINO,70.79,VEREADOR PASSARINHO,12.14,,,,,,,,,,,,,,,,,,,,,,,,,,,,,,,,,,,,,,,,,,,,,,,,,,,,,,,,,,,,,,,,,,,,,,,,,,,,,,,,,,
PEDRO,PR-00140/2012,https://issuu.com/folharegionaldecianorte/docs/folharegionaldecianorte571,13456969000113,PR,76538,1,P,,,,TATINHA,47.5,LUCIANA,28.25,,,,,,,,,,,,,,,,,,,,,,,,,,,,,,,,,,,,,,,,,,,,,,,,,,,,,,,,,,,,,,,,,,,,,,,,,,,,,,,,,,
PEDRO,PR-00186/2012,https://www.escavador.com/diarios/668519/TRT-9/J/2018-06-13/328925356/movimentacao-do-processo-0010460-1320165090001,13456969000113,PR,76236,0,,,,,,,,,,,,,,,,,,,,,,,,,,,,,,,,,,,,,,,,,,,,,,,,,,,,,,,,,,,,,,,,,,,,,,,,,,,,,,,,,,,,,,,,,,
PEDRO,PR-00192/2012,https://189.9.128.64/download/diretoria-colegiada-atas/atas/2013/extrato-ata-43-06-11-2013.pdf,13456969000113,PR,78298,0,,,,,,,,,,,,,,,,,,,,,,,,,,,,,,,,,,,,,,,,,,,,,,,,,,,,,,,,,,,,,,,,,,,,,,,,,,,,,,,,,,,,,,,,,,
PEDRO,PR-00199/2012,https://issuu.com/metropole/docs/metropole19-9-12,10175063000132,PR,75353,1,P,0.0,,,RATINHO JR,23.5,DUCCI,21.75,FRUET,16.75,RAFAEL GRECA,5.0,,,,,,,,,,,,,,,,,,,,,,,,,,,,,,,,,,,,,,,,,,,,,,,,,,,,,,,,,,,,,,,,,,,,,,,,,,,,,,
PEDRO,PR-00199/2012,https://issuu.com/metropole/docs/metropole19-9-12,10175063000132,PR,75353,1,P,1.0,,,RATINHO JR,30.75,DUCCI,27.75,FRUET,20.75,RAFAEL GRECA,8.5,,,,,,,,,,,,,,,,,,,,,,,,,,,,,,,,,,,,,,,,,,,,,,,,,,,,,,,,,,,,,,,,,,,,,,,,,,,,,,
PEDRO,PR-00203/2012,https://mileneana.blogspot.com/2013/,13456969000113,PR,76155,0,,,,,,,,,,,,,,,,,,,,,,,,,,,,,,,,,,,,,,,,,,,,,,,,,,,,,,,,,,,,,,,,,,,,,,,,,,,,,,,,,,,,,,,,,,
PEDRO,PR-00209/2012,https://fuxicosdequitandinha.blogspot.com/2012/09/saiu-pesquisa-duas.html,10175063000132,PR,78018,0,,,,,,,,,,,,,,,,,,,,,,,,,,,,,,,,,,,,,,,,,,,,,,,,,,,,,,,,,,,,,,,,,,,,,,,,,,,,,,,,,,,,,,,,,,
PEDRO,PR-00219/2012,http://www.dnit.gov.br/download/diretoria-colegiada-atas/atas/2014/extrato-ata-16-16-05-2014.pdf,10175063000132,PR,76031,0,,,,,,,,,,,,,,,,,,,,,,,,,,,,,,,,,,,,,,,,,,,,,,,,,,,,,,,,,,,,,,,,,,,,,,,,,,,,,,,,,,,,,,,,,,
PEDRO,PR-00263/2016,https://issuu.com/eudesalves/docs/jornal_123,10175063000132,PR,75221,1,P,0.0,,,BLUM,31.67,ELISANGELA,18.33,RICKLI,9.0,,,,,,,,,,,,,,,,,,,,,,,,,,,,,,,,,,,,,,,,,,,,,,,,,,,,,,,,,,,,,,,,,,,,,,,,,,,,,,,,
PEDRO,PR-00263/2016,https://issuu.com/eudesalves/docs/jornal_123,10175063000132,PR,75221,1,P,1.0,,,BLUM,45.0,ELISANGELA,26.0,RICKLI,14.34,,,,,,,,,,,,,,,,,,,,,,,,,,,,,,,,,,,,,,,,,,,,,,,,,,,,,,,,,,,,,,,,,,,,,,,,,,,,,,,,
PEDRO,PR-00284/2012,http://livrozilla.com/doc/848340/tribunal-regional-do-trabalho---pr,13456969000113,PR,74950,0,,,,,,,,,,,,,,,,,,,,,,,,,,,,,,,,,,,,,,,,,,,,,,,,,,,,,,,,,,,,,,,,,,,,,,,,,,,,,,,,,,,,,,,,,,
PEDRO,PR-00365/2012,https://elniopohlmann.blogspot.com/2012/10/pesquisa-evidencia-confirma-o.html#!,13456969000113,PR,84611,1,P,1.0,,,CARLOS DE PAULA,72.71,WALTER VOLPATO,20.21,,,,,,,,,,,,,,,,,,,,,,,,,,,,,,,,,,,,,,,,,,,,,,,,,,,,,,,,,,,,,,,,,,,,,,,,,,,,,,,,,,
PEDRO,PR-00376/2012,https://issuu.com/folharegionaldecianorte/docs/frc_ed574_07_outubro_2012/9,13456969000113,PR,76538,1,P,,,,TATINHA,51.0,LUCIANA,32.33,,,,,,,,,,,,,,,,,,,,,,,,,,,,,,,,,,,,,,,,,,,,,,,,,,,,,,,,,,,,,,,,,,,,,,,,,,,,,,,,,,
PEDRO,PR-00405/2016,https://opiadesaojose.blogspot.com/2016/09/toninho-lidera-segunda-pesquisa.html,10175063000132,PR,78859,1,P,1.0,,,TONINHO DA FARMACIA,56.08,SYLVIO MONTEIRO,25.38,MAURO KNORST,4.18,,,,,,,,,,,,,,,,,,,,,,,,,,,,,,,,,,,,,,,,,,,,,,,,,,,,,,,,,,,,,,,,,,,,,,,,,,,,,,,,
PEDRO,PR-00407/2012,http://livrozilla.com/doc/319079/153-3-ineditoriais---nova-central-sindical-dos-trabalhado...,10175063000132,PR,76210,0,,,,,,,,,,,,,,,,,,,,,,,,,,,,,,,,,,,,,,,,,,,,,,,,,,,,,,,,,,,,,,,,,,,,,,,,,,,,,,,,,,,,,,,,,,
PEDRO,PR-00528/2012,https://ivaiporaemdebate.blogspot.com/2012/,13456969000113,PR,76236,1,P,1.0,,,GIL,40.1,CYRO,30.5,JAFFER,15.0,,,,,,,,,,,,,,,,,,,,,,,,,,,,,,,,,,,,,,,,,,,,,,,,,,,,,,,,,,,,,,,,,,,,,,,,,,,,,,,,
PEDRO,PR-00558/2012,https://issuu.com/asemananews/docs/253,10175063000132,PR,75353,1,P,1.0,,,RATINHO JR,30.0,LUCIANO DUCCI,23.0,GUSTAVO FRUET,21.2,RAFAEL GRECA,8.0,BRUNO MEIRINHO,1.6,,,,,,,,,,,,,,,,,,,,,,,,,,,,,,,,,,,,,,,,,,,,,,,,,,,,,,,,,,,,,,,,,,,,,,,,,,,,
PEDRO,PR-00558/2012,https://www.esmaelmorais.com.br/2012/10/segundo-o-datapicler-ducci-e-fruet-estao-tecnicamente-empatados/,10175063000132,PR,75353,1,P,0.0,,,RATINHO JR,25.9,LUCIANO DUCCI,19.6,GUSTAVO FRUET,15.9,RAFAEL GRECA,5.8,BRUNO MEIRINHO,1.2,,,,,,,,,,,,,,,,,,,,,,,,,,,,,,,,,,,,,,,,,,,,,,,,,,,,,,,,,,,,,,,,,,,,,,,,,,,,
PEDRO,PR-00577/2012,http://transparencia.mprs.mp.br/publicacao_anual/rol_documentos/desclassificados/2017/8/,13456969000113,PR,74187,0,,,,,,,,,,,,,,,,,,,,,,,,,,,,,,,,,,,,,,,,,,,,,,,,,,,,,,,,,,,,,,,,,,,,,,,,,,,,,,,,,,,,,,,,,,
PEDRO,PR-00585/2012,https://www.esmaelmorais.com.br/2012/10/pesquisa-aponta-lideranca-de-cleon-do-pmdb-com-50-em-pitanga/,13456969000113,PR,77712,1,P,,,,CLEON COSME,50.25,ALTAIR ZAMPIER,33.5,JOSE OSNY,5.25,,,,,,,,,,,,,,,,,,,,,,,,,,,,,,,,,,,,,,,,,,,,,,,,,,,,,,,,,,,,,,,,,,,,,,,,,,,,,,,,
PEDRO,PR-00593/2012,http://transparencia.mprs.mp.br/publicacao_anual/rol_documentos/desclassificados/2018/1/,10175063000132,PR,75523,0,,,,,,,,,,,,,,,,,,,,,,,,,,,,,,,,,,,,,,,,,,,,,,,,,,,,,,,,,,,,,,,,,,,,,,,,,,,,,,,,,,,,,,,,,,
PEDRO,PR-00603/2012,https://opengovus.com/npi/1578681540,13456969000113,PR,74489,0,,,,,,,,,,,,,,,,,,,,,,,,,,,,,,,,,,,,,,,,,,,,,,,,,,,,,,,,,,,,,,,,,,,,,,,,,,,,,,,,,,,,,,,,,,
PEDRO,PR-00680/2012,https://opengovus.com/npi/1366459257,13456969000113,PR,76678,0,,,,,,,,,,,,,,,,,,,,,,,,,,,,,,,,,,,,,,,,,,,,,,,,,,,,,,,,,,,,,,,,,,,,,,,,,,,,,,,,,,,,,,,,,,
PEDRO,PR-00681/2012,https://www.fabiocampana.com.br/2012/10/datapicler-fruet-48-ratinho-358-e-indecisos-107/,10175063000132,PR,75353,1,P,0.0,,,GUSTAVO FRUET,44.3,RATINHO JUNIOR,32.8,,,,,,,,,,,,,,,,,,,,,,,,,,,,,,,,,,,,,,,,,,,,,,,,,,,,,,,,,,,,,,,,,,,,,,,,,,,,,,,,,,
PEDRO,PR-00681/2012,https://www.fabiocampana.com.br/2012/10/datapicler-fruet-48-ratinho-358-e-indecisos-107/,10175063000132,PR,75353,1,P,1.0,,,GUSTAVO FRUET,48.0,RATINHO JUNIOR,35.8,,,,,,,,,,,,,,,,,,,,,,,,,,,,,,,,,,,,,,,,,,,,,,,,,,,,,,,,,,,,,,,,,,,,,,,,,,,,,,,,,,
PEDRO,PR-00712/2012,https://www.fabiocampana.com.br/2012/10/datapicler-fruet-51-ratinho-jr-35/,10175063000132,PR,75353,1,P,0.0,,,GUSTAVO FRUET,45.8,RATINHO JUNIOR,30.9,,,,,,,,,,,,,,,,,,,,,,,,,,,,,,,,,,,,,,,,,,,,,,,,,,,,,,,,,,,,,,,,,,,,,,,,,,,,,,,,,,
PEDRO,PR-00712/2012,https://www.fabiocampana.com.br/2012/10/datapicler-fruet-51-ratinho-jr-35/,10175063000132,PR,75353,1,P,1.0,,,GUSTAVO FRUET,51.0,RATINHO JUNIOR,35.0,,,,,,,,,,,,,,,,,,,,,,,,,,,,,,,,,,,,,,,,,,,,,,,,,,,,,,,,,,,,,,,,,,,,,,,,,,,,,,,,,,
PEDRO,PR-01043/2016,https://paranavai.portaldacidade.com/noticias/politica/pesquisa-mostra-vantagem-do-delegado-kiq-tetilla-e-yamakawa-estao-empatados,10175063000132,PR,77496,1,P,0.0,,,DELEGADO KIQ,33.98,MAURICIO YAMAKAWA,13.59,VALDIR TETILLA,12.62,,,,,,,,,,,,,,,,,,,,,,,,,,,,,,,,,,,,,,,,,,,,,,,,,,,,,,,,,,,,,,,,,,,,,,,,,,,,,,,,
PEDRO,PR-01043/2016,https://paranavai.portaldacidade.com/noticias/politica/pesquisa-mostra-vantagem-do-delegado-kiq-tetilla-e-yamakawa-estao-empatados,10175063000132,PR,77496,1,P,1.0,,,DELEGADO KIQ,47.09,VALDIR TETILLA,21.36,MAURICIO YAMAKAWA,19.17,,,,,,,,,,,,,,,,,,,,,,,,,,,,,,,,,,,,,,,,,,,,,,,,,,,,,,,,,,,,,,,,,,,,,,,,,,,,,,,,
PEDRO,PR-01814/2016,http://www.cmf.sc.gov.br/vereador/edinon-manoel-da-rosa,10175063000132,PR,75973,0,,,,,,,,,,,,,,,,,,,,,,,,,,,,,,,,,,,,,,,,,,,,,,,,,,,,,,,,,,,,,,,,,,,,,,,,,,,,,,,,,,,,,,,,,,
PEDRO,PR-02248/2016,https://issuu.com/jornalinformativopopular/docs/edi____o_244_especial_elei____o,10175063000132,PR,79251,1,P,,,,CESAR MATUCHESKI,55.23,PROFESSORA EVANILDE,22.22,AMARILDO CARVALHO,10.78,,,,,,,,,,,,,,,,,,,,,,,,,,,,,,,,,,,,,,,,,,,,,,,,,,,,,,,,,,,,,,,,,,,,,,,,,,,,,,,,
PEDRO,PR-02317/2016,https://tasabendo.com.br/politica/segunda-pesquisa-da-tribuna-mostra-tauillo-na-frente-novamente/,10175063000132,PR,74837,1,P,,,,TAUILLO TEZELLI,45.08,RODRIGO SALVADORI,21.41,REGINA DUBAY,18.89,PROFESSOR EVALDO,2.27,,,,,,,,,,,,,,,,,,,,,,,,,,,,,,,,,,,,,,,,,,,,,,,,,,,,,,,,,,,,,,,,,,,,,,,,,,,,,,
PEDRO,PR-02772/2016,https://agoralitoral.wordpress.com/2016/08/18/com-43-andre-pioli-lidera-primeira-pesquisa-de-intencao-de-votos-em-paranagua/,10175063000132,PR,77453,1,P,0.0,,,,,,,,,,,,,,,,,,,,,,,,,,,,,,,,,,,,,,,,,,,,,,,,,,,,,,,,,,,,,,,,,,,,,,,,,,,,,,,,,,,,,,,,
PEDRO,PR-02772/2016,https://agoralitoral.wordpress.com/2016/08/18/com-43-andre-pioli-lidera-primeira-pesquisa-de-intencao-de-votos-em-paranagua/,10175063000132,PR,77453,1,P,1.0,,,ANDRE PIOLI,43.07,MARCELO ROQUE,19.41,ALCEUZINHO MARON,14.43,,,,,,,,,,,,,,,,,,,,,,,,,,,,,,,,,,,,,,,,,,,,,,,,,,,,,,,,,,,,,,,,,,,,,,,,,,,,,,,,
PEDRO,PR-04294/2016,http://www.bocasanta.com.br/index.php?p=YWxyb3RsaXMvemlnYWxpX2FsYWNhaW5Aemh6P2NlbnVsaV9pbHJhZ2k9NTU1NiZsdW1vdGVfb2RhY2llPTU1NTY,10175063000132,PR,74837,1,P,,,,TAUILLO TEZELLI,43.21,RODRIGO SALVADORI,23.46,REGINA DUBAY,21.48,PROFESSOR EVALDO,2.22,,,,,,,,,,,,,,,,,,,,,,,,,,,,,,,,,,,,,,,,,,,,,,,,,,,,,,,,,,,,,,,,,,,,,,,,,,,,,,
PEDRO,PR-04920/2016,https://issuu.com/isaldo/docs/correio_de_noticias_-_29_30_e_31-07,10175063000132,PR,78859,1,P,1.0,,,TONINHO DA FARMACIA,47.18,SYLVIO MONTEIRO NETO,22.02,ELOI BASTOS,3.31,MAURO KNORST,1.99,PEDRO SCHERER,1.82,RONALDO VACCARI,1.16,,,,,,,,,,,,,,,,,,,,,,,,,,,,,,,,,,,,,,,,,,,,,,,,,,,,,,,,,,,,,,,,,,,,,,,,,,
PEDRO,PR-05148/2016,https://tasabendo.com.br/politica/jornal-divulga-pesquisa-com-tauillo-na-frente-pela-disputa-da-prefeitura/,10175063000132,PR,74837,1,P,,,,TAUILLO TEZELLI,43.35,REGINA DUBAY,19.05,RODRIGO SALVADORI,18.55,PROFESSOR EVALDO,5.6,,,,,,,,,,,,,,,,,,,,,,,,,,,,,,,,,,,,,,,,,,,,,,,,,,,,,,,,,,,,,,,,,,,,,,,,,,,,,,
PEDRO,PR-05307/2016,https://www.bemparana.com.br/noticia/pesquisas-i--,10175063000132,PR,77453,1,P,,,,ANDRE PIOLI,44.0,MARCELO ROQUE,20.87,ALCEUZINHO MARON,14.31,PROFESSOR HERMES,2.19,PROFESSOR JOZELITO,1.39,RICARDO,1.39,GERSON BAGE,1.19,,,,,,,,,,,,,,,,,,,,,,,,,,,,,,,,,,,,,,,,,,,,,,,,,,,,,,,,,,,,,,,,,,,,,,,,
PEDRO,PR-06526/2016,https://www.bemparana.com.br/noticia/com-golpistas--,10175063000132,PR,77771,1,P,,,,MARCELO RANGEL,40.27,ALIEL MACHADO,21.63,JULIO KULLER,20.44,PROFESSOR GADINI,4.37,,,,,,,,,,,,,,,,,,,,,,,,,,,,,,,,,,,,,,,,,,,,,,,,,,,,,,,,,,,,,,,,,,,,,,,,,,,,,,
PEDRO,PR-08680/2016,https://pt-br.facebook.com/ruyhauercandidato/posts/,10175063000132,PR,79634,0,,,,,,,,,,,,,,,,,,,,,,,,,,,,,,,,,,,,,,,,,,,,,,,,,,,,,,,,,,,,,,,,,,,,,,,,,,,,,,,,,,,,,,,,,,
PEDRO,PR-09123/2016,https://arede.info/campos-gerais/112760/osmar-blum-lidera-intencao-de-votos-em-carambei,10175063000132,PR,75221,1,P,0.0,,,OSMAR BLUM,12.58,ELISANGELA PEDROSO,4.64,OSMAR RICKLI,2.98,,,,,,,,,,,,,,,,,,,,,,,,,,,,,,,,,,,,,,,,,,,,,,,,,,,,,,,,,,,,,,,,,,,,,,,,,,,,,,,,
PEDRO,PR-09123/2016,https://arede.info/campos-gerais/112760/osmar-blum-lidera-intencao-de-votos-em-carambei,10175063000132,PR,75221,1,P,1.0,,,OSMAR BLUM,40.4,ELISANGELA PEDROSO,25.2,OSMAR RICKLI,16.9,BART JANSSEN,6.9,,,,,,,,,,,,,,,,,,,,,,,,,,,,,,,,,,,,,,,,,,,,,,,,,,,,,,,,,,,,,,,,,,,,,,,,,,,,,,
PEDRO,PR-09227/2016,https://issuu.com/edcorreioparanaense/docs/correio_b8726ae384ea67,10175063000132,PR,75353,0,,,,,,,,,,,,,,,,,,,,,,,,,,,,,,,,,,,,,,,,,,,,,,,,,,,,,,,,,,,,,,,,,,,,,,,,,,,,,,,,,,,,,,,,,,
