tse_id,url,sg_uf.x,cidade,util,position,estimulada,suspensa,vv,cand1,resul1,cand2,resul2,cand3,resul3,cand4,resul4,cand5,resul5,cand6,resul6,cand7,resul7,cand8,resul8,cand9,resul9,cand10,resul10,cand11,resul11,cand12,resul12,cand13,resul13,cand14,resul14,cand15,resul15
RS-00034/2014,"https://www.em.com.br/app/noticia/politica/2014/10/23/interna_politica,582690/datafolha-no-rs-sartori-tem-60-e-tarso-genro-40.shtml",RS,RIO GRANDE DO SUL,1,G,0.0,,,José Ivo Sartori,53.0,Tarso Genro,36.0,,,,,,,,,,,,,,,,,,,,,,,,,,
RS-00034/2014,"https://www.em.com.br/app/noticia/politica/2014/10/24/interna_politica,582816/datafolha-no-rs-dilma-tem-51-e-aecio-49.shtml",RS,RIO GRANDE DO SUL,1,PR,0.0,,,Dilma,46.0,Aecio Neves,45.0,,,,,,,,,,,,,,,,,,,,,,,,,,
RS-00035/2012,http://www.jomoraes.com.br/novosite/manuela-sai-na-frente,RS,PORTO ALEGRE,1,P,1.0,,,Manuela D'Ávila,38.6,Fortunati,33.5,Villaverde,7.4,Robaina,1.8,Wambert Di Lorenzo,1.0,,,,,,,,,,,,,,,,,,,,
RS-00035/2012,https://eleicoes.uol.com.br/2012/noticias/2012/07/17/pesquisa-methodus-manuela-tem-38-fortunati-33-em-porto-alegre.htm,RS,PORTO ALEGRE,1,P,0.0,,,Manuela D'Ávila,11.6,Fortunati,13.1,Villaverde,1.6,,,,,,,,,,,,,,,,,,,,,,,,
RS-00036/2012,"https://www.informativo.com.br/reportagens-especiais/ze-iran-tem-vantagem-em-cruzeiro-do-sul,6320.jhtml",RS,CRUZEIRO DO SUL,1,P,0.0,,,Josê Iran Maria,18.5,Cesar Leandro Marmitt,18.0,Jorge Alfredo Siebenborn,16.5,,,,,,,,,,,,,,,,,,,,,,,,
RS-00037/2012,"https://www.informativo.com.br/reportagens-especiais/vantagem-de-schmidt-frente-a-caumo-chega-a-62p-em-lajeado,6346.jhtml",RS,LAJEADO,1,P,1.0,,,Fernando Schmidt,69.3,Marcelo Caumo,7.3,Juliana Nascimento,4.8,,,,,,,,,,,,,,,,,,,,,,,,
RS-00039/2012,"https://www.informativo.com.br/reportagens-especiais/em-teutonia-dois-cenarios-apontam-empate-na-disputa-,6361.jhtml",RS,TEUTÔNIA,1,P,0.0,,,Renato Airton Altmann,17.5,Brönstrup,16.8,,,,,,,,,,,,,,,,,,,,,,,,,,
RS-00044/2012,https://radiocaxias.com.br/portal/noticias/candidatos-a-prefeito-avaliam-resultados-de-primeira-pesquisa-eleitoral-17774,RS,CAXIAS DO SUL,1,p,0.0,,,Alceu Barbosa Velho,10.8,Assis Melo,4.8,Marcos Daneluz,4.3,Milton Corlatti,2.7,,,,,,,,,,,,,,,,,,,,,,
RS-00044/2012,"https://www.terra.com.br/noticias/brasil/politica/rs-pesquisa-aponta-candidato-do-pdt-a-frente-em-caxias-do-sul,75ad0a43aa1da310VgnCLD200000bbcceb0aRCRD.html",RS,CAXIAS DO SUL,1,p,1.0,,,Alceu Barbosa Velho,38.7,Assis Melo,23.2,Marcos Daneluz,16.5,Milton Corlatti,11.3,,,,,,,,,,,,,,,,,,,,,,
RS-00053/2012,https://www.sul21.com.br/noticias/2012/08/concorrentes-apostam-em-juventude-para-tentar-superar-marroni-em-pelotas/,RS,PELOTAS,1,p,0.0,,,Fernando Marroni,4.3,Catarina Paladini,2.8,,,Matteo Chiarelli,1.5,,,,,,,,,,,,,,,,,,,,,,
RS-00082/2012,https://issuu.com/anuncios.marcelo/docs/edicao_237,RS,FARROUPILHA,1,p,0.0,,,Aldemir Barreta,22.3,Claiton Gonçalves,21.3,,,,,,,,,,,,,,,,,,,,,,,,,,
RS-00082/2012,https://issuu.com/anuncios.marcelo/docs/edicao_237,RS,FARROUPILHA,1,p,1.0,,,Aldemir Barreta,43.8,Claiton Gonçalves,41.5,Glacir Gomes,1.5,,,,,,,,,,,,,,,,,,,,,,,,
RS-00093/2012,https://ultimosegundo.ig.com.br/politica/2012-08-29/datafolha-fortunati-e-manuela-aparecem-em-empate-tecnico-em-porto-alegre.html,RS,PORTO ALEGRE,1,p,1.0,,,Fortunati,36.0,Manuela D'Ávila,32.0,Villaverde,7.0,Robaina,2.0,,,,,,,,,,,,,,,,,,,,,,
RS-00114/2012,"https://www.informativo.com.br/reportagens-especiais/caumo-cresce-mas-schmidt-lidera-com-62-8p,7244.jhtml",RS,LAJEADO,1,P,0.0,,,Fernando Schmidt,47.5,Marcelo Caumo,15.8,Juliana Nascimento,1.3,,,,,,,,,,,,,,,,,,,,,,,,
RS-00114/2012,"https://www.informativo.com.br/reportagens-especiais/caumo-cresce-mas-schmidt-lidera-com-62-8p,7244.jhtml",RS,LAJEADO,1,P,1.0,,,Fernando Schmidt,62.8,Marcelo Caumo,23.3,Juliana Nascimento,2.5,,,,,,,,,,,,,,,,,,,,,,,,
RS-00115/2012,"https://www.informativo.com.br/eleicoes-2012/mallmann-cresce-nas-intencoes-de-voto-em-estrela,7213.jhtml",RS,ESTRELA,1,p,1.0,,,Rafael Mallmann,59.5,Eduardo Wagner,21.0,Gilmar Neitzke,8.0,,,,,,,,,,,,,,,,,,,,,,,,
RS-00129/2012,"https://www.informativo.com.br/eleicoes-2012/costi-lidera-com-44p-seguido-por-orsolin-com-36-8p,7303.jhtml",RS,ENCANTADO,1,P,1.0,,,Costi,44.0,Orsolin,36.8,Denise,6.5,,,,,,,,,,,,,,,,,,,,,,,,
RS-00130/2012,"https://www.informativo.com.br/eleicoes-2012/eckert-e-bruxel-aparecem-empatados-em-arroio-do-meio,7356.jhtml",RS,ARROIO DO MEIO,1,P,1.0,,,Eckert,37.8,Bruxel,37.8,Bersch,9.0,,,,,,,,,,,,,,,,,,,,,,,,
RS-00130/2012,"https://www.informativo.com.br/eleicoes-2012/eckert-e-bruxel-aparecem-empatados-em-arroio-do-meio,7356.jhtml",RS,ARROIO DO MEIO,1,P,0.0,,,Eckert,34.3,Bruxel,31.0,Bersch,12.3,,,,,,,,,,,,,,,,,,,,,,,,
RS-00131/2012,"https://www.informativo.com.br/economia/ze-iran-cai-dingola-cresce-e-lidera-disputa-em-cruzeiro-,7327.jhtml",RS,CRUZEIRO DO SUL,1,P,1.0,,,Dingola,42.8,Siebenborn,28.8,Zé Iran,21.5,,,,,,,,,,,,,,,,,,,,,,,,
RS-00131/2012,"https://www.informativo.com.br/economia/ze-iran-cai-dingola-cresce-e-lidera-disputa-em-cruzeiro-,7327.jhtml",RS,CRUZEIRO DO SUL,1,P,0.0,,,Dingola,35.0,Siebenborn,22.5,Zé Iran,16.0,,,,,,,,,,,,,,,,,,,,,,,,
RS-00195/2012,"https://www.terra.com.br/noticias/brasil/politica/rs-pesquisa-eleitoral-aponta-vitoria-de-jairo-jorge-em-canoas,4448cdbb1d86b310VgnCLD200000bbcceb0aRCRD.html",RS,CANOAS,1,p,1.0,,, Jairo Jorge ,65.2,Coffy Rodrigues,8.7,Gisele Uequed,6.5,Paulo Sérgio,1.2,,,,,,,,,,,,,,,,,,,,,,
RS-00230/2012,https://rodrigodossantos15115.blogspot.com/,RS,NOVA PETRÓPOLIS,1,p,1.0,,,Lelo,52.3,Ricardo,33.5,,,,,,,,,,,,,,,,,,,,,,,,,,
RS-00368/2012,"https://www.informativo.com.br/eleicoes-2012/mallmann-mantem-lideranca-com-60p-das-intencoes-de-voto,7667.jhtml",RS,ESTRELA,1,p,0.0,,,Rafael Mallmann,56.3,Wagner,22.0,Neitzke,8.0,,,,,,,,,,,,,,,,,,,,,,,,
RS-00388/2016,https://www.todapolitica.com/eleicoes-2016/pesquisa-eleitoral-porto-alegre/,RS,PORTO ALEGRE,1,p,1.0,,,Sebastião Melo,29.0,Raul Pont,17.0,Nelson Marchezan Júnior,17.0,Luciana Genro,12.0,Diziedricki ,7.0,Chiodo,1.0,Flores,1.0,Ostermann,1.0,,,,,,,,,,,,,,
RS-00420/2012,https://folhadomate.com/noticias/diferenca-entre-airton-e-nilson-cai-para-292/,RS,VENÂNCIO AIRES,1,p,,,,Airton Artus,56.8, Nilson Lehmen,29.0,,,,,,,,,,,,,,,,,,,,,,,,,,
RS-00473/2012,"https://politica.estadao.com.br/noticias/geral,porto-alegre-pesquisa-indica-que-nao-havera-2-turno,941184",RS,PORTO ALEGRE,1,p,1.0,,,Fortunati,55.7,Manuela,24.1,Villaverde,7.3,,,,,,,,,,,,,,,,,,,,,,,,
RS-00473/2012,https://www.sul21.com.br/noticias/2012/10/ibope-e-methodus-reforcam-possivel-vitoria-em-1o-turno-de-fortunati-em-porto-alegre/,RS,PORTO ALEGRE,1,p,0.0,,,Fortunati,49.1,Manuela,20.4,Villaverde,6.1,,,,,,,,,,,,,,,,,,,,,,,,
RS-00801/2016,https://blogdovagnermagalhaes.blogspot.com/2017/03/rosane-bordignon-pdt-lidera-pesquisa.html,RS,GRAVATAÍ,1,p,,,,Rosane Bordignon,28.2,Marco Alba,26.2,Anabel Lorenzi,17.4,Valter Amaral ,1.0,,,,,,,,,,,,,,,,,,,,,,
RS-01468/2016,http://www.gaz.com.br/conteudos/politica/2016/09/08/80071-diferenca_entre_sergio_moraes_e_telmo_kirst_e_de_12_pontos.html.php,RS,SANTA CRUZ DO SUL,1,p,1.0,,,Sérgio Moraes,37.3,Telmo Kirst,25.3,,,,,,,,,,,,,,,,,,,,,,,,,,
RS-01507/2016,https://www.qwerty.com.br/2016/09/17/pesquisa-apresenta-amostra-da-intencao-de-voto-dos-bageenses/,RS,BAGÉ,1,p,0.0,,,Lara,53.5,Dr Fico,6.3,Zoinho,1.3,Brito,1.3,,,,,,,,,,,,,,,,,,,,,,
RS-03795/2018,https://guaiba.com.br/2018/10/26/realtime-big-data-mostra-leite-com-56-e-sartori-com-44/,RS,RIO GRANDE DO SUL,1,G,1.0,,,Eduardo Leite,56.0,Sartori,44.0,,,,,,,,,,,,,,,,,,,,,,,,,,
RS-05933/2018,https://deholandacavalcanti.blogspot.com/2018/06/,RS,RIO GRANDE DO SUL,1,g,0.0,,,José Ivo Sartori,17.5,Jairo Jorge,10.0,Eduardo Leite,8.0,Miguel Rossetto,8.1,,,,,,,,,,,,,,,,,,,,,,
RS-06214/2016,https://www.correiodopovo.com.br/not%C3%ADcias/pol%C3%ADtica/elei%C3%A7%C3%B5es/divulgada-pesquisa-eleitoral-para-segundo-turno-em-caxias-do-sul-1.215602,RS,CAXIAS DO SUL,1,p,1.0,,,Daniel Guerra,50.6,Edson Néspolo,25.6,,,,,,,,,,,,,,,,,,,,,,,,,,
RS-06686/2016,https://issuu.com/informantef/docs/edi____o_448/14,RS,FARROUPILHA,1,p,0.0,,,Pasqual,29.5,Cleiton Gonçalves,31.8,,,,,,,,,,,,,,,,,,,,,,,,,,
RS-08378/2016,https://www.correiodopovo.com.br/not%C3%ADcias/pol%C3%ADtica/elei%C3%A7%C3%B5es/pesquisa-revela-n%C3%BAmeros-da-disputa-eleitoral-em-canoas-1.215514,RS,CANOAS,1,p,0.0,,, Beth Colombo,35.4, Luiz Carlos Busato,22.9,,,,,,,,,,,,,,,,,,,,,,,,,,
RS-08734/2018,https://www.sul21.com.br/ultimas-noticias/politica/eleicoes-2018/2018/10/pesquisa-methodus-para-o-senado-no-rs-paim-30-fogaca-26-e-beto-20/,RS,RIO GRANDE DO SUL,1,s,1.0,,,Paulo Paim,30.1,José Fogaça,26.27,Beto Albuquerque,20.0, Luis Carlos Heinze,14.19,Carmen Flores ,10.67,Abigail Pereira,8.91,Sandra Weber,2.1,Ana Varela,1.7,Mario Bernd,1.5,,,,,,,,,,,,
SC-02597/2018,http://www.diariodoplanalto.com.br/psl-desponta-na-inten%C3%A7%C3%A3o-de-votos-dos-eleitores-catarinenses-1.2103103,SC,SANTA CATARINA,1,g,0.0,,,Comandante Moisés,45.6,Gelson Merisio,19.18,,,,,,,,,,,,,,,,,,,,,,,,,,
SC-04745/2018,http://www.jornalmetas.com.br/pol%C3%ADtica/bolsonaro-lidera-corrida-%C3%A0-presid%C3%AAncia-em-sc-1.2093698,SC,SANTA CATARINA,1,pr,0.0,,,Jair Bolsonaro,23.0,Fernando Haddad,3.0,Ciro Gomes,3.0,Geraldo Alckmin,5.0,Marina Silva,3.0,João Amoedo,4.0,Alvaro Dias,3.0,,,,,,,,,,,,,,,,
SC-04745/2018,https://biguanews.com.br/amin-e-colombo-lideram-pesquisa-para-senador-da-republica/,SC,SANTA CATARINA,1,S,1.0,,,Espiridião Amin,31.0,Raimundo Colombo,29.0,Paulo Bauer,24.0,Roberto Salum,7.0,Jorginho Mello,6.0,Salvatio,6.0,Esmeraldino,4.0,Cabral,3.0,Rosa,3.0,,,,,,,,,,,,
SC-04745/2018,https://biguanews.com.br/nova-pesquisa-aponta-empate-tecnico-para-governador-de-sc-entre-tres-candidatos/,SC,SANTA CATARINA,1,g,1.0,,,Mariani,20.0,Merisio,18.0,Decio Lima,16.0,Moises da Silva,5.0,,,,,,,,,,,,,,,,,,,,,,
SE-06389/2018,https://blogdoreginaldo.blogspot.com/2018/10/belivaldo-lidera-com-folga-em-mais-uma.html,SE,SERGIPE,1,g,1.0,,1.0,Belivaldo Chagas,55.0,Valadares Filho,45.0,,,,,,,,,,,,,,,,,,,,,,,,,,
SE-07705/2018,http://jlpolitica.com.br/noticias/eleicoes-2018/segundo-pesquisa-belivaldo-vencera-com-16-pontos-de-frente,SE,SERGIPE,1,g,1.0,,1.0,Belivaldo Chagas,58.0,Valadares Filho,42.0,,,,,,,,,,,,,,,,,,,,,,,,,,
SP-00007/2014,https://diariopoliticocustodiense.blogspot.com/2014/06/datafolha-dilma-tem-23-contra-20-de.html,SP,SÃO PAULO,1,PR,,Só em SP,,Dilma,23.0,Aécio,20.0,Eduardo Campos,6.0,Pastor Everaldo,4.0,Magno Malta,3.0,José Maria,2.0,,,,,,,,,,,,,,,,,,
SP-00007/2014,https://diariopoliticocustodiense.blogspot.com/2014/06/datafolha-dilma-tem-23-contra-20-de.html,SP,SÃO PAULO,1,PR,,No Brasil todo,,Dilma,34.0,Aécio,19.0,Eduardo Campos,7.0,Pastor Everaldo,0.0,Magno Malta,0.0,José Maria,0.0,,,,,,,,,,,,,,,,,,
SP-00029/2014,https://issuu.com/imprensaabc/docs/imprensa-abc-222,SP,SÃO PAULO,1,G,,,,Alckmin,49.0,Skaf,22.0,Padilha,9.0,,,,,,,,,,,,,,,,,,,,,,,,
SP-00029/2014,https://issuu.com/tribunadonorte/docs/140911053138-9584bd76e7e844e2a5793dde1e3caff4,SP,SÃO PAULO,1,S,,,,Serra,33.0,Suplicy,27.0,Kassab,7.0,,,,,,,,,,,,,,,,,,,,,,,,
SP-00029/2014,https://oglobo.globo.com/brasil/datafolha-mostra-serra-suplicy-tecnicamente-empatados-na-disputa-ao-senado-em-sp-13908992,SP,SÃO PAULO,1,S,,,,Serra,34.0,Suplicy,31.0,Kassab,9.0,,,,,,,,,,,,,,,,,,,,,,,,
SP-00064/2014,https://oglobo.globo.com/brasil/datafolha-mostra-vitoria-de-serra-na-disputa-pelo-senado-em-sp-14143333,SP,SÃO PAULO,1,S,,,,Serra,50.0,Suplicy,37.0,Kassab,9.0,Machado,2.0,Ana Luiza,1.0,Lucas,1.0,,,,,,,,,,,,,,,,,,
SP-00110/2012,https://ultima-noticias.blogspot.com/2012/,SP,SÃO PAULO,1,P,1.0,,,Serra,30.0,Russomano,26.0,Haddad,7.0,Chalita,6.0,Soninha,7.0,Paulinho,5.0,Giannazi,1.0,,,,,,,,,,,,,,,,
SP-00567/2016,https://www.huffpostbrasil.com/2016/09/09/datafolha-marta-suplicy-e-joao-doria-crescem-enquanto-celso-rus_n_11940500.html,SP,SÃO PAULO,1,p,1.0,,,Russomano,26.0,Haddad,9.0,Doria,16.0,Marta Suplicy,21.0,Major Olimpio,2.0,Luiza Erundina,7.0,,,,,,,,,,,,,,,,,,
SP-00567/2016,https://www.huffpostbrasil.com/2016/09/09/datafolha-marta-suplicy-e-joao-doria-crescem-enquanto-celso-rus_n_11940500.html,SP,SÃO PAULO,1,p,1.0,,,Russomano,26.0,Haddad,9.0,Doria,16.0,Marta Suplicy,21.0,Major Olimpio,2.0,Luiza Erundina,7.0,,,,,,,,,,,,,,,,,,
SP-00582/2012,https://vicentecidade21.blogspot.com/2012/08/eleicoes-sp-russomanno-fica-parado-com.html,SP,SÃO PAULO,1,p,1.0,,,Serra,22.0,Russomano,31.0,Haddad,14.0,Chalita,7.0,Soninha,4.0,Paulinho,2.0,Ana Luiza,1.0,,,,,,,,,,,,,,,,
SP-00800/2012,https://oglobo.globo.com/brasil/eleicoes-2012/datafolha-russomano-tem-32-serra-20-haddad-17-6066655,SP,SÃO PAULO,1,p,1.0,,,Serra,20.0,Russomano,32.0,Haddad,17.0,Chalita,8.0,Soninha,5.0,Paulinho,1.0,Giannazi,1.0,,,,,,,,,,,,,,,,
SP-00931/2012,https://folhanoroeste.blogspot.com/2012/09/saracuza-mantem-vantagem-em-urania_25.html,SP,URÂNIA,1,p,1.0,,,Saracuza,48.5,Neuseli,33.25,Sandra Correa,2.5,,,,,,,,,,,,,,,,,,,,,,,,
SP-00931/2012,https://folhanoroeste.blogspot.com/2012/09/saracuza-mantem-vantagem-em-urania_25.html,SP,URÂNIA,1,p,1.0,,,Saracuza,49.5,Neuseli,31.5,Sandra Correa,2.5,,,,,,,,,,,,,,,,,,,,,,,,
SP-00961/2012,https://issuu.com/jornalnoticiapopular/docs/edicao_30_21-09-12_todas_/13,SP,SÃO PAULO,1,p,,,,Serra,21.0,Russomano,35.0,Haddad,15.0,Chalita,8.0,Soninha,4.0,Paulinho,1.0,,,,,,,,,,,,,,,,,,
SP-00961/2012,https://luizinhodavila.blogspot.com/2012_09_25_archive.html,SP,SÃO PAULO,1,p,,,,Serra,21.0,Russomano,35.0,Haddad,15.0,Chalita,8.0,Soninha,4.0,Paulinho,1.0,,,,,,,,,,,,,,,,,,
SP-01182/2012,https://banduforrueiro.blogspot.com/2012/09/russomanno-tem-30-serra-22-e-haddad-18.html,SP,SÃO PAULO,1,p,,,,Serra,22.0,Russomano,30.0,Haddad,18.0,Chalita,9.0,Soninha,4.0,Paulinho,1.0,Giannazi,1.0,,,,,,,,,,,,,,,,
SP-01183/2016,https://oglobo.globo.com/brasil/russomanno-segue-na-lideranca-isolada-da-disputa-por-prefeitura-de-sp-diz-datafolha-19997017,SP,SÃO PAULO,1,p,1.0,,,Doria,5.0,Russomano,25.0,Haddad,8.0,Luiza Erundina,10.0,Young,1.0,Major Olimpio,2.0,Levy Fidelix,2.0,Marta Suplicy,16.0,,,,,,,,,,,,,,
SP-01183/2016,https://oglobo.globo.com/brasil/russomanno-segue-na-lideranca-isolada-da-disputa-por-prefeitura-de-sp-diz-datafolha-19997017,SP,SÃO PAULO,1,p,1.0,,,Doria,5.0,Russomano,25.0,Haddad,8.0,Luiza Erundina,10.0,Young,1.0,Major Olimpio,2.0,Levy Fidelix,2.0,Marta Suplicy,16.0,,,,,,,,,,,,,,
SP-01183/2016,https://www.pragmatismopolitico.com.br/2016/08/datafolha-nova-pesquisa-prefeitura-sao-paulo.html,SP,SÃO PAULO,1,p,,,,,,,,,,,,,,,,,,,,,,,,,,,,,,,,,
SP-01183/2016,https://www.pragmatismopolitico.com.br/2016/08/datafolha-nova-pesquisa-prefeitura-sao-paulo.html,SP,SÃO PAULO,1,p,,,,,,,,,,,,,,,,,,,,,,,,,,,,,,,,,
SP-01183/2016,https://www.todapolitica.com/eleicoes-2016/pesquisa-eleitoral-sao-paulo/,SP,SÃO PAULO,1,p,1.0,,,Doria,35.0,Russomano,23.0,Haddad,15.0,Luiza Erundina,5.0,João Bico,1.0,Major Olimpio,1.0,Levy Fidelix,1.0,Marta Suplicy,19.0,,,,,,,,,,,,,,
SP-01183/2016,https://www.todapolitica.com/eleicoes-2016/pesquisa-eleitoral-sao-paulo/,SP,SÃO PAULO,1,p,1.0,,,Doria,35.0,Russomano,23.0,Haddad,15.0,Luiza Erundina,5.0,João Bico,1.0,Major Olimpio,1.0,Levy Fidelix,1.0,Marta Suplicy,19.0,,,,,,,,,,,,,,
SP-01459/2018,https://br.noticias.yahoo.com/datafolha-em-sao-paulo-doria-atinge-26-contra-22-de-skaf-103228387.html,SP,SÃO PAULO,1,G,1.0,,,Doria,26.0,Skaf,22.0,Marcio França,11.0,Luiz Marinho,6.0,,,,,,,,,,,,,,,,,,,,,,
SP-01459/2018,https://br.noticias.yahoo.com/datafolha-em-sao-paulo-doria-atinge-26-contra-22-de-skaf-103228387.html,SP,SÃO PAULO,1,G,1.0,,,Doria,26.0,Skaf,22.0,Marcio França,11.0,Luiz Marinho,6.0,,,,,,,,,,,,,,,,,,,,,,
SP-01459/2018,https://especiais.gazetadopovo.com.br/eleicoes/2018/pesquisas-eleitorais/datafolha/datafolha-suplicy-lidera-corrida-ao-senado-em-sao-paulo-com-31/,SP,SÃO PAULO,1,S,1.0,,,Suplicy,31.0,Gabrilli,14.0,Mario Covas,12.0,Major Olímpio,11.0,Maggi,10.0,Tripoli,8.0,Cidinha,6.0,Antonio Neto,3.0,Jilmar Tatto,3.0,Barbiere,3.0,Ferreira,3.0,Silvia Ferraro,3.0,Diogo da Luz,2.0,Andreoni,2.0,Daniel Cara,2.0
SP-01459/2018,https://especiais.gazetadopovo.com.br/eleicoes/2018/pesquisas-eleitorais/datafolha/datafolha-suplicy-lidera-corrida-ao-senado-em-sao-paulo-com-31/,SP,SÃO PAULO,1,S,1.0,,,Suplicy,31.0,Gabrilli,14.0,Mario Covas,12.0,Major Olímpio,11.0,Maggi,10.0,Tripoli,8.0,Cidinha,6.0,Antonio Neto,3.0,Jilmar Tatto,3.0,Barbiere,3.0,Ferreira,3.0,Silvia Ferraro,3.0,Diogo da Luz,2.0,Andreoni,2.0,Daniel Cara,2.0
SP-01579/2016,http://www.paranapesquisas.com.br/wp-content/uploads/2016/05/S%C3%A3oBernardoCampoMaio16.pdf,SP,SÃO BERNARDO DO CAMPO,1,p,0.0,,,Alex Manente,6.6,Orlando Morando,5.8,Tarcísio Secoli,2.3,Maurício Soares,1.9,Professor Aldo Santos,1.3,,,,,,,,,,,,,,,,,,,,
SP-01579/2016,http://www.paranapesquisas.com.br/wp-content/uploads/2016/05/S%C3%A3oBernardoCampoMaio16.pdf,SP,SÃO BERNARDO DO CAMPO,1,p,1.0,,,Alex Manente,31.3,Orlando Morando,25.8,Tarcísio Secoli,6.3,Maurício Soares,8.6,Professor Aldo Santos,4.8,Marcelo Lima,3.4,,,,,,,,,,,,,,,,,,
SP-01617/2018,https://brpolitico.com.br/noticias/wp-content/uploads/sites/683/2018/06/SP_EstadualJun18.pdf,SP,SÃO PAULO,1,g,1.0,,,Doria,31.8,Skaf,20.4,Marcio França,7.0,Luiz Marinho,5.1,,,,,,,,,,,,,,,,,,,,,,
SP-01617/2018,https://folhanoroeste.blogspot.com/2018/06/doria-lidera-pesquisa-e-tem-menor.html,SP,SÃO PAULO,1,g,1.0,,,Doria,33.5,Skaf,22.3,Marcio França,8.2,Luiz Marinho,6.5,,,,,,,,,,,,,,,,,,,,,,
SP-01786/2012,https://folhanoroeste.blogspot.com/2012_09_30_archive.html,SP,URÂNIA,1,p,1.0,,,Airton Saracuza,55.5,Neuseli Maria de Brito Pires,27.5,Sandra Cacia Correa,3.5,Jacir Pontel ,2.5,,,,,,,,,,,,,,,,,,,,,,
SP-01910/2012,https://blogdojmiguel.blogspot.com/2012/10/datafolha-haddad-60-40-ibope-57-43.html,SP,SÃO PAULO,1,p,,,,Haddad,49.0,Serra,34.0,,,,,,,,,,,,,,,,,,,,,,,,,,
SP-01910/2012,https://gilvanmelo.blogspot.com/2012/10/sp-haddad-lidera-e-serra-sobe-na-margem.html,SP,SÃO PAULO,1,p,1.0,,,Haddad,49.0,Serra,36.0,,,,,,,,,,,,,,,,,,,,,,,,,,
SP-01928/2012,https://oglobo.globo.com/brasil/haddad-sera-eleito-prefeito-de-sao-paulo-diz-datafolha-6553177,SP,SÃO PAULO,1,p,1.0,,,Haddad,48.0,Serra,34.0,,,,,,,,,,,,,,,,,,,,,,,,,,
SP-02291/2016,https://www.folhadevalinhos.com.br/artigos/valinhos/pol%C3%ADtica/nova-pesquisa-vtvsbt-confirma-n%C3%BAmeros-divulgado-pela-folha-de-valinhos,SP,VALINHOS,1,p,1.0,,,Clayton,31.3,Orestes,22.9,Tonetti,21.5,,,,,,,,,,,,,,,,,,,,,,,,
SP-02291/2016,https://www.folhadevalinhos.com.br/artigos/valinhos/pol%C3%ADtica/nova-pesquisa-vtvsbt-confirma-n%C3%BAmeros-divulgado-pela-folha-de-valinhos,SP,VALINHOS,1,p,1.0,,,Clayton,31.3,Orestes,22.9,Tonetti,21.5,,,,,,,,,,,,,,,,,,,,,,,,
SP-02963/2016,https://noticias.uol.com.br/politica/ultimas-noticias/2016/07/15/datafolha-russomanno-lidera-disputa-a-prefeitura-de-sao-paulo-com-25.htm,SP,SÃO PAULO,1,p,1.0,,,Marta Suplicy,16.0,Russomano,25.0,Haddad,8.0,Luiza Erundina,10.0,João Doria,6.0,Marco Feliciano,4.0,Andrea Matarazzo,3.0,Levy Fidelix,2.0,Major Olimpio,2.0,Young,1.0,Marlene Machado,1.0,,,,,,,,
SP-02970/2018,http://www.folharondoniense.com.br/geral/bolsonaro-abre-vantagem-de-10-pontos-sobre-alckmin-em-sp-68-rejeitam-haddad-mostra-xp-ipespe/,SP,SÃO PAULO,1,PR,1.0,,,Bolsonaro,21.0,Alckmin,20.0,Ciro Gomes,9.0,Marina Silva,10.0,Haddad,5.0,João Amoedo,0.0,Álvaro Dias,4.0,Henrique Meirelles,0.0,,,,,,,,,,,,,,
SP-02970/2018,https://especiais.gazetadopovo.com.br/eleicoes/2018/pesquisas-eleitorais/ipespe/xp-ipespe-em-sao-paulo-bolsonaro-supera-alckmin-e-lidera-com-25-das-intencoes-de-voto/,SP,SÃO PAULO,1,PR,1.0,,,Bolsonaro,25.0,Alckmin,15.0,Ciro Gomes,9.0,Marina Silva,8.0,Haddad,8.0,João Amoedo,5.0,Álvaro Dias,3.0,Henrique Meirelles,2.0,,,,,,,,,,,,,,
SP-03011/2018,https://noticias.r7.com/eleicoes-2018/realtime-big-data-em-sp-paulo-skaf-tem-25-e-joao-doria-22-02102018,SP,SÃO PAULO,1,G,,,,Doria,22.0,Skaf,25.0,Marcio França,15.0,Luiz Marinho,7.0,Lisette Arelaro,2.0,Costa e Silva,2.0,Chequer,1.0,Candido,1.0,,,,,,,,,,,,,,
SP-03303/2016,http://www.informamais.com.br/Site/Paginas/Eleicoes--Pesquisa-eleitoral-aponta-Mara-Marsola-PEN-na-preferencia-dos-trifronteiranos-com-47/2492,SP,TRÊS FRONTEIRAS,1,p,,,,Mara Marsola,47.0,Bim Belão,33.0,,,,,,,,,,,,,,,,,,,,,,,,,,
SP-04178/2018,https://blogdosilvinhosilva.blogspot.com/2018/10/sao-paulo-doria-e-marcio-franca-com-50.html,SP,SÃO PAULO,1,G,1.0,,,Doria,48.0,Marcio França,48.0,,,,,,,,,,,,,,,,,,,,,,,,,,
SP-04232/2018,https://noticias.r7.com/eleicoes-2018/doria-tem-53-dos-votos-validos-e-franca-47-diz-realtime-big-data-19102018,SP,SÃO PAULO,1,G,,,,Doria,49.0,Marcio França,44.0,,,,,,,,,,,,,,,,,,,,,,,,,,
SP-04706/2018,http://www.portalcostabranca.com/2018/04/ex-prefeito-joao-doria-lidera-pesquisa.html,SP,SÃO PAULO,1,g,,,,Doria,29.0,Skaf,20.0,Marcio França,8.0,Luiz Marinho,7.0,,,,,,,,,,,,,,,,,,,,,,
SP-05199/2016,https://novodianoticias.com.br/2016/09/bocalon-esta-na-frente-em-itupeva-mostra-pesquisa/,SP,ITUPEVA,1,p,1.0,,,Ricardo Bocalon,37.2,Marcos Marchi,24.7,Adir do Sindicato,4.0,Adamis Oliveira,2.0,Batista,1.7,,,,,,,,,,,,,,,,,,,,
SP-05275/2016,https://diariodopoder.com.br/uncategorized/doria-tem-335-russomanno-197-marta-147-e-haddad-121-diz-pesquisa,SP,SÃO PAULO,1,p,1.0,,,Marta Suplicy,14.7,Russomano,19.7,Haddad,12.1,João Doria,33.5,,,,,,,,,,,,,,,,,,,,,,
SP-05611/2018,https://issuu.com/9865fdggd/docs/jm_229,SP,SÃO PAULO,1,g,1.0,,,Doria,24.0,Skaf,23.0,Marcio França,18.0,,,,,,,,,,,,,,,,,,,,,,,,
SP-05713/2016,https://www.novomomento.com.br/omar-tem-larga-vantagem-mostra-pesquisa/,SP,AMERICANA,1,p,,,,Omar Najar,55.0,Erich Hetzl,11.5,Luciano Correa,4.2,Dimas Zulian,3.7,,,,,,,,,,,,,,,,,,,,,,
SP-05713/2016,https://www.novomomento.com.br/omar-tem-larga-vantagem-mostra-pesquisa/,SP,AMERICANA,1,p,,,,Omar Najar,55.0,Erich Hetzl,11.5,Luciano Correa,4.2,Dimas Zulian,3.7,,,,,,,,,,,,,,,,,,,,,,
SP-06371/2018,https://noticias.r7.com/brasil/skaf-e-doria-lideram-disputa-para-governador-de-sao-paulo-14082018,SP,SÃO PAULO,1,g,,,,Doria,23.0,Skaf,25.0,Marcio França,4.0,Luiz Marinho,6.0,Lisette Arelaro,2.0,Chequer,1.0,,,,,,,,,,,,,,,,,,
SP-07091/2018,https://searadionaotoca.blogspot.com/2018/07/xpipespe-bolsonaro-empata-com-lula-em.html,SP,SÃO PAULO,1,PR,1.0,,,Lula,20.0,Bolsonaro,20.0,Alckmin,19.0,Marina,8.0,Ciro,7.0,Alvaro Dias,3.0,João Amoedo,2.0,Henrique Meirelles,2.0,Manuela D'ávila,1.0,,,,,,,,,,,,
SP-07313/2016,https://grupobomdia.com.br/pesquisas-apontam-eleicao-acirrada-em-bady-bassitt-tecnicamente-empatados/,SP,BADY BASSITT,1,p,,,,Tobardini,38.0,Meiri,36.5,,,,,,,,,,,,,,,,,,,,,,,,,,
SP-07939/2016,https://pauliniaonline.blogspot.com/2016/09/fls-divulga-resultado-de-pesquisa.html,SP,PAULÍNIA,1,p,1.0,,,Pavan,31.8,Dixon,23.8,Tuta,17.6,Yamada,2.0,Moura,1.0,,,,,,,,,,,,,,,,,,,,
SP-07939/2016,https://pauliniaonline.blogspot.com/2016/09/fls-divulga-resultado-de-pesquisa.html,SP,PAULÍNIA,1,p,1.0,,,Pavan,31.8,Dixon,23.8,Tuta,17.6,Yamada,2.0,Moura,1.0,,,,,,,,,,,,,,,,,,,,
SP-07990/2018,http://www.regiaonoroeste.com/portal/materias.php?id=188738,SP,SÃO PAULO,1,G,1.0,,,Doria,25.0,Skaf,23.0,Marcio França,8.0,Luiz Marinho,5.0,Lisette Arelaro,2.0,Major Costa e,1.0,,,,,,,,,,,,,,,,,,
SP-07990/2018,http://www.regiaonoroeste.com/portal/materias.php?id=188738,SP,SÃO PAULO,1,G,1.0,,,Doria,25.0,Skaf,23.0,Marcio França,8.0,Luiz Marinho,5.0,Lisette Arelaro,2.0,Major Costa e,1.0,,,,,,,,,,,,,,,,,,
SP-08400/2018,https://veja.abril.com.br/blog/radar/doria-e-skaf-empatados-em-nova-pesquisa/,SP,SÃO PAULO,1,G,1.0,,,Doria,23.0,Skaf,24.0,Marcio França,8.0,Luiz Marinho,6.0,,,,,,,,,,,,,,,,,,,,,,
SP-08612/2018,https://istoe.com.br/datafolha-sp-skaf-sobe-de-20-para-23-e-empata-tecnicamente-com-doria-25/,SP,SÃO PAULO,1,g,1.0,,,Doria,25.0,Skaf,23.0,Marcio França,8.0,Luiz Marinho,5.0,Lisette Arelaro,2.0,Costa e Silva,2.0,,,,,,,,,,,,,,,,,,
SP-08612/2018,https://istoe.com.br/datafolha-sp-skaf-sobe-de-20-para-23-e-empata-tecnicamente-com-doria-25/,SP,SÃO PAULO,1,g,1.0,,,Doria,25.0,Skaf,23.0,Marcio França,8.0,Luiz Marinho,5.0,Lisette Arelaro,2.0,Costa e Silva,2.0,,,,,,,,,,,,,,,,,,
SP-08612/2018,https://www.pragmatismopolitico.com.br/2018/08/pesquisas-eleitorais-senado.html,SP,SÃO PAULO,1,S,1.0,,,Suplicy,32.0,Mario Covas,18.0,Major Olímpio,13.0,Cidinha,7.0,Mara Gabrili,6.0,Tripoli,5.0,Antonio Neto,4.0,Ferreira,4.0,Maggi,3.0,Tatto,3.0,Cara,2.0,da Luz,2.0,de Cristo,2.0,Ferraro,2.0,Barbieri,2.0
SP-08612/2018,https://www.pragmatismopolitico.com.br/2018/08/pesquisas-eleitorais-senado.html,SP,SÃO PAULO,1,S,1.0,,,Suplicy,32.0,Mario Covas,18.0,Major Olímpio,13.0,Cidinha,7.0,Mara Gabrili,6.0,Tripoli,5.0,Antonio Neto,4.0,Ferreira,4.0,Maggi,3.0,Tatto,3.0,Cara,2.0,da Luz,2.0,de Cristo,2.0,Ferraro,2.0,Barbieri,2.0
SP-08612/2018,https://www.rp10.com.br/2018/08/pesquisa-datafolha-em-sao-paulo-doria-25-skaf-20-franca-e-marinho-4/,SP,SÃO PAULO,1,G,1.0,,,Doria,25.0,Skaf,20.0,Marcio França,4.0,Luiz Marinho,4.0,Lisette Arelaro,2.0,Costa e Silva,2.0,,,,,,,,,,,,,,,,,,
SP-08612/2018,https://www.rp10.com.br/2018/08/pesquisa-datafolha-em-sao-paulo-doria-25-skaf-20-franca-e-marinho-4/,SP,SÃO PAULO,1,G,1.0,,,Doria,25.0,Skaf,20.0,Marcio França,4.0,Luiz Marinho,4.0,Lisette Arelaro,2.0,Costa e Silva,2.0,,,,,,,,,,,,,,,,,,
TO-00028/2014,http://g1.globo.com/to/tocantins/eleicoes/2014/noticia/2014/09/marcelo-miranda-lidera-com-484-sandoval-tem-341-aponta-serpes.html,TO,TOCANTINS,1,G,1.0,,,Marcelo Miranda,48.4,Sandoval Cardoso,34.1,Ataídes Oliveira,2.5,,,,,,,,,,,,,,,,,,,,,,,,
TO-00368/2012,https://issuu.com/agiulio/docs/porto_news_ed39/7,TO,LAGOA DA CONFUSÃO,1,p,,,,Mauro,52.0,Neto Lindo,43.0,,,,,,,,,,,,,,,,,,,,,,,,,,
TO-00398/2012,https://issuu.com/agiulio/docs/porto_news_ed39/7,TO,DUERÉ,1,p,,,,Nélio,54.0,Valdeni,32.0,,,,,,,,,,,,,,,,,,,,,,,,,,
TO-08325/2016,https://afnoticias.com.br/instituto-centro-oeste-aponta-patricia-evelin-com-39-em-xambioa-silvia-tem-35/,TO,XAMBIOÁ,1,p,,,,Patricia Evelin,39.0,Silvia,35.0,Santiago,15.0,Maranhão,2.0,,,,,,,,,,,,,,,,,,,,,,
