outro id,tse_id,url,estado,cidade,util,position,estimulada,suspensa,vv,cand1,resul1,cand2,resul2,cand3,resul3,cand4,resul4,cand5,resul5,cand6,resul6,cand7,resul7,cand8,resul8,cand9,resul9,cand10,resul10,cand11,resul11,cand12,resul12,cand13,resul13,cand14,resul14,cand15,resul15
,MG-00520/2016,https://www.alfenashoje.com.br/noticia.asp?id_noticia=12469,MG,ALFENAS,1.0,P,1.0,,,LUIZINHO,40,TONINHO MUNHOZ,"19,3",DR. MARCOS EDUARDO,15,ENEIAS REZENDE,"5,2",,,,,,,,,,,,,,,,,,,,,,
,MS-00117/2012,https://bucharadopantanal.blogspot.com/2012/09/,MS,ANAST√ÅCIO,0.0,,,,,,,,,,,,,,,,,,,,,,,,,,,,,,,,,,
,ES-00077/2012,http://futuranet.ws/wp-content/uploads/2012/09/R_Campanha_Anchieta_201209_Site_V00.pdf,ES,ANCHIETA,1.0,P,0.0,,,MARQUINHOS,"42,3",RENATO LORENCINI,"36,1",,,,,,,,,,,,,,,,,,,,,,,,,,
,MG-00308/2012,https://www.sindojusmg.org.br/site/2013/02/19/conforme-a-lei-de-acesso-a-informacao/,MG,ANDRADAS,0.0,,,,,,,,,,,,,,,,,,,,,,,,,,,,,,,,,,
,ES-00026/2012,http://futuranet.ws/wp-content/uploads/2012/07/R_RedeGazeta_Aracruz_201207_SiteFutura_V002.pdf,ES,ARACRUZ,1.0,P,1.0,,,MARCELO COELHO,"64,1",JONES CAVAGLIERI,"9,2",DOUTORA GILCINEA,"7,5",,,,,,,,,,,,,,,,,,,,,,,,
,ES-00026/2012,http://futuranet.ws/wp-content/uploads/2012/07/R_RedeGazeta_Aracruz_201207_SiteFutura_V002.pdf,ES,ARACRUZ,1.0,P,0.0,,,MARCELO COELHO,"38,2",JONES CAVAGLIERI,"3,5",DOUTORA GILCINEA,1,,,,,,,,,,,,,,,,,,,,,,,,
,ES-00065/2012,http://futuranet.ws/wp-content/uploads/2012/09/R_RedeGazeta_Aracruz_201209_SiteFutura_V001.pdf,ES,ARACRUZ,1.0,P,1.0,,,MARCELO COELHO,"66,8",DOUTORA GILCINEA,"10,4",JONES CAVAGLIERI,"4,5",,,,,,,,,,,,,,,,,,,,,,,,
,ES-00065/2012,http://futuranet.ws/wp-content/uploads/2012/09/R_RedeGazeta_Aracruz_201209_SiteFutura_V001.pdf,ES,ARACRUZ,1.0,P,0.0,,,MARCELO COELHO,"59,9",DOUTORA GILCINEA,"5,2",JONES CAVAGLIERI,"3,2",,,,,,,,,,,,,,,,,,,,,,,,
,ES-00130/2012,http://futuranet.ws/wp-content/uploads/2012/10/Resultados_Eleitoral_Aracruz.pdf,ES,ARACRUZ,1.0,P,0.0,,,MARCELO COELHO,57,DOUTORA GILCINEA,"21,8",JONES CAVAGLIERI,"5,3",,,,,,,,,,,,,,,,,,,,,,,,
,ES-00130/2012,http://futuranet.ws/wp-content/uploads/2012/10/Resultados_Eleitoral_Aracruz.pdf,ES,ARACRUZ,1.0,P,0.0,,,MARCELO COELHO,53,DOUTORA GILCINEA,"13,8",JONES CAVAGLIERI,"4,5",,,,,,,,,,,,,,,,,,,,,,,,
,MG-04004/2016,https://consep26aispnc.blogspot.com/2016/09/pesquisa-datatempo-aponta-empate.html,MG,ARCOS,0.0,,,,,,,,,,,,,,,,,,,,,,,,,,,,,,,,,,
,MG-00014/2012,https://www.ocorvoveloz.com.br/2012_03_26_archive.html,MG,BARBACENA,0.0,,,,,,,,,,,,,,,,,,,,,,,,,,,,,,,,,,
,MG-00309/2012,https://www.yumpu.com/pt/document/view/8536766/aecio-neves-em-barbacena-dia-4-praca-publica-o-jornal-de-,MG,BARBACENA,1.0,P,0.0,,,TONINHO ANDRADA,"38,4",DANUZA BIAS,"11,1",,,,,,,,,,,,,,,,,,,,,,,,,,
,MG-00309/2012,https://www.yumpu.com/pt/document/view/8536766/aecio-neves-em-barbacena-dia-4-praca-publica-o-jornal-de-,MG,BARBACENA,1.0,P,1.0,,,TONINHO ANDRADA,"47,1",DANUZA BIAS,15,ADAILTON MARQUES,"3,3",,,,,,,,,,,,,,,,,,,,,,,,
,MG-00588/2012,https://www.ocorvoveloz.com.br/2012_09_27_archive.html,MG,BARBACENA,1.0,P,0.0,,,TONINHO ANDRADA,"41,1",DANUZA BIAS,"19,6",ADAILTON MARQUES,"1,8",,,,,,,,,,,,,,,,,,,,,,,,
,MG-00588/2012,https://www.ocorvoveloz.com.br/2012_09_27_archive.html,MG,BARBACENA,1.0,P,1.0,,,TONINHO ANDRADA,"49,5",DANUZA BIAS,"23,2",ADAILTON MARQUES,"3,8",,,,,,,,,,,,,,,,,,,,,,,,
,MG-00441/2012,https://gilvanmelo.blogspot.com/2012/09/em-bh-lacerda-lidera-com-vantagem-de.html,MG,BELO HORIZONTE,1.0,P,1.0,,,MARCIO LACERDA,"44,3",PATRUS ANANIAS,"30,8",VANESSA PORTUGAL,"1,5",,,,,,,,,,,,,,,,,,,,,,,,
,MG-00441/2012,"https://www.terra.com.br/noticias/brasil/politica/com-443-lacerda-lidera-pesquisa-em-bh-patrus-tem-308,a708b1c9d466b310VgnCLD200000bbcceb0aRCRD.html",MG,BELO HORIZONTE,1.0,P,0.0,,,MARCIO LACERDA,"38,2",PATRUS ANANIAS,"26,9",,,,,,,,,,,,,,,,,,,,,,,,,,
,MG-01160/2012,https://blogtvtudo.wordpress.com/2012/10/07/tvt-off-eleicoes2012-marcio-lacerda-lidera-com-466-em-bh/,MG,BELO HORIZONTE,1.0,P,,,,MARCIO LACERDA,"46,6",PATRUS ANANIAS,34,VANESSA PORTUGAL,"2,4",,,,,,,,,,,,,,,,,,,,,,,,
,MG-00362/2012,http://www.youblisher.com/p/429766-Jornal-Cidades-ED207/,MG,BETIM,0.0,,,,,,,,,,,,,,,,,,,,,,,,,,,,,,,,,,
,MG-01000/2012,http://www.siges.ima.mg.gov.br/form_estabelecimento_solicitacao/form_estabelecimento_solicitacao.php,MG,BETIM,0.0,,,,,,,,,,,,,,,,,,,,,,,,,,,,,,,,,,
,PB-08225/2016,http://deolhonocariri.com.br/outros/andre-gomes-lidera-pesquisa-com-593-em-boa-vista-tonito-aparece-em-segundo-com-28,PB,BOA VISTA,1.0,P,0.0,,,ANDRE GOMES,"54,7",ANTONIO PEREIRA,"25,7",EDVAN LEITE,1,,,,,,,,,,,,,,,,,,,,,,,,
,PB-08225/2016,http://deolhonocariri.com.br/outros/andre-gomes-lidera-pesquisa-com-593-em-boa-vista-tonito-aparece-em-segundo-com-28,PB,BOA VISTA,1.0,P,1.0,,,ANDRE GOMES,"59,3",ANTONIO PEREIRA,28,,,,,,,,,,,,,,,,,,,,,,,,,,
,BR-00012/2014,https://gilvanmelo.blogspot.com/2014_02_19_archive.html,BR,BRASIL,1.0,PR,0.0,,,DILMA ROUSSEFF,"21,3",LULA,"5,6",AECIO NEVES,"5,6",MARINA SILVA,"3,5",EDUARDO CAMPOS,"2,6",,,,,,,,,,,,,,,,,,,,
,BR-00012/2014,https://issuu.com/diariodegoias/docs/cntfevereiro2014-r117-final,BR,BRASIL,1.0,PR,1.0,,,DILMA ROUSSEFF,"40,7",MARINA SILVA,"20,6",AECIO NEVES,"15,1",,,,,,,,,,,,,,,,,,,,,,,,
,BR-00073/2014,https://issuu.com/diariodovale/docs/7464_-_diario_-_quarta-feira_-_22.1/3,BR,BRASIL,,,,,,,,,,,,,,,,,,,,,,,,,,,,,,,,,,,
,BR-00073/2014,https://issuu.com/jornalodiario/docs/jornal21102014,BR,BRASIL,1.0,PR,,,1.0,DILMA ROUSSEFF,52,AECIO NEVES,48,,,,,,,,,,,,,,,,,,,,,,,,,,
RJ-00073/2014,BR-00073/2014,https://www.brasil247.com/regionais/sudeste/ibope-pezao-sobe-a-56-crivela-tem-44,BR,BRASIL,1.0,G,,,,PEZAO,46,CRIVELLA,36,,,,,,,,,,,,,,,,,,,,,,,,,,
,BR-00084/2014,http://ww2.fepam.rs.gov.br/Doclics/signed/2014/P7S/619038.pdf.p7s,BR,BRASIL,0.0,,,,,,,,,,,,,,,,,,,,,,,,,,,,,,,,,,
,BR-00086/2014,https://blogdowilsonfilho.blogspot.com/2014/04/,BR,BRASIL,1.0,PR,1.0,,,DILMA ROUSSEFF,"36,4",AECIO NEVES,"21,2",EDUARDO CAMPOS,"11,1",,,,,,,,,,,,,,,,,,,,,,,,
,BR-00086/2014,https://issuu.com/orangotoe/docs/755-6c014025-e1c5-488b-abee-ed70a6d0d7ee,BR,BRASIL,1.0,PR,0.0,,,DILMA ROUSSEFF,"20,5",AECIO NEVES,"9,3",EDUARDO CAMPOS,"3,6",LULA,"6,5",MARINA SILVA,"4,5",,,,,,,,,,,,,,,,,,,,
,BR-00188/2014,https://docplayer.com.br/1584451-Http-www-gianelli-net-br.html,BR,BRASIL,0.0,,,,,,,,,,,,,,,,,,,,,,,,,,,,,,,,,,
ES-00011/2014,BR-00211/2014,http://g1.globo.com/espirito-santo/eleicoes/2014/noticia/2014/07/hartung-lidera-intencoes-de-voto-para-o-governo-do-es-diz-futura.html,BR,BRASIL,1.0,G,1.0,,,PAULO HARTUNG,"47,9",RENATO CASAGRANDE,"26,8",CAMILA VALADAO,"2,4",ROBERTO CARLOS,"1,4",,,,,,,,,,,,,,,,,,,,,,
,BR-00211/2014,https://ebarross.blogspot.com/2014_07_13_archive.html,BR,BRASIL,1.0,PR,1.0,,,AECIO NEVES,23,DILMA ROUSSEFF,20,EDURDO CAMPOS,"8,4",PASTOR EVERALDO,"2,8",JOSE MARIA,1,,,,,,,,,,,,,,,,,,,,
,BR-00222/2014,https://www.paradoxzero.com/2014/pesquisa-opiniao-pernambuco-julho-2014/,BR,BRASIL,0.0,,,,,,,,,,,,,,,,,,,,,,,,,,,,,,,,,,
,BR-00322/2014,"https://www.em.com.br/app/noticia/politica/2014/08/10/interna_politica,556966/aecio-sai-na-frente-em-minas-e-no-distrito-federal.shtml",BR,BRASIL,1.0,PR,,,,AECIO NEVES,"30,3",DILMA ROUSSEFF,"26,1",EDUARDO CAMPOS,"14,3",PASTOR EVERALDO,"3,3",,,,,,,,,,,,,,,,,,,,,,
,BR-00324/2014,https://angelim-com.blogspot.com/2014/08/mda-em-minas-aecio-tem-41-e-dilma-32.html,BR,BRASIL,1.0,PR,0.0,,,AECIO NEVES,"27,4",DILMA ROUSSEFF,"26,3",EDUARDO CAMPOS,"2,2",,,,,,,,,,,,,,,,,,,,,,,,
,BR-00324/2014,https://angelim-com.blogspot.com/2014/08/mda-em-minas-aecio-tem-41-e-dilma-32.html,BR,BRASIL,1.0,PR,1.0,,,AECIO NEVES,"41,8",DILMA ROUSSEFF,"32,5",EDUARDO CAMPOS,"5,4",PASTOR EVERALDO,"1,2",,,,,,,,,,,,,,,,,,,,,,
PR-00012/2014,BR-00342/2014,https://pt.slideshare.net/ClaudioOsti/pesquisa-maringa,BR,BRASIL,1.0,S,1.0,,,ALVARO DIAS,"54,6",RICARDO GOMYDE,"10,9",PROFESSOR PIVA,"5,8",MARCELO ALMEIDA,"2,4",,,,,,,,,,,,,,,,,,,,,,
PR-00012/2014,BR-00342/2014,https://pt.slideshare.net/ClaudioOsti/pesquisa-maringa,BR,BRASIL,1.0,G,1.0,,,BETO RICHA,"37,6",REQUIAO,"27,5",GLEISI HOFFMANN,"20,4",,,,,,,,,,,,,,,,,,,,,,,,
,BR-00342/2014,https://pt.slideshare.net/ClaudioOsti/pesquisa-maringa,BR,BRASIL,1.0,PR,1.0,,,DILMA,"41,1",AECIO NEVES,28,EDUARDO CAMPOS,"10,9",PASTOR EVERALDO,"1,4",ZE MARIA,"1,9",,,,,,,,,,,,,,,,,,,,
,BR-00346/2018,https://barrocasnoar.blogspot.com/2018/,BR,BRASIL,1.0,PR,0.0,,,JAIR BOLSONARO,"45,8",FERNANDO HADDAD,"33,3",,,,,,,,,,,,,,,,,,,,,,,,,,
,BR-00346/2018,https://camocimimparcial.blogspot.com/2018/10/pesquisa-cntmda-bolsonaro-soma-57.html,BR,BRASIL,1.0,PR,1.0,,,JAIR BOLSONARO,"48,8",FERNANDO HADDAD,"36,7",,,,,,,,,,,,,,,,,,,,,,,,,,
ES-00016/2014,BR-00376/2014,http://futuranet.ws/wp-content/uploads/2014/08/R_RedeGazeta_Avalia%C3%A7%C3%A3oEstadual_201408_V00_Site.pdf,BR,BRASIL,1.0,S,1.0,,,ROSE DE FREITAS,"21,9",JOAO CARLOS COSER,"17,9",NEUCIMAR FRAGA,13,ANDRE MOREIRA,"1,8",RAPHAEL GOES FURTADO,"1,5",,,,,,,,,,,,,,,,,,,,
ES-00016/2014,BR-00376/2014,http://futuranet.ws/wp-content/uploads/2014/08/R_RedeGazeta_Avalia%C3%A7%C3%A3oEstadual_201408_V00_Site.pdf,BR,BRASIL,1.0,S,0.0,,,ROSE DE FREITAS,"7,2",JOAO CARLOS COSER,4,NEUCIMAR FRAGA,"3,4",,,,,,,,,,,,,,,,,,,,,,,,
ES-00016/2014,BR-00376/2014,http://futuranet.ws/wp-content/uploads/2014/08/R_RedeGazeta_Avalia%C3%A7%C3%A3oEstadual_201408_V00_Site.pdf,BR,BRASIL,1.0,G,1.0,,,PAULO HARTUNG,"49,8",RENATO CASAGRANDE,"31,9",CAMILA VALADAO,"1,2",ROBERTO CARLOS,"1,2",,,,,,,,,,,,,,,,,,,,,,
ES-00016/2014,BR-00376/2014,http://futuranet.ws/wp-content/uploads/2014/08/R_RedeGazeta_Avalia%C3%A7%C3%A3oEstadual_201408_V00_Site.pdf,BR,BRASIL,1.0,G,0.0,,,PAULO HARTUNG,"29,2",RENATO CASAGRANDE,"19,4",,,,,,,,,,,,,,,,,,,,,,,,,,
,BR-00376/2014,http://futuranet.ws/wp-content/uploads/2014/08/R_RedeGazeta_Avalia%C3%A7%C3%A3oEstadual_201408_V00_Site.pdf,BR,BRASIL,1.0,PR,1.0,,,AECIO NEVES,27,DILMA ROUSSEFF,"23,4",EDUARDO CAMPOS,"7,5",PASTOR EVERALDO,"2,2",,,,,,,,,,,,,,,,,,,,,,
,BR-00376/2014,http://futuranet.ws/wp-content/uploads/2014/08/R_RedeGazeta_Avalia%C3%A7%C3%A3oEstadual_201408_V00_Site.pdf,BR,BRASIL,1.0,PR,0.0,,,DILMA ROUSSEFF,"16,8",AECIO NEVES,"16,4",EDUARDO CAMPOS,"4,2",,,,,,,,,,,,,,,,,,,,,,,,
,BR-00389/2014,https://cipcomunicacion.com/2014/08/22/encuesta-electoral-para-presidente-de-brasil/,BR,BRASIL,1.0,PR,1.0,,,DILMA,"36,2",AECIO NEVES,"22,1",EDUARDO CAMPOS,"8,2",PASTOR EVERALDO,"2,1",,,,,,,,,,,,,,,,,,,,,,
,BR-00389/2014,https://docplayer.com.br/77351314-Pesquisa-cnt-mda-relatorio-sintese.html,BR,BRASIL,1.0,PR,0.0,,,DILMA ROUSSEFF,"25,6",AECIO NEVES,"12,6",EDUARDO CAMPOS,"3,5",,,,,,,,,,,,,,,,,,,,,,,,
,BR-00400/2014,https://canaldenoticiaagora.blogspot.com/2014/09/pesquisa-eleitoral-para-presidente.html,BR,BRASIL,1.0,PR,1.0,,,DILMA ROUSSEFF,"34,2",MARINA SILVA,"28,2",AECIO NEVES,16,PASTOR EVERALDO,"1,3",,,,,,,,,,,,,,,,,,,,,,
,BR-00400/2014,https://issuu.com/cearanews7/docs/relatorio_20sintese_20-_20cnt_20ago,BR,BRASIL,1.0,PR,0.0,,,DILMA ROUSSEFF,"26,4",MARINA SILVA,"18,6",AECIO NEVES,"11,3",,,,,,,,,,,,,,,,,,,,,,,,
,BR-00451/2018,http://docplayer.com.br/75103773-Eleicoes-2018-presidencia.html,BR,BRASIL,1.0,PR,1.0,,,JAIR BOLSONARO,"27,27",MARINA SILVA,"14,93",JOAQUIM BARBOSA,"13,35",CIRO GOMES,"6,5",GERALDO ALCKMIN,"6,3",ALVARO DIAS,"5,53",FERNANDO HADDAD,"1,45",HENRIQUE MEIRELLES,"1,34",,,,,,,,,,,,,,
,BR-00470/2014,https://mococa24horas.com.br/noticias/det/614/geraldo-e-marina-lideram-em-sp-apontam-pesquisas?p=noticias/det/614/geraldo-e-marina-lideram-em-sp-apontam-pesquisas,BR,BRASIL,1.0,PR,0.0,,,MARINA SILVA,28,DILMA ROUSSEFF,20,AECIO NEVES,14,,,,,,,,,,,,,,,,,,,,,,,,
,BR-00470/2014,https://mococa24horas.com.br/noticias/det/614/geraldo-e-marina-lideram-em-sp-apontam-pesquisas?p=noticias/det/614/geraldo-e-marina-lideram-em-sp-apontam-pesquisas,BR,BRASIL,1.0,PR,1.0,,,MARINA SILVA,39,DILMA ROUSSEFF,23,AECIO NEVES,17,,,,,,,,,,,,,,,,,,,,,,,,
,BR-00574/2014,http://bloganoticiaacontece.weebly.com/blog/archives/09-2014,BR,BRASIL,1.0,PR,,,,DILMA ROUSSEFF,"38,1",MARINA SILVA,"33,5",AECIO NEVES,"14,7",PASTOR EVERALDO,1,,,,,,,,,,,,,,,,,,,,,,
,BR-00574/2014,https://issuu.com/diariodoscampos/docs/ed32320,BR,BRASIL,1.0,PR,0.0,,,DILMA ROUSSEFF,"30,9",MARINA SILVA,"25,8",AECIO NEVES,"10,1",,,,,,,,,,,,,,,,,,,,,,,,
ES-00021/2014,BR-00694/2014,http://g1.globo.com/espirito-santo/eleicoes/2014/noticia/2014/09/ao-senado-rose-tem-27-neucimar-17-e-coser-15-diz-futura-no-es.html,BR,BRASIL,1.0,S,0.0,,,ROSE DE FREITAS,15,NEUCIMAR,9,JOAO COSER,6,,,,,,,,,,,,,,,,,,,,,,,,
ES-00021/2014,BR-00694/2014,http://g1.globo.com/espirito-santo/eleicoes/2014/noticia/2014/09/ao-senado-rose-tem-27-neucimar-17-e-coser-15-diz-futura-no-es.html,BR,BRASIL,1.0,S,1.0,,,ROSE DE FREITAS,27,NEUCIMAR,17,JOAO COSER,15,ANDRE MOREIRA,2,,,,,,,,,,,,,,,,,,,,,,
ES-00021/2014,BR-00694/2014,http://g1.globo.com/espirito-santo/eleicoes/2014/noticia/2014/09/hartung-tem-49-e-casagrande-31-diz-futura-no-espirito-santo.html,BR,BRASIL,1.0,G,0.0,,,PAULO HARTUNG,36,CASAGRANDE,22,ROBERTO CARLOS,1,CAMILA VALADAO,1,,,,,,,,,,,,,,,,,,,,,,
ES-00021/2014,BR-00694/2014,http://g1.globo.com/espirito-santo/eleicoes/2014/noticia/2014/09/hartung-tem-49-e-casagrande-31-diz-futura-no-espirito-santo.html,BR,BRASIL,1.0,G,1.0,,,PAULO HARTUNG,49,CASAGRANDE,31,ROBERTO CARLOS,2,CAMILA VALADAO,1,,,,,,,,,,,,,,,,,,,,,,
,BR-00703/2014,https://correiodeminas.com.br/pesquisa-revela-que-lafaiete-nao-deve-eleger-deputado/,BR,BRASIL,0.0,,,,,,,,,,,,,,,,,,,,,,,,,,,,,,,,,,
,BR-00753/2014,https://blogdojcfilho.blogspot.com/2014/09/,BR,BRASIL,1.0,PR,1.0,,,DILMA ROUSSEFF,36,MARINA SILVA,"27,4",AECIO NEVES,"17,6",,,,,,,,,,,,,,,,,,,,,,,,
,BR-00753/2014,https://www.blogdanoeliabrito.com/2014/09/cnt-sensus-dilma-ultrapassa-marina-em.html,BR,BRASIL,1.0,PR,0.0,,,DILMA ROUSSEFF,"31,4",MARINA SILVA,23,,,,,,,,,,,,,,,,,,,,,,,,,,
,BR-00770/2014,https://mococa24horas.com.br/noticias/det/687/geraldo-e-marina-continuam-liderando-em-sp-aponta-pesquisa,BR,BRASIL,1.0,PR,,,,MARINA SILVA,"33,6",DILMA ROUSSEFF,"26,4",AECIO NEVES,"21,2",PASTOR EVERALDO,"2,3",EDUARDO JORGE,"1,5",LEVY FIDELIX,"1,2",LUCIANA GENRO,"1,2",,,,,,,,,,,,,,,,
ES-00025/2014,BR-00859/2014,http://g1.globo.com/espirito-santo/eleicoes/2014/noticia/2014/09/ao-senado-rose-tem-27-neucimar-135-e-coser-13-diz-futura-no-es.html,BR,BRASIL,1.0,S,0.0,,,ROSE DE FREITAS,"16,5",NEUCIMAR FRAGA,7,JOAO COSER,7,,,,,,,,,,,,,,,,,,,,,,,,
ES-00025/2014,BR-00859/2014,http://g1.globo.com/espirito-santo/eleicoes/2014/noticia/2014/09/ao-senado-rose-tem-27-neucimar-135-e-coser-13-diz-futura-no-es.html,BR,BRASIL,1.0,S,1.0,,,ROSE DE FREITAS,27,NEUCIMAR FRAGA,"13,5",JOAO COSER,13,ANDRE MOREIRA,"1,5",,,,,,,,,,,,,,,,,,,,,,
ES-00025/2014,BR-00859/2014,http://g1.globo.com/espirito-santo/eleicoes/2014/noticia/2014/09/hartung-tem-50-e-casagrande-28-diz-futura-no-espirito-santo.html,BR,BRASIL,1.0,G,0.0,,,PAULO HARTUNG,41,CASAGRANDE,23,ROBERTO CARLOS,"1,5",,,,,,,,,,,,,,,,,,,,,,,,
ES-00025/2014,BR-00859/2014,http://g1.globo.com/espirito-santo/eleicoes/2014/noticia/2014/09/hartung-tem-50-e-casagrande-28-diz-futura-no-espirito-santo.html,BR,BRASIL,1.0,G,1.0,,,PAULO HARTUNG,50,CASAGRANDE,28,ROBERTO CARLOS,"2,5",,,,,,,,,,,,,,,,,,,,,,,,
,BR-00892/2014,https://blog-ferreirinha.blogspot.com/2014/09/,BR,BRASIL,1.0,PR,1.0,,,DILMA ROUSSEFF,"40,4",MARINA SILVA,"25,2",AECIO NEVES,"19,8",,,,,,,,,,,,,,,,,,,,,,,,
,BR-00892/2014,https://jornal-usina-de-eventos.blogspot.com/2014/09/,BR,BRASIL,1.0,PR,0.0,,,DILMA ROUSSEFF,"36,7",MARINA SILVA,"22,5",AECIO NEVES,"17,5",,,,,,,,,,,,,,,,,,,,,,,,
ES-00033/2014,BR-00990/2014,http://g1.globo.com/espirito-santo/eleicoes/2014/noticia/2014/10/hartung-tem-56-e-casagrande-39-diz-futura-no-espirito-santo.html,BR,BRASIL,1.0,G,1.0,,,PAULO HARTUNG,45,CASAGRANDE,31,ROBERTO CARLOS,2,CAMILA VALADAO,1,,,,,,,,,,,,,,,,,,,,,,
,BR-00990/2014,https://www.vilanoticias.com/ibope-e-futura-mostram-larga-vantagem-de-paulo-hartung-eleicao-deve-ser-decidida-no-primeiro/,BR,BRASIL,1.0,PR,,,1.0,MARINA SILVA,"35,2",DILMA ROUSSEFF,"34,6",AECIO NEVES,"27,7",LUCIANA GENRO,1,,,,,,,,,,,,,,,,,,,,,,
ES-00033/2014,BR-00990/2014,https://www.vilanoticias.com/ibope-e-futura-mostram-larga-vantagem-de-paulo-hartung-eleicao-deve-ser-decidida-no-primeiro/,BR,BRASIL,1.0,S,,,1.0,ROSE DE FREITAS,"49,6",NEUCIMAR FRAGA,"29,7",JOAO COSER,"17,1",ANDRE MOREIRA,"2,3",RAPHAEL FURTADO,"1,3",,,,,,,,,,,,,,,,,,,,
,BR-00992/2014,http://www.pinheirinho.net/2014/09/,BR,BRASIL,1.0,PR,,,,DILMA ROUSSEFF,"40,4",MARINA SILVA,"25,2",AECIO NEVES,"19,8",,,,,,,,,,,,,,,,,,,,,,,,
,BR-01032/2014,https://agentepoeta.blogspot.com/2014/,BR,BRASIL,1.0,PR,,,,DILMA,"40,6",AECIO NEVES,24,MARINA SILVA,"21,4",LUCIANA GENRO,"1,1",,,,,,,,,,,,,,,,,,,,,,
,BR-01129/2014,https://www.campograndenews.com.br/politica/aecio-esta-14-pontos-a-frente-de-dilma-roussef-em-mato-grosso-do-sul,BR,BRASIL,1.0,PR,0.0,,,AECIO NEVES,"46,94",DILMA,"35,29",,,,,,,,,,,,,,,,,,,,,,,,,,
,BR-01129/2014,https://www.campograndenews.com.br/politica/aecio-esta-14-pontos-a-frente-de-dilma-roussef-em-mato-grosso-do-sul,BR,BRASIL,1.0,PR,1.0,,,AECIO NEVES,"53,53",DILMA,"40,24",,,,,,,,,,,,,,,,,,,,,,,,,,
,BR-01139/2014,https://amarelinho10.blogspot.com/2014_10_20_archive.html,BR,BRASIL,1.0,PR,1.0,,,DILMA ROUSSEF,"45,5",AECIO NEVES,"44,5",,,,,,,,,,,,,,,,,,,,,,,,,,
,BR-01139/2014,https://politicaenfoco.blogspot.com/2014/10/,BR,BRASIL,1.0,PR,0.0,,,DILMA ROUSSEFF,"43,8",AECIO NEVES,"42,1",,,,,,,,,,,,,,,,,,,,,,,,,,
,BR-01199/2014,http://www.angueraonlineba.com/2014/10/,BR,BRASIL,1.0,PR,0.0,,,AECIO NEVES,"44,4",DILMA ROUSSEFF,"43,3",,,,,,,,,,,,,,,,,,,,,,,,,,
,BR-01199/2014,https://blogdoedsonjoel.blogspot.com/2014/,BR,BRASIL,1.0,PR,1.0,,,AECIO NEVES,"45,3",DILMA ROUSSEFF,"44,7",,,,,,,,,,,,,,,,,,,,,,,,,,
,BR-01200/2014,https://www.campograndenews.com.br/politica/em-ms-aecio-tem-vantagem-de-13-pontos-e-segue-na-frente-de-dilma,BR,BRASIL,1.0,PR,,,,AECIO NEVES,"52,56",DILMA ROUSSEFF,"39,76",,,,,,,,,,,,,,,,,,,,,,,,,,
MG-08614/2018,BR-02780/2018,http://www.jornalcorreiodacidade.com.br/noticias/15263-pesquisa-prove-2018-mais-da-metade-dos-lafaietenses-ainda-nao-sabe-em-quem-votar,BR,BRASIL,1.0,DF,0.0,,,MARCO ANTONIO,"2,8",MANOEL VESPUCIO,"2,8",PADRE JOAO,"1,8",,,,,,,,,,,,,,,,,,,,,,,,
MG-08614/2018,BR-02780/2018,http://www.jornalcorreiodacidade.com.br/noticias/15263-pesquisa-prove-2018-mais-da-metade-dos-lafaietenses-ainda-nao-sabe-em-quem-votar,BR,BRASIL,1.0,DE,0.0,,,GLAYCON FRANCO,"19,5",SELMA ROCHA,5,GIOVANNY LAPORTE,2,,,,,,,,,,,,,,,,,,,,,,,,
,BR-03303/2018,https://aldenisfernandes.blogspot.com/2018/09/,BR,BRASIL,1.0,PR,1.0,,,JAIR BOLSONARO,"28,2",FERNANDO HADDAD,"25,2",CIRO GOMES,"9,4",GERALDO ALCKMIN,"7,3",MARINA SILVA,"2,6",JOAO AMOEDO,2,HENRIQUE MEIRELLES,2,ALVARO DIAS,"1,7",,,,,,,,,,,,,,
,BR-03303/2018,https://www.slideshare.net/lcazenha/resultados-cnt-mda139,BR,BRASIL,1.0,PR,0.0,,,JAIR BOLSONARO,"25,5",FERNANDO HADDAD,"19,7",CIRO GOMES,"6,7",GERALDO ALCKMIN,5,LULA,"2,4",JOAO AMOEDO,"1,6",ALVARO DIAS,"1,3",MARINA SILVA,"1,2",HENRIQUE MEIRELLES,"1,1",,,,,,,,,,,,
,BR-04362/2018,https://www.slideshare.net/lcazenha/pesquisa-cnt-138,BR,BRASIL,1.0,PR,1.0,,,JAIR BOLSONARO,"28,2",FERNANDO HADDAD,"17,6",CIRO GOMES,"10,8",GERALDO ALCKMIN,"6,1",MARINA SILVA,"4,1",JOAO AMOEDO,"2,8",ALVARO DIAS,"1,9",HENRIQUE MEIRELLES,"1,7",,,,,,,,,,,,,,
,BR-04362/2018,https://www.slideshare.net/lcazenha/pesquisa-cnt-138,BR,BRASIL,1.0,PR,0.0,,,JAIR BOLSONARO,"23,7",FERNANDO HADDAD,"9,1",LULA,"7,5",CIRO GOMES,"6,3",GERALDO ALCKMIN,"2,8",JOAO AMOEDO,"1,8",MARINA SILVA,"1,7",,,,,,,,,,,,,,,,
,BR-04819/2018,https://www.slideshare.net/lcazenha/cntmda-140-resultados,BR,BRASIL,1.0,PR,1.0,,,JAIR BOLSONARO,"36,7",FERNANDO HADDAD,24,CIRO GOMES,"9,9",GERAD,"5,8",JOAO AMOEDO,"2,3",MARINA SILVA,"2,2",ALVARO DIAS,"1,7",HENRIQUE MEIRELLES,"1,6",CABO DACIOLO,"1,3",,,,,,,,,,,,
,BR-04819/2018,https://www.slideshare.net/lcazenha/cntmda-140-resultados,BR,BRASIL,1.0,PR,0.0,,,JAIR BOLSONARO,"33,9",FERNANDO HADDAD,"20,4",CIRO GOMES,"7,3",GERALDO ALCKMIN,"4,1",JOAO AMOEDO,"1,8",HENRIQUE MEIRELLES,"1,2",MARINA SILVA,"1,1",ALVARO DIAS,"1,1",,,,,,,,,,,,,,
MG-06081/2018,BR-05535/2018,https://www.cnt.org.br/imprensa/noticia/cnt-divulga-terceira-pesquisa-eleicoes-minas-gerais,BR,BRASIL,1.0,S,1.0,,,DILMA ROUSSEFF,"24,3",RODRIGO PACHECO,"16,7",JORNALISTA CARLOS VIANA,"16,3",DINIS PINHEIRO,"10,4",RODRIGO PAIVA,"9,5",FABIO CHEREM,"9,5",MIGUEL CORREA,"6,1",CORONEL LACERDA,"5,7",BISPO DAMASCENO,"4,8",PROFESSOR TULIO LOPES,"3,5",VANESSA PORTUGAL BARBOSA,"2,6",DUDA SALABERT,"2,2",ANA ALVES,"1,3",KAKA MENEZES,"1,3",,
MG-06081/2018,BR-05535/2018,https://www.cnt.org.br/imprensa/noticia/cnt-divulga-terceira-pesquisa-eleicoes-minas-gerais,BR,BRASIL,1.0,G,1.0,,,ANTONIO ANASTASIA,"31,5",FERNANDO PIMENTEL,"19,3",ROMEU ZEMA,"14,2",ADALCLEVER LOPES,"2,5",JOAO BATISTA DOS MARES GUIA,"1,6",DIRLENE MARQUES,"1,1",,,,,,,,,,,,,,,,,,
,BR-05535/2018,https://www.cnt.org.br/imprensa/noticia/cnt-divulga-terceira-pesquisa-eleicoes-minas-gerais,BR,BRASIL,1.0,PR,1.0,,,JAIR BOLSONARO,"39,7",FERNANDO HADDAD,"19,9",CIRO GOMES,"8,7",GERALDO ALCKMIN,"6,8",JOAO AMOEDO,"3,4",MARINA SILVA,"3,1",HENRIQUE MEIRELLES,"1,5",CABO DACIOLO,"1,4",,,,,,,,,,,,,,
,BR-05911/2018,https://www.slideshare.net/lcazenha/cnt-mda-eleicoesspagosto2018,BR,BRASIL,1.0,PR,1.0,,,JAIR BOLSONARO,"18,9",GERALDO ALCKMIN,15,MARINA SILVA,"8,4",FERNANDO HADDAD,"8,3",CIRO GOMES,6,ALVARO DIAS,"1,8",MANUELA D'AVILA,"1,7",GUILHERME BOULOS,"1,1",VERA LUCIA,"1,1",HENRIQUE MEIRELLES,1,,,,,,,,,,
SP-04729/2018,BR-05911/2018,https://www.slideshare.net/lcazenha/cnt-mda-eleicoesspagosto2018,BR,BRASIL,1.0,S,1.0,,,EDUARDO SUPLICY,"24,2",MARTA SUPLICY,"16,7",MARIO COVAS NETO,"12,9",MAJOR OLIMPIO,11,RICARDO TRIPOLI,"5,6",EDUCADOR DANIEL CARA,"4,2",JILMAR TATTO,4,MARA GABRILLI,"3,9",SILVA FERRARO,"3,8",DIOGO DA LUZ,"2,4",JAIR ANDREONI,"1,2",,,,,,,,
SP-04729/2018,BR-05911/2018,https://www.slideshare.net/lcazenha/cnt-mda-eleicoesspagosto2018,BR,BRASIL,1.0,S,0.0,,,EDUARDO SUPLICY,"3,5",MAJOR OLIMPIO,1,,,,,,,,,,,,,,,,,,,,,,,,,,
SP-04729/2018,BR-05911/2018,https://www.slideshare.net/lcazenha/cnt-mda-eleicoesspagosto2018,BR,BRASIL,1.0,G,1.0,,,JOAO DORIA,"16,4",PAULO SKAF,"16,2",MARCIO FRANÇA,5,LUIZ MARINHO,"4,8",PROF. LISETE ARELARO,"2,8",RODRIGO TAVARES,1,TONINHO FERREIRA,1,,,,,,,,,,,,,,,,
SP-04729/2018,BR-05911/2018,https://www.slideshare.net/lcazenha/cnt-mda-eleicoesspagosto2018,BR,BRASIL,1.0,G,0.0,,,JOAO DORIA,"4,2",PAULO SKAF,"2,2",MARCIO FRANÇA,"1,6",,,,,,,,,,,,,,,,,,,,,,,,
,BR-06132/2018,http://maranhaohoje.com/em-minas-lula-lidera-para-presidente-e-dilma-rousseff-para-o-senado/,BR,BRASIL,1.0,PR,1.0,,,JAIR BOLSONARO,"21,9",FERNANDO HADDAD,"12,6",MARINA SILVA,"9,3",CIRO GOMES,"7,1",GERALDO ALCKMIN,"5,9",JOAO AMOEDO,"1,9",ALVARO DIAS,"2,2",HENRIQUE MEIRELLES,"1,4",GUILHERME BOULOS,1,,,,,,,,,,,,
MG-02724/2018,BR-06132/2018,https://bhaz.com.br/2018/08/23/brancos-nulos-pesquisa-minas/,BR,BRASIL,1.0,S,,,,DILMA ROUSSEFF,"23,2",JORNALISTA CARLOS VIANA,"7,9",PROFESSOR TULIO LOPES,"6,4",DINIS PINHEIRO,"5,4",RODRIGO PACHECO,"5,4",BISPO DAMASCENO,"5,4",CORONEL LACERDA,5,JORGE LUNA,"4,4",VANESSA PORTUGAL BARBOSA,"4,2",RODRIGO PAIVA,"4,1",JAIME MARTINS,"2,5",ANA ALVES,2,DUDA SALABERT,"1,6",KAKA MENEZES,"1,4",,
MG-02724/2018,BR-06132/2018,https://bhaz.com.br/2018/08/23/brancos-nulos-pesquisa-minas/,BR,BRASIL,1.0,G,1.0,,,ANTONIO ANASTASIA,"25,1",FERNANDO PIMENTEL,"18,6",ROMEU ZEMA,"4,3",DIRLENE MARQUES,"1,9",JOAO BATISTA DOS MARES GUIA,"1,6",,,,,,,,,,,,,,,,,,,,
MG-02724/2018,BR-06132/2018,https://folhadosulmg.blogspot.com/2018/08/,BR,BRASIL,1.0,G,0.0,,,ANTONIO ANASTASIA,"7,1",FERNANDO PIMENTEL,"4,4",MARCIO LACERDA,2,ROMEU ZEMA,"1,4",,,,,,,,,,,,,,,,,,,,,,
,BR-06600/2018,http://tijolaco.net/blog/wp-content/uploads/2018/03/relatorio_sintese_completo_cntmda_135.pdf,BR,BRASIL,1.0,PR,1.0,,,LULA,"33,4",JAIR BOLSONARO,"16,8",MARINAS SILVA,"7,8",GERALDO ALCKMIN,"6,4",CIRO GOMES,"4,3",ALVARO DIAS,"3,3",FERNANDO COLLOR,"1,2",,,,,,,,,,,,,,,,
,BR-06600/2018,http://tijolaco.net/blog/wp-content/uploads/2018/03/relatorio_sintese_completo_cntmda_135.pdf,BR,BRASIL,1.0,PR,0.0,,,LULA,"18,6",JAIR BOLSONARO,"12,3",CIRO GOMES,"1,7",GERALDO ALCKMIN,"1,4",ALVARO DIAS,"1,2",MARINA SILVA,"1,2",,,,,,,,,,,,,,,,,,
,BR-06718/2018,https://www.calameo.com/books/005029257abb2265604a2,BR,BRASIL,1.0,PR,0.0,,,JAIR BOLSONARO,"32,37",FERNANDO HADDAD,"10,14",CIRO GOMES,"2,99",GERALDO ALCKMIN,"2,95",MARINA SILVA,"1,83",ALVARO DIAS,"1,1",,,,,,,,,,,,,,,,,,
,BR-06718/2018,https://www.calameo.com/books/005029257abb2265604a2,BR,BRASIL,1.0,PR,1.0,,,JAIR BOLSONARO,"39,71",FERNANDO HADDAD,"18,65",GERALDO ALCKMIN,"7,86",CIRO GOMES,"7,09",MARINA SILVA,"6,27",ALVARO DIAS,"2,28",HENRIQUE MEIRELLES,"2,28",JOAO AMOEDO,"1,62",,,,,,,,,,,,,,
,BR-06933/2018,https://www.infomoney.com.br/politica/bolsonaro-x-haddad-o-que-as-5-pesquisas-divulgadas-as-vesperas-do-2o-turno-dizem-sobre-a-eleicao/,BR,BRASIL,1.0,PR,1.0,,,JAIR BOLSONARO,"48,5",FERNANDO HADDAD,37,,,,,,,,,,,,,,,,,,,,,,,,,,
,BR-07386/2018,https://www.calameo.com/books/005331112181e303cf1c6,BR,BRASIL,1.0,PR,1.0,,,JAIR BOLSONARO,"43,47",FERNANDO HADDAD,"20,76",GERALDO ALCKMIN,"7,02",CIRO GOMES,"5,15",MARINA SILVA,"4,25",JOAO AMOEDO,"2,11",ALVARO DIAS,"1,91",HENRIQUE MEIRELLLES,"1,71",,,,,,,,,,,,,,
,BR-09086/2018,http://ep00.epimg.net/descargables/2018/08/20/09698d627723e7dd105e9341d7f787e7.pdf,BR,BRASIL,1.0,PR,1.0,,,LULA,"37,3",JAIR BOLSONARO,"18,8",MARINA SILVA,"5,6",GERALDO ALCKMIN,"4,9",CIRO GOMES,"4,1",ALVARO DIAS,"2,7",,,,,,,,,,,,,,,,,,
,BR-09086/2018,http://ep00.epimg.net/descargables/2018/08/20/09698d627723e7dd105e9341d7f787e7.pdf,BR,BRASIL,1.0,PR,0.0,,,LULA,"20,7",JAIR BOLSONARO,"15,1",GERALDO ALCKMIN,"1,7",CIRO GOMES,"1,5",ALVARO DIAS,"1,3",MARINA SILVA,"1,1",,,,,,,,,,,,,,,,,,
,BR-09430/2018,https://cesarweis.com/com-lula-enjaulado-bolsonaro-mantem-lideranca-segundo-pesquisa/,BR,BRASIL,1.0,PR,,,,LULA,"32,4",JAIR BOLSONARO,"16,7",MARINA SILVA,"7,6",CIRO GOMES,"5,4",GERALDO ALCKMIN,4,ALVARO DIAS,"2,5",,,,,,,,,,,,,,,,,,
,MS-06651/2016,https://bocadopovonews.com.br/as-dez-mais-72/,MS,BRASIL√ÇNDIA,0.0,,,,,,,,,,,,,,,,,,,,,,,,,,,,,,,,,,
,MS-01561/2016,https://issuu.com/progresso/docs/rdig-56e15ef16e9dd1744,MS,CAARAPO,1.0,P,0.0,,,MATEUS PALMA,"26,7",MARIO VALERIO,"15,37",,,,,,,,,,,,,,,,,,,,,,,,,,
,MS-01561/2016,https://issuu.com/progresso/docs/rdig-56e15ef16e9dd1744,MS,CAARAPO,1.0,P,1.0,,,MATEUS PALMA,"60,16",MARIO VALERIO,"28,74",,,,,,,,,,,,,,,,,,,,,,,,,,
,ES-00003/2012,http://futuranet.ws/wp-content/uploads/2012/07/R_AvaliacaoMunicipios_Cachoeiro_201202_V00_SiteFutura.pdf,ES,CACHOEIRO DE ITAPEMIRIM,1.0,P,1.0,,,THEODORICO FERRAÇO,"46,5",GLAUBER COELHO,"21,2",CARLOS CASTEGLIONE,"15,5",ABEL SANTANA,7,ROBERTO VALADAO,2,,,,,,,,,,,,,,,,,,,,
,ES-00003/2012,http://futuranet.ws/wp-content/uploads/2012/07/R_AvaliacaoMunicipios_Cachoeiro_201202_V00_SiteFutura.pdf,ES,CACHOEIRO DE ITAPEMIRIM,1.0,P,1.0,,,THEODORICO FERRAÇO,"44,2",GLAUBER COELHO,"19,2",CARLOS CASTEGLIONE,"14,8",CAMILO COLA,"7,8",ABEL SANTANA,7,,,,,,,,,,,,,,,,,,,,
,ES-00003/2012,http://futuranet.ws/wp-content/uploads/2012/07/R_AvaliacaoMunicipios_Cachoeiro_201202_V00_SiteFutura.pdf,ES,CACHOEIRO DE ITAPEMIRIM,1.0,P,0.0,,,THEODORICO FERRAÇO,"27,8",CARLOS CASTEGLIONE,"12,5",GLAUBER COELHO,"6,2",ROBERTO VALADAO,2,ABEL SANTANA,2,CAMILO COLA,"1,8",,,,,,,,,,,,,,,,,,
,ES-00027/2012,http://futuranet.ws/wp-content/uploads/2012/08/R_RedeGazeta_Cachoeiro_201207_SiteFutura_V001.pdf,ES,CACHOEIRO DE ITAPEMIRIM,1.0,P,1.0,,,GLAUBER COELHO,"47,5",CARLOS CASTEGLIONE,"32,8",,,,,,,,,,,,,,,,,,,,,,,,,,
,ES-00027/2012,http://futuranet.ws/wp-content/uploads/2012/08/R_RedeGazeta_Cachoeiro_201207_SiteFutura_V001.pdf,ES,CACHOEIRO DE ITAPEMIRIM,1.0,P,0.0,,,CARLOS CASTEGLIONE,"23,2",GLAUBER COELHO,"16,8",,,,,,,,,,,,,,,,,,,,,,,,,,
,ES-00071/2012,http://g1.globo.com/espirito-santo/eleicoes/2012/noticia/2012/09/glauber-tem-462-e-casteglione-365-aponta-futura-em-cachoeiro.html,ES,CACHOEIRO DE ITAPEMIRIM,1.0,P,0.0,,,GLAUBER COELHO,"42,7",CARLOS CASTEGLIONE,"33,5",,,,,,,,,,,,,,,,,,,,,,,,,,
,ES-00071/2012,http://g1.globo.com/espirito-santo/eleicoes/2012/noticia/2012/09/glauber-tem-462-e-casteglione-365-aponta-futura-em-cachoeiro.html,ES,CACHOEIRO DE ITAPEMIRIM,1.0,P,1.0,,,GLAUBER COELHO,"46,2",CARLOS CASTEGLIONE,"36,5",,,,,,,,,,,,,,,,,,,,,,,,,,
,ES-00146/2012,https://www.yumpu.com/pt/document/view/33473638/resultado-eleiaaues-cachoeiro-de-itapemirim-futuranet,ES,CACHOEIRO DE ITAPEMIRIM,1.0,P,1.0,,,CASTEGLIONE,44,GLAUBER COELHO,"43,2",,,,,,,,,,,,,,,,,,,,,,,,,,
,ES-00146/2012,https://www.yumpu.com/pt/document/view/33473638/resultado-eleiaaues-cachoeiro-de-itapemirim-futuranet,ES,CACHOEIRO DE ITAPEMIRIM,1.0,P,0.0,,,CASTEGLIONE,"41,7",GLAUBER COELHO,"40,8",,,,,,,,,,,,,,,,,,,,,,,,,,
,ES-00591/2016,https://www.gazetaonline.com.br/cbn_vitoria/reportagens/2016/04/cachoeiro-prefeito-carlos-casteglione-e-aprovado-por-so-7-3-1013939094.html,ES,CACHOEIRO DE ITAPEMIRIM,0.0,,,,,,,,,,,,,,,,,,,,,,,,,,,,,,,,,,
,ES-06609/2016,http://g1.globo.com/espirito-santo/eleicoes/2016/noticia/2016/09/victor-36-e-jathir-tem-27-na-disputa-em-cachoeiro-diz-futura.html,ES,CACHOEIRO DE ITAPEMIRIM,1.0,P,1.0,,,VICTOR COELHO,"36,2",JATHIR MOREIRA,"27,2",MARCOS MANSUR,"9,3",ROMARIO DO PV,"4,2",BRAZ BARROS,"2,8",JULIO FERRARI,"1,3",LAZARO,"1,3",,,,,,,,,,,,,,,,
,PB-00016/2012,https://caaporapbnoticias.blogspot.com/2012/06/politica_4449.html,PB,CAMPINA GRANDE,1.0,P,1.0,,,DANIELLA RIBEIRO,"30,6",ROMERO RODRIGUES,"25,4",TATIANA MEDEIROS,"17,9",GUILHERME ALMEIDA,6,,,,,,,,,,,,,,,,,,,,,,
,PB-00016/2012,https://paraibahoje.wordpress.com/2012/06/15/,PB,CAMPINA GRANDE,1.0,P,0.0,,,DANIELLA RIBEIRO,"13,8",ROMERO RODRIGUES,"11,8",TATIANA MEDEIROS,10,VENEZIANO VITAL,"2,6",GUILHERME ALMEIDA,2,CASSIO CUNHA,"1,1",,,,,,,,,,,,,,,,,,
,MS-00024/2012,https://elmarramboelmarrambo.wordpress.com/category/politica/,MS,CAMPO GRANDE,1.0,P,0.0,,,EDSON GIROTO,"7,17",NELSINHO,"2,67",BERNAL,"1,67",VANDER,"1,33",AZAMBUJA,"1,17",,,,,,,,,,,,,,,,,,,,
,MS-00024/2012,https://elmarramboelmarrambo.wordpress.com/category/politica/,MS,CAMPO GRANDE,1.0,P,1.0,,,EDSON GIROTO,"32,67",ALCIDES BERNAL,"27,67",VANDER LOUBET,12,REINALDO AZAMBUJA,7,ANTONIO JOAO,"2,67",ATHAYDE NERY,"2,33",,,,,,,,,,,,,,,,,,
,MS-00024/2012,https://www.campograndenews.com.br/politica/maioria-nao-tem-candidato-a-vereador-e-cita-ate-nomes-fora-da-disputa,MS,CAMPO GRANDE,1.0,V,0.0,,,PAULO SIUFI,"1,33",MAURICIO PICARELLI,"1,33",AIRTON SARAIVA,"1,17",CORINGA,1,,,,,,,,,,,,,,,,,,,,,,
,MS-00073/2012,https://www.marcoeusebio.com.br/coluna/pesquisa-ipems-para-vereador-campo-grande/23271?a=coluna&b=pesquisa-ipems-para-vereador-campo-grande&c=23271,MS,CAMPO GRANDE,1.0,V,,,,OTAVIO TRAD,3,ZECA DO PT,2,PAULO SIUFI,"1,5",VANDERLEI CABELUDO,"1,33",DELEI PINHEIRO,1,CARLAO,1,MAGALI PICARELI,1,,,,,,,,,,,,,,,,
,MS-00209/2012,https://pn-principaisnoticias.blogspot.com/2012/09/pesquisa-ipemscorreio-do-estado-para_6038.html,MS,CAMPO GRANDE,1.0,V,,,,ZECA DO PT,3,OTAVIO TRAD,"2,13",PAULO SIUFI,2,PROF. ROSE,"1,88",EDIL ALBUQUERQUE,"1,38",FRANCISCO,"1,38",RIBEIRO,"1,25",VANDERLEI CABELUDO,"1,13",LOESTER NUNES,"1,13",CARLAO,"1,13",MAGALI PICARELLI,1,JULIANA ZORZO,1,FLAVIO CESAR,1,ELIZEU DIONISIO,1,DELEI PINHEIRO,1.0
,MS-00211/2016,http://www.capitalnews.com.br/colunistas/marco-eusebio/correio-do-estado-divulga-pesquisa-ipems-do-2-turno-na-capital-e-diz-a-eleicao-ja-acabou/296646,MS,CAMPO GRANDE,1.0,P,1.0,,,MARQUINHOS TRAD,"49,61",ROSE MODESTO,"29,68",,,,,,,,,,,,,,,,,,,,,,,,,,
,MS-00374/2012,https://www.escavador.com/diarios/19605/TRT-23/J/2013-10-24,MS,CAMPO GRANDE,0.0,,,,,,,,,,,,,,,,,,,,,,,,,,,,,,,,,,
,MS-00388/2012,https://www.campograndenews.com.br/politica/pesquisa-aponta-queda-de-bernal-e-crescimento-de-giroto,MS,CAMPO GRANDE,1.0,P,1.0,,,BERNAL,"53,33",GIROTO,"34,33",,,,,,,,,,,,,,,,,,,,,,,,,,
,MS-00643/2016,https://www.campograndenews.com.br/politica/no-campo-da-pesquisa-teve-instituto-passando-longe-da-verdade-das-urnas,MS,CAMPO GRANDE,1.0,P,,,1.0,MARQUINHOS,"60,17",ROSE,"39,83",,,,,,,,,,,,,,,,,,,,,,,,,,
,MS-02809/2016,https://www.topmidianews.com.br/politica/urnas-derrubam-credibilidade-de-pesquisas-em-campo-grande/56300/,MS,CAMPO GRANDE,1.0,P,,,,MARQUINHOS,"41,36",ROSE MODESTO,"31,12",ALCIDES BERNAL,"17,86",,,,,,,,,,,,,,,,,,,,,,,,
,MS-03738/2016,https://issuu.com/jnediario/docs/20102016,MS,CAMPO GRANDE,1.0,P,0.0,,1.0,MARQUINHOS TRAD,"63,66",ROSE MODESTO,"36,44",,,,,,,,,,,,,,,,,,,,,,,,,,
,MS-07441/2016,https://diariomsnews.com.br/noticias/campo-grande/marquinhos-trad-lidera-pesquisas-oficialmente-registradas-para-prefeito-de-campo-grande-5162,MS,CAMPO GRANDE,1.0,P,1.0,,,MARQUINHOS TRAD,"33,17",ALCIDES BERNAL,"24,7",PROF. ROSE,"8,82",MOKA,"3,76",TEREZA NAME,"3,52",TEREZA CRISTINA,"2,35",PEDROSSIAN FILHO,"2,11",SERGIO LONGEN,"1,76",ALEX DO PT,"1,17",,,,,,,,,,,,
,MS-09369/2016,https://issuu.com/jnediario/docs/27092016,MS,CAMPO GRANDE,1.0,P,1.0,,,MARQUINHOS TRAD,"40,25",ROSE,"26,18",ALCIDES BERNAL,"12,16",MARCELO BLUMA,"2,2",,,,,,,,,,,,,,,,,,,,,,
,MS-09456/2016,https://diariomsnews.com.br/noticias/campo-grande/marquinhos-trad-comemora-lideranca-isolada-em-pesquisa-ipems-6262,MS,CAMPO GRANDE,1.0,P,1.0,,,MARQUINHOS TRAD,"35,67",ROSE MODESTO,"26,15",ALCIDES BERNAL,"15,33",ALEX DO PT,"2,04",,,,,,,,,,,,,,,,,,,,,,
,ES-00001/2012,https://digilander.libero.it/inventapp/help_ita_html.html,ES,CARIACICA,0.0,,,,,,,,,,,,,,,,,,,,,,,,,,,,,,,,,,
,ES-00029/2012,http://futuranet.ws/wp-content/uploads/2012/08/R_RedeGazeta_Cariacica_201207_SiteFutura_V00.pdf,ES,CARIACICA,1.0,P,1.0,,,MARCELO SANTOS,27,JUNINHO,"17,7",LUCIA DORNELLAS,"16,8",SANDRO LOCUTOR,"8,8",ADILSON AVELINA,"3,3",,,,,,,,,,,,,,,,,,,,
,ES-00029/2012,http://futuranet.ws/wp-content/uploads/2012/08/R_RedeGazeta_Cariacica_201207_SiteFutura_V00.pdf,ES,CARIACICA,1.0,P,0.0,,,MARCELO SANTOS,"9,8",LUCIA DORNELLAS,"9,8",JUNINHO,"8,5",SANDRO LOCUTOR,"3,5",ADILSON AVELINA,"1,5",,,,,,,,,,,,,,,,,,,,
,ES-00076/2012,http://g1.globo.com/espirito-santo/eleicoes/2012/noticia/2012/09/marcelo-santos-tem-28-e-lucia-224-aponta-futura-em-cariacica.html,ES,CARIACICA,1.0,P,0.0,,,MARCELO SANTOS,"22,2",LUCIA DORNELLAS,"19,2",JUNINHO,"16,6",SANDRO LOCUTOR,"3,5",AVELINA,"3,1",,,,,,,,,,,,,,,,,,,,
,ES-00076/2012,http://g1.globo.com/espirito-santo/eleicoes/2012/noticia/2012/09/marcelo-santos-tem-28-e-lucia-224-aponta-futura-em-cariacica.html,ES,CARIACICA,1.0,P,1.0,,,MARCELO SANTOS,28,LUCIA DORNELLAS,"22,4",JUNINHO,"20,4",SANDRO LOCUTOR,"5,6",AVELINA,"3,8",,,,,,,,,,,,,,,,,,,,
,ES-00142/2012,http://futuranet.ws/wp-content/uploads/2012/10/Resultado_Eleitoral_Cariacica.pdf,ES,CARIACICA,1.0,P,1.0,,,JUNINHO,"26,7",MARCELO SANTOS,24,LUCIA DORNELLAS,"22,2",SANDRO LOCUTOR,"6,5",AVELINA,3,,,,,,,,,,,,,,,,,,,,
,ES-00142/2012,http://futuranet.ws/wp-content/uploads/2012/10/Resultado_Eleitoral_Cariacica.pdf,ES,CARIACICA,1.0,P,0.0,,,MARCELO SANTOS,"22,2",JUNINHO,"21,7",LUCIA DORNELLAS,"14,8",SANDRO LOCUTOR,"4,5",AVELINA,"1,7",,,,,,,,,,,,,,,,,,,,
,ES-00223/2012,http://futuranet.ws/wp-content/uploads/2012/10/R_RedeGazeta_Cariacica_SegundoTurnoQuanti1_201210_V00_Site.pdf,ES,CARIACICA,1.0,P,1.0,,,JUNINHO,"67,2",MARCELO SANTOS,"19,7",,,,,,,,,,,,,,,,,,,,,,,,,,
,ES-00223/2012,http://futuranet.ws/wp-content/uploads/2012/10/R_RedeGazeta_Cariacica_SegundoTurnoQuanti1_201210_V00_Site.pdf,ES,CARIACICA,1.0,P,0.0,,,JUNINHO,"64,7",MARCELO SANTOS,18,,,,,,,,,,,,,,,,,,,,,,,,,,
,ES-00229/2012,http://futuranet.ws/wp-content/uploads/2012/10/R_RedeGazeta_Cariacica_201210_Quanti2_SiteFutura_V00.pdf,ES,CARIACICA,1.0,P,1.0,,,JUNINHO,76,MARCELO SANTOS,15,,,,,,,,,,,,,,,,,,,,,,,,,,
,ES-00229/2012,http://futuranet.ws/wp-content/uploads/2012/10/R_RedeGazeta_Cariacica_201210_Quanti2_SiteFutura_V00.pdf,ES,CARIACICA,1.0,P,0.0,,,JUNINHO,"72,7",MARCELO SANTOS,"14,2",,,,,,,,,,,,,,,,,,,,,,,,,,
,ES-00232/2012,http://futuranet.ws/wp-content/uploads/2012/10/R_RedeGazeta_Cariacica_201210_Quanti3_Site_V00.pdf,ES,CARIACICA,1.0,P,1.0,,,JUNINHO,"74,7",MARCELO SANTOS,"15,8",,,,,,,,,,,,,,,,,,,,,,,,,,
,ES-00232/2012,http://futuranet.ws/wp-content/uploads/2012/10/R_RedeGazeta_Cariacica_201210_Quanti3_Site_V00.pdf,ES,CARIACICA,1.0,P,0.0,,,JUNINHO,71,MARCELO SANTOS,"14,3",,,,,,,,,,,,,,,,,,,,,,,,,,
,ES-00274/2016,http://g1.globo.com/espirito-santo/eleicoes/2016/noticia/2016/10/futura-votos-validos-juninho-501-marcelo-santos-499.html,ES,CARIACICA,1.0,P,1.0,,,JUNINHO,"38,8",MARCELO SANTOS,"38,6",,,,,,,,,,,,,,,,,,,,,,,,,,
,ES-01229/2016,https://portalavisopopular.blogspot.com/2016/03/,ES,CARIACICA,1.0,P,0.0,,,HELDER SALOMAO,"10,7",JUNINHO,"6,5",MARCELO SANTOS,"4,5",,,,,,,,,,,,,,,,,,,,,,,,
,ES-01229/2016,https://portalavisopopular.blogspot.com/2016/03/,ES,CARIACICA,1.0,P,1.0,,,HELDER SALOMAO,"31,9",MARCELO SANTOS,"19,5",JUNINHO,"13,5",MARCOS BRUNO,"4,7",ADILSON AVELINA,2,MESSIAS DONATO,"1,5",,,,,,,,,,,,,,,,,,
,ES-04215/2016,http://g1.globo.com/espirito-santo/eleicoes/2016/noticia/2016/10/marcelo-santos-tem-50-e-juninho-33-aponta-futura.html,ES,CARIACICA,1.0,P,0.0,,,MARCELO SANTOS,"44,5",JUNINHO,"28,3",,,,,,,,,,,,,,,,,,,,,,,,,,
,ES-04215/2016,http://g1.globo.com/espirito-santo/eleicoes/2016/noticia/2016/10/marcelo-santos-tem-50-e-juninho-33-aponta-futura.html,ES,CARIACICA,1.0,P,1.0,,,MARCELO SANTOS,50,JUNINHO,33,,,,,,,,,,,,,,,,,,,,,,,,,,
,PE-00002/2016,http://www.saodomingospodemais.com/2016/01/,PE,CARUARU,1.0,P,0.0,,,JOSE QUEIROZ,"5,5",TONY GEL,"4,8",RAQUEL LYRA,2,,,,,,,,,,,,,,,,,,,,,,,,
,PE-00002/2016,http://www.saodomingospodemais.com/2016/01/,PE,CARUARU,1.0,P,1.0,,,TONY GEL,"25,5",RAQUEL LYRA,"22,5",JORGE GOMES,6,RIVALDO SOARES,"3,8",,,,,,,,,,,,,,,,,,,,,,
,MS-00393/2016,https://www.diariochapadense.com.br/as-vesperas-da-eleicao-pesquisa-do-ipems-aponta-krug-como-novo-prefeito-de-chapadao-do-sul/,MS,CHAPADÃO DO SUL,1.0,P,,,,JOAO CARLOS KRUG,"50,16",WALTER SCHLATTER,"36,17",,,,,,,,,,,,,,,,,,,,,,,,,,
,MS-04496/2016,https://www.campograndenews.com.br/politica/candidato-do-pmdb-reage-e-pesquisa-mostra-empate-tecnico-em-chapadao,MS,CHAPADÃO DO SUL,1.0,P,1.0,,,JOAO CARLOS KRUG,"42,89",WALTER SCHLATTER,"39,46",GRACIANO,"1,22",,,,,,,,,,,,,,,,,,,,,,,,
,MS-04496/2016,https://www.diariochapadense.com.br/joao-carlos-krug-e-o-preferido-da-populacao-de-chapadao-do-sul-segundo-pesquisa-do-ipems/,MS,CHAPADÃO DO SUL,1.0,P,0.0,,,JOAO CARLOS KRUG,"28,77",WALTER SCHLATTER,"8,54",GRACIANO,"1,64",,,,,,,,,,,,,,,,,,,,,,,,
,ES-00005/2012,http://futuranet.ws/wp-content/uploads/2012/07/R_AvaliacaoMunicipios_Colatina_201202_SiteFutura.pdf,ES,COLATINA,1.0,P,1.0,,,PAULO FOLETTO,"35,2",GUERINO BALESTRASSI,24,JOSIAS DA VITORIA,"9,8",CIRILO DE TARSO,"8,2",MARCELINO FRAGA,6,,,,,,,,,,,,,,,,,,,,
,ES-00005/2012,http://futuranet.ws/wp-content/uploads/2012/07/R_AvaliacaoMunicipios_Colatina_201202_SiteFutura.pdf,ES,COLATINA,1.0,P,1.0,,,PAULO FOLETTO,"36,2",LEONARDO DEPTULSKI,"19,8",JOSIAS DA VITORIA,"10,5",CIRILO DE TARSO,8,MARCELINO FRAGA,"6,5",,,,,,,,,,,,,,,,,,,,
,ES-00005/2012,http://futuranet.ws/wp-content/uploads/2012/07/R_AvaliacaoMunicipios_Colatina_201202_SiteFutura.pdf,ES,COLATINA,1.0,P,0.0,,,LEONARDO DEPTULSKI,"14,5",PAULO FOLETTO,"6,5",DA VITORIA,"3,8",GUERINO BALESTRASSI,2,JOSE LEAO,"1,8",,,,,,,,,,,,,,,,,,,,
,ES-00020/2012,http://futuranet.ws/wp-content/uploads/2012/07/R_RedeGazeta_Colatina_201207_SiteFutura_V001.pdf,ES,COLATINA,1.0,P,1.0,,,LEONARDO DEPTULSKI,"48,3",JOSIAS DA VITORIA,"27,1",,,,,,,,,,,,,,,,,,,,,,,,,,
,ES-00020/2012,http://futuranet.ws/wp-content/uploads/2012/07/R_RedeGazeta_Colatina_201207_SiteFutura_V001.pdf,ES,COLATINA,1.0,P,0.0,,,LEONARDO DEPTULSKI,"23,9",JOSIAS DA VITORIA,8,,,,,,,,,,,,,,,,,,,,,,,,,,
,ES-00060/2012,http://g1.globo.com/espirito-santo/eleicoes/2012/noticia/2012/09/deptulski-tem-562-e-da-vitoria-222-diz-futura-em-colatina.html,ES,COLATINA,1.0,P,0.0,,,LEONARDO DEPTULSKI,"46,8",JOSIAS DA VITORIA,"18,8",,,,,,,,,,,,,,,,,,,,,,,,,,
,ES-00060/2012,http://g1.globo.com/espirito-santo/eleicoes/2012/noticia/2012/09/deptulski-tem-562-e-da-vitoria-222-diz-futura-em-colatina.html,ES,COLATINA,1.0,P,1.0,,,LEONARDO DEPTULSKI,"56,2",JOSIAS DA VITORIA,"22,2",,,,,,,,,,,,,,,,,,,,,,,,,,
,ES-00133/2012,https://www.yumpu.com/pt/document/view/34439345/resultado-eleiaaues-colatina-futuranet/2,ES,COLATINA,1.0,P,1.0,,,LEONARDO,54,DA VITORIA,"26,7",,,,,,,,,,,,,,,,,,,,,,,,,,
,ES-00133/2012,https://www.yumpu.com/pt/document/view/34439345/resultado-eleiaaues-colatina-futuranet/2,ES,COLATINA,1.0,P,0.0,,,LEONARDO,"51,7",DA VITORIA,"25,7",,,,,,,,,,,,,,,,,,,,,,,,,,
,ES-03701/2016,http://g1.globo.com/espirito-santo/eleicoes/2016/noticia/2016/10/sergio-meneguelli-tem-205-e-cirilo-195-em-colatina-diz-futura.html,ES,COLATINA,1.0,P,1.0,,,SERGIO MENEGUELLI,"20,5",CIRILO DE TARSO,"19,5",TADEU MARINO,"17,5",LUCIANO MERLO,"13,7",ALCENIR COUTINHO,"5,3",GESSE,"1,8",IRACELIO,1,,,,,,,,,,,,,,,,
,ES-07380/2016,https://politicacolatinense.blogspot.com/2016/04/,ES,COLATINA,1.0,P,1.0,,,PAULO FOLETTO,"26,9",SERGIO MENEGUELLI,"16,5",GUERINO BALESTRASSI,"11,5",RENZO VASCONCELOS,"10,5",LUCIANO MERLO,"6,5",,,,,,,,,,,,,,,,,,,,
,PB-00117/2012,https://deolhoemcondado.wordpress.com/category/politica/,PB,CONDADO,1.0,P,0.0,,,CAIO PAIXAO,40,JUNIOR LIMA,"34,3",CRISTIANO,"15,2",,,,,,,,,,,,,,,,,,,,,,,,
,MG-00354/2012,https://www.viomundo.com.br/politica/estadao-aecio-diz-que-lula-acabou-como-chefe-de-faccao.html,MG,CONTAGEM,0.0,,,,,,,,,,,,,,,,,,,,,,,,,,,,,,,,,,
,MG-01239/2012,"https://www.em.com.br/app/noticia/politica/2012/10/27/interna_politica,325906/comunista-lidera-com-folga-em-contagem.shtml",MG,CONTAGEM,1.0,P,0.0,,,CARLIN MOURA,"57,1",DURVAL ANGELO,"22,9",,,,,,,,,,,,,,,,,,,,,,,,,,
,MG-01239/2012,"https://www.em.com.br/app/noticia/politica/2012/10/27/interna_politica,325906/comunista-lidera-com-folga-em-contagem.shtml",MG,CONTAGEM,1.0,P,1.0,,,CARLIN MOURA,"61,2",DURVAL ANGELO,"25,8",,,,,,,,,,,,,,,,,,,,,,,,,,
,MS-04092/2016,http://www.capitaldopantanal.com.br/geral/pesquisa-fiems-aponta-lideranca-de-paulo-duarte-para-prefeitura-de/519761/,MS,CORUMBÁ,1.0,P,1.0,,,PAULO DUARTE,"42,79",RUITER CUNHA,"35,6",ELANO HOLANDA,"9,99",,,,,,,,,,,,,,,,,,,,,,,,
,MS-09538/2016,http://www.correiodecorumba.com.br/pdf/cc2796.pdf,MS,CORUMBÁ,1.0,P,0.0,,,PAULO DUARTE,"14,24",RUITER CUNHA,"11,59",ELANO,"1,38",,,,,,,,,,,,,,,,,,,,,,,,
,MS-09538/2016,http://www.correiodecorumba.com.br/pdf/cc2796.pdf,MS,CORUMBÁ,1.0,P,1.0,,,PAULO DUARTE,"32,94",RUITER CUNHA,"31,17",ELANO,"15,88",,,,,,,,,,,,,,,,,,,,,,,,
,MS-09770/2016,http://www.correiodecorumba.com.br/pdf/cc2796.pdf,MS,CORUMBÁ,1.0,P,0.0,,,PAULO DUARTE,"14,24",RUITER CUNHA,"11,59",ELANO,"1,38",,,,,,,,,,,,,,,,,,,,,,,,
,MS-09770/2016,http://www.correiodecorumba.com.br/pdf/cc2796.pdf,MS,CORUMBÁ,1.0,P,1.0,,,RUITER CUNHA,"37,92",PAULO DUARTE,"28,37",ELANO,"13,93",,,,,,,,,,,,,,,,,,,,,,,,
,MS-00004/2012,https://www.maseno.ac.ke/index/index.php?option=com_content&view=article&id=445:bachelor-of-medicinesurgery&catid=35:about-maseno,MS,COSTA RICA,0.0,,,,,,,,,,,,,,,,,,,,,,,,,,,,,,,,,,
,MT-00685/2012,https://www.sonoticias.com.br/geral/juiz-do-tre-mantem-suspensa-pesquisa-de-instituto/,MT,CUIABÁ,,,,1.0,,,,,,,,,,,,,,,,,,,,,,,,,,,,,,,
,MT-00686/2012,https://www.sonoticias.com.br/geral/juiz-do-tre-mantem-suspensa-pesquisa-de-instituto/,MT,CUIABÁ,,,,1.0,,,,,,,,,,,,,,,,,,,,,,,,,,,,,,,
,DF-00025/2014,https://chiquinhodornas.blogspot.com/2014/08/eleicoesdf-arruda-lidera-disputa-df.html,DF,DISTRITO FEDERAL,1.0,G,0.0,,,JOSE ROBERTO ARRUDA,"21,3",AGNELO QUEIROZ,"12,5",RODRIGO ROLLEMBERG,"5,6",,,,,,,,,,,,,,,,,,,,,,,,
,DF-00025/2014,https://chiquinhodornas.blogspot.com/2014/08/eleicoesdf-arruda-lidera-disputa-df.html,DF,DISTRITO FEDERAL,1.0,G,1.0,,,JOSE ROBERTO ARRUDA,"32,8",AGNELO QUEIROZ,"18,3",RODRIGO ROLLEMBERG,"11,9",TONINHO DO PSOL,"5,6",LUIZ PITIMAN,"4,5",,,,,,,,,,,,,,,,,,,,
,DF-00025/2014,https://fernandorodrigues.blogosfera.uol.com.br/2014/08/09/no-df-arruda-tem-328-e-agnelo-183-diz-mda/,DF,DISTRITO FEDERAL,1.0,S,,,,LUIZ ANTONIO REGUFFE,33,GERALDO MAGELA,"18,1",GIM ARGELLO,13,SANDRA QUEZADO,"3,1",,,,,,,,,,,,,,,,,,,,,,
,MS-04280/2016,https://redemsnews.blogspot.com/2016/09/dourados-justica-eleitoral-barra.html,MS,DOURADOS,,,,1.0,,,,,,,,,,,,,,,,,,,,,,,,,,,,,,,
,MS-04898/2016,http://www.fiems.com.br/noticias/delia-razuk-lidera-disputa-a-prefeitura-de-dourados-com-geraldo-em-2o-aponta-pesquisa-fiems-ipems/22222,MS,DOURADOS,1.0,P,1.0,,,DELIA RAZUK,"40,65",GERALDO RESENDE,"32,27",RENATO CAMARA,"10,55",,,,,,,,,,,,,,,,,,,,,,,,
,MS-06144/2016,http://www.douradosnews.com.br/amplavisao/azar-nosso-noticias-policiais-no-horario-politico/861477/,MS,DOURADOS,1.0,P,,,,DELIA RAZUK,"44,48",GERALDO RESENDE,"32,11",RENATO CAMARA,"3,52",VICENTE CARNEIRO,"1,94",,,,,,,,,,,,,,,,,,,,,,
,ES-00002/2014,http://gazetaonline.globo.com/_conteudo/2014/04/noticias/politica/1484442-na-serra-casagrande-tem-30-8-e-paulo-hartung-27.html,ES,ESPÍRITO SANTO,0.0,,,,,,,,,,,,,,,,,,,,,,,,,,,,,,,,,,
?,ES-00004/2014,https://www.vilanoticias.com/em-vitoria-hartung-sai-na-frente-com-379/,ES,ESPÍRITO SANTO,1.0,PR,1.0,,,AECIO NEVES,"20,4",DILMA ROUSSEFF,"17,7",EDUARDO CAMPOS,15,,,,,,,,,,,,,,,,,,,,,,,,
?,ES-00004/2014,https://www.vilanoticias.com/em-vitoria-hartung-sai-na-frente-com-379/,ES,ESPÍRITO SANTO,1.0,S,1.0,,,FABIANO CONTARATO,"23,4",JOAO COSER,"22,9",ROSE DE FREITAS,"15,7",,,,,,,,,,,,,,,,,,,,,,,,
?,ES-00004/2014,https://www.vilanoticias.com/em-vitoria-hartung-sai-na-frente-com-379/,ES,ESPÍRITO SANTO,1.0,S,1.0,,,PAULO HARTUNG,"43,4",FABIANO CONTARATO,"17,5",JOAO COSER,"16,7",,,,,,,,,,,,,,,,,,,,,,,,
?,ES-00004/2014,https://www.vilanoticias.com/em-vitoria-hartung-sai-na-frente-com-379/,ES,ESPÍRITO SANTO,1.0,G,0.0,,,PAULO HARTUNG,"17,7",RENATO CASAGRANDE,"12,7",MAGNO MALTA,"3,5",RICARDO FERRAÇO,"3,2",JOAO CARLOS COSER,"2,2",,,,,,,,,,,,,,,,,,,,
?,ES-00004/2014,https://www.vilanoticias.com/em-vitoria-hartung-sai-na-frente-com-379/,ES,ESPÍRITO SANTO,1.0,G,1.0,,,PAULO HARTUNG,"37,9",RENATO CASAGRANDE,"24,9",MAGNO MALTA,"10,5",GUERINO BALESTRASSI,"3,5",,,,,,,,,,,,,,,,,,,,,,
,ES-00016/2014,http://futuranet.ws/wp-content/uploads/2014/08/R_RedeGazeta_Avalia%C3%A7%C3%A3oEstadual_201408_V00_Site.pdf,ES,ESPÍRITO SANTO,1.0,S,1.0,,,ROSE DE FREITAS,"21,9",JOAO CARLOS COSER,"17,9",NEUCIMAR FRAGA,13,ANDRE MOREIRA,"1,8",RAPHAEL GOES FURTADO,"1,5",,,,,,,,,,,,,,,,,,,,
,ES-00016/2014,http://futuranet.ws/wp-content/uploads/2014/08/R_RedeGazeta_Avalia%C3%A7%C3%A3oEstadual_201408_V00_Site.pdf,ES,ESPÍRITO SANTO,1.0,S,0.0,,,ROSE DE FREITAS,"7,2",JOAO CARLOS COSER,4,NEUCIMAR FRAGA,"3,4",,,,,,,,,,,,,,,,,,,,,,,,
,ES-00016/2014,http://futuranet.ws/wp-content/uploads/2014/08/R_RedeGazeta_Avalia%C3%A7%C3%A3oEstadual_201408_V00_Site.pdf,ES,ESPÍRITO SANTO,1.0,G,1.0,,,PAULO HARTUNG,"49,8",RENATO CASAGRANDE,"31,9",CAMILA VALADAO,"1,2",ROBERTO CARLOS,"1,2",,,,,,,,,,,,,,,,,,,,,,
,ES-00016/2014,http://futuranet.ws/wp-content/uploads/2014/08/R_RedeGazeta_Avalia%C3%A7%C3%A3oEstadual_201408_V00_Site.pdf,ES,ESPÍRITO SANTO,1.0,G,0.0,,,PAULO HARTUNG,"29,2",RENATO CASAGRANDE,"19,4",,,,,,,,,,,,,,,,,,,,,,,,,,
BR-00376/2014,ES-00016/2014,http://futuranet.ws/wp-content/uploads/2014/08/R_RedeGazeta_Avalia%C3%A7%C3%A3oEstadual_201408_V00_Site.pdf,ES,ESPÍRITO SANTO,1.0,PR,1.0,,,AECIO NEVES,27,DILMA ROUSSEFF,"23,4",EDUARDO CAMPOS,"7,5",PASTOR EVERALDO,"2,2",,,,,,,,,,,,,,,,,,,,,,
BR-00376/2014,ES-00016/2014,http://futuranet.ws/wp-content/uploads/2014/08/R_RedeGazeta_Avalia%C3%A7%C3%A3oEstadual_201408_V00_Site.pdf,ES,ESPÍRITO SANTO,1.0,PR,0.0,,,DILMA ROUSSEFF,"16,8",AECIO NEVES,"16,4",EDUARDO CAMPOS,"4,2",,,,,,,,,,,,,,,,,,,,,,,,
,ES-00025/2014,http://g1.globo.com/espirito-santo/eleicoes/2014/noticia/2014/09/ao-senado-rose-tem-27-neucimar-135-e-coser-13-diz-futura-no-es.html,ES,ESPÍRITO SANTO,1.0,S,0.0,,,ROSE DE FREITAS,"16,5",NEUCIMAR FRAGA,7,JOAO COSER,7,,,,,,,,,,,,,,,,,,,,,,,,
,ES-00025/2014,https://www.vilanoticias.com/pesquisa-futura-aponta-hartung-com-498-e-casagrande-com-28/,ES,ESPÍRITO SANTO,1.0,S,1.0,,,ROSE DE FREITAS,"26,6",NEUCIMAR FRAGA,"13,5",JOAO COSER,"12,8",ANDRE MOREIRA,"1,5",,,,,,,,,,,,,,,,,,,,,,
,ES-00025/2014,http://g1.globo.com/espirito-santo/eleicoes/2014/noticia/2014/09/hartung-tem-50-e-casagrande-28-diz-futura-no-espirito-santo.html,ES,ESPÍRITO SANTO,1.0,G,0.0,,,PAULO HARTUNG,41,CASAGRANDE,23,ROBERTO CARLOS,"1,5",,,,,,,,,,,,,,,,,,,,,,,,
,ES-00025/2014,http://g1.globo.com/espirito-santo/eleicoes/2014/noticia/2014/09/hartung-tem-50-e-casagrande-28-diz-futura-no-espirito-santo.html,ES,ESPÍRITO SANTO,1.0,G,1.0,,,PAULO HARTUNG,50,CASAGRANDE,28,ROBERTO CARLOS,"2,5",,,,,,,,,,,,,,,,,,,,,,,,
BR-00859/2014,ES-00025/2014,https://www.vilanoticias.com/pesquisa-futura-aponta-hartung-com-498-e-casagrande-com-28/,ES,ESPÍRITO SANTO,1.0,PR,,,,MARINA SILVA,31,DILMA ROUSSEFF,"25,9",AECIO NEVES,"16,4",,,,,,,,,,,,,,,,,,,,,,,,
,ES-00033/2014,http://g1.globo.com/espirito-santo/eleicoes/2014/noticia/2014/10/hartung-tem-56-e-casagrande-39-diz-futura-no-espirito-santo.html,ES,ESPÍRITO SANTO,1.0,G,1.0,,,PAULO HARTUNG,45,CASAGRANDE,31,ROBERTO CARLOS,2,CAMILA VALADAO,1,,,,,,,,,,,,,,,,,,,,,,
BR–00990/2014,ES-00033/2014,https://www.vilanoticias.com/ibope-e-futura-mostram-larga-vantagem-de-paulo-hartung-eleicao-deve-ser-decidida-no-primeiro/,ES,ESPÍRITO SANTO,1.0,PR,,,1.0,MARINA SILVA,"35,2",DILMA ROUSSEFF,"34,6",AECIO NEVES,"27,7",LUCIANA GENRO,1,,,,,,,,,,,,,,,,,,,,,,
,ES-00033/2014,https://www.vilanoticias.com/ibope-e-futura-mostram-larga-vantagem-de-paulo-hartung-eleicao-deve-ser-decidida-no-primeiro/,ES,ESPÍRITO SANTO,1.0,S,,,1.0,ROSE DE FREITAS,"49,6",NEUCIMAR FRAGA,"29,7",JOAO COSER,"17,1",ANDRE MOREIRA,"2,3",RAPHAEL FURTADO,"1,3",,,,,,,,,,,,,,,,,,,,
,ES-00691/2018,https://www.agazeta.com.br/brasil/contarato-lidera-na-grande-vitoria-e-entre-eleitores-com-ensino-superior-0918,ES,ESPÍRITO SANTO,1.0,S,0.0,,,MAGNO MALTA,"14,5",FABIANO CONTARATO,"13,1",RICARDO FERRAÇO,"10,1",MARCOS DO VAL,"4,5",,,,,,,,,,,,,,,,,,,,,,
,ES-00691/2018,https://www.agazeta.com.br/brasil/contarato-lidera-na-grande-vitoria-e-entre-eleitores-com-ensino-superior-0918,ES,ESPÍRITO SANTO,1.0,S,1.0,,,MAGNO MALTA,"39,4",RICARDO FERRAÇO,"33,3",FABIANO CONTARATO,26,MARCOS DO VAL,"14,4",CELIA TAVARES,"4,8",SUBTENENTE ASSIS,"4,3",MAURO RIBEIRO,"3,4",ROGERIO BERBARDO,"2,5",ULISSES PINCELLI,"1,5",HELDER CARNIELLI,"1,4",,,,,,,,,,
?,ES-00691/2018,https://www.agazeta.com.br/brasil/no-es-bolsonaro-tem-34-6-das-intencoes-de-voto-e-permanece-na-frente-0918,ES,ESPÍRITO SANTO,1.0,PR,0.0,,,JAIR BOLSONARO,"30,3",FERNANDO HADDAD,"12,1",CIRO GOMES,"4,8",GERALDO ALCKMIN,"2,9",JOAO AMOEDO,"1,5",MARINA SILVA,"1,4",HENRIQUE MEIRELLES,1,,,,,,,,,,,,,,,,
?,ES-00691/2018,https://www.agazeta.com.br/brasil/no-es-bolsonaro-tem-34-6-das-intencoes-de-voto-e-permanece-na-frente-0918,ES,ESPÍRITO SANTO,1.0,PR,1.0,,,JAIR BOLSONARO,"34,6",FERNANDO HADDAD,"16,3",CIRO GOMES,"8,8",GERALDO ALCKMIN,"6,5",MARINA SILVA,"4,1",JOAO AMOEDO,"2,8",HENRIQUE MEIRELLES,"1,9",,,,,,,,,,,,,,,,
?,ES-04600/2018,https://www.agazeta.com.br/es/politica/mesmo-na-prisao-lula-lidera-com-29-4-no-es-0418,ES,ESPÍRITO SANTO,1.0,PR,0.0,,,LULA,"17,9",JAIR BOLSONARO,"15,1",MARINA SILVA,"1,4",,,,,,,,,,,,,,,,,,,,,,,,
?,ES-04600/2018,https://www.agazeta.com.br/es/politica/mesmo-na-prisao-lula-lidera-com-29-4-no-es-0418,ES,ESPÍRITO SANTO,1.0,PR,1.0,,,LULA,"29,4,",JAIR BOLSONARO,"19,8",MARINA SILVA,"8,1",JOAQUIM BARBOSA,"4,8",GERALDO ALCKMIN,"3,3",CIRO GOMES,"2,9",ALVARO DIAS,"1,8",MICHEL TEMER,1,FERNANDO COLLOR,"1,3",,,,,,,,,,,,
,ES-04600/2018,https://www.capixabanews.com/primeira-pesquisa-aponta-empate-entre-casagrande-e-hartung/,ES,ESPÍRITO SANTO,1.0,G,0.0,,,PAULO HARTUNG,"16,4",RENATO CASAGRANDE,"15,4",ROSE DE FREITAS,"1,4",,,,,,,,,,,,,,,,,,,,,,,,
,ES-04600/2018,https://www.capixabanews.com/primeira-pesquisa-aponta-empate-entre-casagrande-e-hartung/,ES,ESPÍRITO SANTO,1.0,G,1.0,,,PAULO HARTUNG,"36,9",RENATO CASAGRANDE,"36,1",ROSE DE FREITAS,"7,2",ANDRE MOREIRA,"2,3",,,,,,,,,,,,,,,,,,,,,,
?,ES-06695/2018,https://expressodiario.com/bolsonaro-lidera-em-todos-os-cenarios-no-espirito-santo/,ES,ESPÍRITO SANTO,1.0,PR,0.0,,,JAIR BOLSONARO,"22,5",LULA,17,MARINA SILVA,"3,4",CIRO GOMES,"2,5",GERALDO ALCKMIN,"1,9",JOAO AMOEDO,"1,9",,,,,,,,,,,,,,,,,,
?,ES-06695/2018,https://expressodiario.com/bolsonaro-lidera-em-todos-os-cenarios-no-espirito-santo/,ES,ESPÍRITO SANTO,1.0,PR,1.0,,,JAIR BOLSONARO,"25,8",LULA,"24,8",MARINA SILVA,8,CIRO GOMES,"5,6",GERALDO ALCKMIN,4,JOAO AMOEDO,"3,6",ALVARO DIAS,"1,3",,,,,,,,,,,,,,,,
,ES-06695/2018,https://politicacolatinense.blogspot.com/2018/,ES,ESPÍRITO SANTO,1.0,G,1.0,,,RENATO CASAGRANDE,"60,8",ROSE DE FREITAS,"8,1",CARLOS MANATO,"3,4",ANDRE MOREIRA,"1,5",ARIDELMO TEIXEIRA,"1,3",JACKELINE ROCHA,"1,1",,,,,,,,,,,,,,,,,,
,ES-06695/2018,https://politicacolatinense.blogspot.com/2018/,ES,ESPÍRITO SANTO,1.0,S,0.0,,,MAGNO,"10,8",FERRAÇO,"7,8",FABIANO CONTARATO,"1,6",MARCOS DO VAL,"1,1",,,,,,,,,,,,,,,,,,,,,,
,ES-06695/2018,https://politicacolatinense.blogspot.com/2018/,ES,ESPÍRITO SANTO,1.0,S,1.0,,,MAGNO,"42,1",FERRAÇO,"38,9",FABIANO CONTARATO,"9,4",MARCOS DO VAL,"8,1",CELIA TAVARES,5,ROGERIO BERNARDO,"3,1",MAURO RIBEIRO,"2,6",SUBTENENTE ASSIS,"2,5",HELDER CARNIELLI,"2,4",ULISSES PINCELLI,1,,,,,,,,,,
,ES-09041/2018,https://tconline.com.br/futura-indica-lideranca-absoluta-de-casagrande/,ES,ESPÍRITO SANTO,1.0,G,0.0,,,CASAGRANDE,"20,4",PAULO HARTUNG,"18,5",,,,,,,,,,,,,,,,,,,,,,,,,,
,ES-09041/2018,https://tconline.com.br/futura-indica-lideranca-absoluta-de-casagrande/,ES,ESPÍRITO SANTO,1.0,G,1.0,,,CASAGRANDE,42,HARTUNG,"32,9",ROSE,"6,9",CORONEL FORESTI,"3,5",ANDRE MOREIRA,"1,1",,,,,,,,,,,,,,,,,,,,
,ES-09041/2018,https://tconline.com.br/futura-indica-lideranca-absoluta-de-casagrande/,ES,ESPÍRITO SANTO,1.0,G,1.0,,,CASAGRANDE,"56,5",ROSE DE FREITAS,"11,9",AMARO NETO,"9,4",CORONEL FORESTI,"3,5",ANDRE MOREIRA,"1,1",,,,,,,,,,,,,,,,,,,,
,ES-09041/2018,https://tconline.com.br/futura-indica-lideranca-absoluta-de-casagrande/,ES,ESPÍRITO SANTO,1.0,G,1.0,,,CASAGRANDE,"52,6",RICARDO FERRAÇO,"13,8",ROSE,"9,5",CORONEL FORESTI,"3,8",ANDRE MOREIRA,"1,4",,,,,,,,,,,,,,,,,,,,
,ES-09041/2018,https://tconline.com.br/futura-indica-lideranca-absoluta-de-casagrande/,ES,ESPÍRITO SANTO,1.0,G,1.0,,,CASAGRANDE,"58,4",ROSE DE FREITAS,"12,8",CARLOS ALBERTO FORESTI,"4,3",COLNAGO,4,ANDRE MOREIRA,"1,5",,,,,,,,,,,,,,,,,,,,
,MS-06567/2016,http://www.horadanoticia.com.br/?conteudo=Noticias&noti_id=17464,MS,FIGUEIRÃO,1.0,P,1.0,,,ROGERIO,"48,5",JUVENAL,"32,77",,,,,,,,,,,,,,,,,,,,,,,,,,
,MS-06567/2016,http://www.horadanoticia.com.br/?conteudo=Noticias&noti_id=17464,MS,FIGUEIRÃO,1.0,P,1.0,,,ROGERIO,"56,61",PROF. JUVENAL,"36,76",,,,,,,,,,,,,,,,,,,,,,,,,,
,ES-02835/2016,https://f1portaldenoticias.blogspot.com/2017/,ES,FUND√ÉO,0.0,,,,,,,,,,,,,,,,,,,,,,,,,,,,,,,,,,
,ES-00021/2012,http://futuranet.ws/wp-content/uploads/2012/07/R_RedeGazeta_Guarapari_201207_SiteFutura_V002.pdf,ES,GUARAPARI,1.0,P,1.0,,,EDSON MAGALHAES,"50,6",RICARDO CONDE,"24,1",CARLOS VON,"2,5",,,,,,,,,,,,,,,,,,,,,,,,
,ES-00021/2012,http://futuranet.ws/wp-content/uploads/2012/07/R_RedeGazeta_Guarapari_201207_SiteFutura_V002.pdf,ES,GUARAPARI,1.0,P,0.0,,,EDSON MAGALHAES,"25,3",RICARDO CONDE,"3,8",,,,,,,,,,,,,,,,,,,,,,,,,,
,ES-00056/2012,http://g1.globo.com/espirito-santo/eleicoes/2012/noticia/2012/09/edson-magalhaes-tem-521-e-conde-275-diz-ibope-em-guarapari.html,ES,GUARAPARI,1.0,P,0.0,,,EDSON MAGALHAES,"45,7",RICARDO CONDE,"19,6",CARLOS VON,"2,7",,,,,,,,,,,,,,,,,,,,,,,,
,ES-00056/2012,http://g1.globo.com/espirito-santo/eleicoes/2012/noticia/2012/09/edson-magalhaes-tem-521-e-conde-275-diz-ibope-em-guarapari.html,ES,GUARAPARI,1.0,P,1.0,,,EDSON MAGALHAES,"52,1",RICARDO CONDE,"27,5",CARLOS VON,"4,5",,,,,,,,,,,,,,,,,,,,,,,,
,ES-00132/2012,https://www.yumpu.com/pt/document/read/28336040/resultado-eleiaaues-guarapari-futuranet,ES,GUARAPARI,1.0,P,1.0,,,EDSON MAGALHAES,"52,3",RICARDO CONDE,"24,3",CARLOS VON,"7,3",,,,,,,,,,,,,,,,,,,,,,,,
,ES-00132/2012,https://www.yumpu.com/pt/document/read/28336040/resultado-eleiaaues-guarapari-futuranet,ES,GUARAPARI,1.0,P,0.0,,,EDSON MAGALHAES,"47,3",RICARDO CONDE,"21,3",CARLOS VON,"5,3",,,,,,,,,,,,,,,,,,,,,,,,
,MG-00839/2012,http://www.vivereperigoso.com/2012_09_26_archive.html,MG,ITAJUBÁ,0.0,,,,,,,,,,,,,,,,,,,,,,,,,,,,,,,,,,
,MS-02363/2016,http://fronteiranews.com/monteiro-lidera-corrida-eleitoral-em-jardim/,MS,JARDIM,1.0,P,1.0,,,GUILHERME MONTEIRO,"44,09",DR. ERNEY,"34,2",PASTOR ELCIO,"5,67",,,,,,,,,,,,,,,,,,,,,,,,
,MS-03490/2016,http://www.tudodoms.com.br/noticia/72848/veja-as-pesquisas-de-intencao--de-voto-para-jardim-e-terenos,MS,JARDIM,1.0,P,,,,GUILHERME MONTEIRO,"45,77",DR. ERNEY,"34,45",PASTOR ELCIO,"3,98",,,,,,,,,,,,,,,,,,,,,,,,
,PB-00034/2012,https://blogdopovodeitabaiana.blogspot.com/2012/08/pesquisa-opiniao-aponta-empate-tecnico.html,PB,JOÃO PESSOA,1.0,P,0.0,,,CICERO,"14,7",MARANHAO,"13,6",LUCIANO CARTAXO,"10,3",ESTELA BEZERRA,"6,2",,,,,,,,,,,,,,,,,,,,,,
,PB-00034/2012,https://blogdopovodeitabaiana.blogspot.com/2012/08/pesquisa-opiniao-aponta-empate-tecnico.html,PB,JOÃO PESSOA,1.0,P,1.0,,,CICERO,"23,5",MARANHAO,"21,5",LUCIANO CARTAXO,"16,1",ESTELA BEZERRA,"9,5",LOURDES SARMENTO,"1,5",,,,,,,,,,,,,,,,,,,,
,PB-00274/2016,https://jeftenews.blogspot.com/2016/06/pesquisa-arapuan-cartaxo-aparece-em.html,PB,JOÃO PESSOA,1.0,P,0.0,,,LUCIANO CARTAXO,"15,4",CIDA RAMOS,"4,5",,,,,,,,,,,,,,,,,,,,,,,,,,
,PB-00274/2016,https://jeftenews.blogspot.com/2016/06/pesquisa-arapuan-cartaxo-aparece-em.html,PB,JOÃO PESSOA,1.0,P,1.0,,,LUCIANO CARTAXO,44,CIDA RAMOS,"11,3",MANOEL JUNIOR,"4,6",WILSON FILHO,"3,5",CHARLITON MACHADO,"1,3",,,,,,,,,,,,,,,,,,,,
,MG-00529/2012,https://colunaacontecendo.blogspot.com/2012/09/disputa-pela-prefeitura-de-juiz-de-fora.html,MG,JUIZ DE FORA,1.0,P,0.0,,,MARGARIDA SALOMAO,"30,4",BRUNO SIQUEIRA,"22,4",CUSTODIO MATTOS,"14,2",,,,,,,,,,,,,,,,,,,,,,,,
,MG-00529/2012,https://colunaacontecendo.blogspot.com/2012/09/disputa-pela-prefeitura-de-juiz-de-fora.html,MG,JUIZ DE FORA,1.0,P,1.0,,,MARGARIDA SALOMAO,"37,6",BRUNO SIQUEIRA,"26,4",CUSTODIO MATTOS,"19,8",,,,,,,,,,,,,,,,,,,,,,,,
,MS-00033/2012,https://www.escavador.com/diarios/25696/TRT-23/J/2015-05-19/26369846/movimentacao-do-processo-0000018-3520155230000,MS,LAGUNA CARAPÃ,0.0,,,,,,,,,,,,,,,,,,,,,,,,,,,,,,,,,,
,MG-00409/2012,https://www.ocorvoveloz.com.br/2012_09_16_archive.html,MG,LAVRAS,1.0,P,,,,MARCOS CHEREM,35,SILAS,"26,3",DEHON,11,,,,,,,,,,,,,,,,,,,,,,,,
,ES-00010/2012,http://futuranet.ws/wp-content/uploads/2012/07/R_AvaliacaoMunicipios_Linhares_201202_SiteFutura.pdf,ES,LINHARES,1.0,P,1.0,,,GUERINO ZANON,"30,2",NOZINHO CORREA,"22,5",JOSE CARLOS ELIAS,"22,5",JOSE CARDIA,"6,5",JUAREZ SMARÇARO,4,MILENA CEOLIM,"1,5",JOAO LUIZ TEIXEIRA,"1,2",,,,,,,,,,,,,,,,
,ES-00010/2012,http://futuranet.ws/wp-content/uploads/2012/07/R_AvaliacaoMunicipios_Linhares_201202_SiteFutura.pdf,ES,LINHARES,1.0,P,0.0,,,GUERINO ZANON,"17,2",NOZINHO CORREA,"12,5",JOSE CARLOS ELIAS,"8,8",JUAREZ SMARÇARO,"1,2",,,,,,,,,,,,,,,,,,,,,,
,ES-00018/2012,http://futuranet.ws/wp-content/uploads/2012/07/R_RedeGazeta_Linhares_201207_SiteFutura_V01.pdf,ES,LINHARES,1.0,P,1.0,,,NOZINHO CORREA,"32,2",GUERINO ZANON,"29,5",JOSE CARLOS ELIAS,"16,8",MILENA CEOLIN,4,,,,,,,,,,,,,,,,,,,,,,
,ES-00018/2012,http://futuranet.ws/wp-content/uploads/2012/07/R_RedeGazeta_Linhares_201207_SiteFutura_V01.pdf,ES,LINHARES,1.0,P,0.0,,,NOZINHO CORREA,"24,2",GUERINO ZANON,"20,2",JOSE CARLOS ELIAS,"9,2",MILENA CEOLIN,1,,,,,,,,,,,,,,,,,,,,,,
,ES-00053/2012,http://futuranet.ws/wp-content/uploads/2012/09/R_RedeGazeta_Linhares_201208_SiteFutura_V001.pdf,ES,LINHARES,1.0,P,1.0,,,GUERINO ZANON,"35,1",NOZINHO CORREA,"34,3",JOSE CARLOS ELIAS,"10,4",MILENA CEOLIN,"3,2",PROFESSOR JOAO LUIZ,1,,,,,,,,,,,,,,,,,,,,
,ES-00053/2012,http://futuranet.ws/wp-content/uploads/2012/09/R_RedeGazeta_Linhares_201208_SiteFutura_V001.pdf,ES,LINHARES,1.0,P,0.0,,,GUERINO ZANON,"32,1",NOZINHO CORREA,"29,1",JOSE CARLOS ELIAS,"9,5",MILENA CEOLIN,2,,,,,,,,,,,,,,,,,,,,,,
,ES-02465/2016,https://www.gazetaonline.com.br/noticias/politica/2016/04/linhares-guerino-lidera-com-47-e-ze-carlos-tem-10-5-1013936749.html,ES,LINHARES,1.0,P,0.0,,,GUERINO ,32,JOSE CARLOS ELIAS,"4,3",ELIANA DADALTO,"3,8",,,,,,,,,,,,,,,,,,,,,,,,
,ES-02465/2016,https://www.gazetaonline.com.br/noticias/politica/2016/04/linhares-guerino-lidera-com-47-e-ze-carlos-tem-10-5-1013936749.html,ES,LINHARES,1.0,P,1.0,,,GUERINO ,"46,8",JOSE CARLOS ELIAS,"10,5",ELIANA DADALTO,"8,8",JOSE CARDIA,8,LUIZ DURAO,5,MILTINHO COLEGA,4,NOZINHO CORREA,"1,5",,,,,,,,,,,,,,,,
,MS-00005/2014,https://www.campograndenews.com.br/politica/pesquisa-aponta-empate-entre-delcidio-e-nelsinho-em-campo-grande,MS,MATO GROSSO DO SUL,1.0,G,,,,DELCIDIO,"33,33",NELSINHO,"32,84",REINALDO AZAMBUJA,"16,67",,,,,,,,,,,,,,,,,,,,,,,,
,MS-00069/2014,http://www.cassilandianoticias.com.br/ultimas-noticias/veja-pesquisa-para-governador-do-estado-de-ms-20-10-2014,MS,MATO GROSSO DO SUL,1.0,G,0.0,,,AZAMBUJA,"38,35",DELCIDIO,32,,,,,,,,,,,,,,,,,,,,,,,,,,
,MS-00069/2014,http://www.cassilandianoticias.com.br/ultimas-noticias/veja-pesquisa-para-governador-do-estado-de-ms-20-10-2014,MS,MATO GROSSO DO SUL,1.0,G,1.0,,,AZAMBUJA,"49,77",DELCIDIO,"43,06",,,,,,,,,,,,,,,,,,,,,,,,,,
,MS-00080/2014,http://www.contrapontoms.com.br/palanque/pesquisa-ipems-aponta-reinaldo-10-pontos-na-frente-de-delcidio,MS,MATO GROSSO DO SUL,1.0,G,,,,REINALDO AZAMBUJA,"50,33",DELCIDIO DO AMARAL,"40,69",,,,,,,,,,,,,,,,,,,,,,,,,,
,MS-02185/2018,http://www.maracajuemfoco.com.br/noticia/pesquisa-indica-eleicao-de-reinaldo-azambuja-no-primeiro-turno/29055,MS,MATO GROSSO DO SUL,1.0,G,,,,REINALDO AZAMBUJA,"51,08",ODILON DE OLIVEIRA,"33,71",JUNIOR MOCHI,8,HUMBERTO AMADUCCI,"4,69",MARCELO BLUMA,"1,61",,,,,,,,,,,,,,,,,,,,
,MS-03337/2018,https://moreninhasnews.com.br/brasil/mato-groso-do-sul/eleicao-para-governador-pode-ser-decidida-no-1o-turno/,MS,MATO GROSSO DO SUL,1.0,G,1.0,,,AZAMBUJA,"45,82",ODILON DE OLIVEIRA,"30,24",JUNIOR MOCHI,"7,17",HUMBERTO AMADUCCI,"4,2",MARCELO BLUMA,"1,44",,,,,,,,,,,,,,,,,,,,
,MS-04673/2018,https://www.correiodoestado.com.br/politica/nelsinho-e-o-preferido-em-campo-grande-para-o-senado/332170/,MS,MATO GROSSO DO SUL,1.0,S,1.0,,,NELSINHO TRAD,"41,78",ZECA DO PT,"24,4",MOKA,"13,15",SORAYA THRONICKE,"9,68",SERGIO HARFOUCHE,"8,9",PEDRO CHAVES,"6,57",CHICO MAIA,"5,92",BETINI,"3,31",MARCELO MIGLIOLI,"3,02",,,,,,,,,,,,
,MS-04673/2018,https://www.correiodoestado.com.br/politica/queda-de-odilon-e-crescimento-de-andre-e-azambuja-embolam-disputa/332012/,MS,MATO GROSSO DO SUL,1.0,G,1.0,,,JUIZ ODILON,"30,74",ANDRE PUCCINELLI,"29,39",REINALDO AZAMBUJA,"25,77",,,,,,,,,,,,,,,,,,,,,,,,
,MS-07532/2018,https://agazetaconesul.com/noticia/indice/pesquisa-aponta-reinaldo-com-42-9-odilon-tem-29-35,MS,MATO GROSSO DO SUL,1.0,G,1.0,,,REINALDO AZAMBUJA,"42,94",ODILON DE OLIVEIRA,"29,35",JUNIOR MOCHI,"7,77",HUMBERTO AMADUCCI,"4,76",MARCELO BLUMA,"2,62",,,,,,,,,,,,,,,,,,,,
,MS-09406/2018,http://www.semanaon.com.br/conteudo/8026/simpatia-antenada-e-reciproca,MS,MATO GROSSO DO SUL,1.0,S,,,,NELSINHO TRAD,"41,59",ZECA DO PT,"31,76",MOKA,"23,58",SERGIO HARFOUCHE,7,PEDRO CHAVES,"6,24",FRANCISCO MAIA,"4,62",MARCELO MIGLIOLI,"2,74",,,,,,,,,,,,,,,,
,MS-09406/2018,http://www.semanaon.com.br/conteudo/8026/simpatia-antenada-e-reciproca,MS,MATO GROSSO DO SUL,1.0,G,,,,ODILON DE OLIVEIRA,"33,94",REINALDO AZAMBUJA,"25,5",ANDRE PUCCINELLI,"25,43",HUMBERTO AMADUCCI,"2,58",,,,,,,,,,,,,,,,,,,,,,
BR-00188/2014,MG-00048/2014,http://www.plantaobrasil.net/news.asp?nID=79675,MG,MINAS GERAIS,1.0,PR,0.0,,,AECIO NEVES,"27,1",DILMA ROUSSEFF,"24,7",EDUARDO CAMPOS,"1,9",LULA,"1,2",,,,,,,,,,,,,,,,,,,,,,
BR-00188/2014,MG-00048/2014,http://www.plantaobrasil.net/news.asp?nID=79675,MG,MINAS GERAIS,1.0,PR,1.0,,,AECIO NEVES,"43,8",DILMA ROUSSEFF,"31,9",EDUARDO CAMPOS,"4,3",PASTOR EVERALDO,"1,8",,,,,,,,,,,,,,,,,,,,,,
,MG-00048/2014,https://realidadenojornalismo.blogspot.com/2014/06/estamos-proximos-da-grande-mudanca-que.html,MG,MINAS GERAIS,1.0,S,,,,ANTONIO ANASTASIA,"53,1",ALEXANDRE KALIL,"10,2",JOSUE GOMES,"6,4",,,,,,,,,,,,,,,,,,,,,,,,
,MG-00048/2014,https://www.brasil247.com/geral/pimentel-lidera-intencoes-de-votos-diz-mda-em-data,MG,MINAS GERAIS,1.0,G,1.0,,,FERNANDO PIMENTEL,"29,3",PIMENTA DA VEIGA,"16,5",VANESSA,"4,9",ALCANTARA,"1,5",,,,,,,,,,,,,,,,,,,,,,
,MG-00048/2014,https://www.brasil247.com/geral/pimentel-lidera-intencoes-de-votos-diz-mda-em-data,MG,MINAS GERAIS,1.0,G,1.0,,,FERNANDO PIMENTEL,27,PIMENTA DA VEIGA,"15,1",JULIO DELGADO,"6,6",VANESSA PORTUGAL,"4,5",FIDELIS ALCANTARA,"1,3",,,,,,,,,,,,,,,,,,,,
BR-00188/2014,MG-00061/2014,https://docplayer.com.br/11611522-Avaliacao-da-intencao-de-voto-em-minas-gerais-para-as-eleicoes-2014.html,MG,MINAS GERAIS,1.0,PR,0.0,,,AECIO NEVES,"27,1",DILMA ROUSSEFF,"24,7",EDUARDO CAMPOS,"1,9",LULA,"1,2",,,,,,,,,,,,,,,,,,,,,,
,MG-00061/2014,https://docplayer.com.br/11611522-Avaliacao-da-intencao-de-voto-em-minas-gerais-para-as-eleicoes-2014.html,MG,MINAS GERAIS,1.0,S,0.0,,,ANASTASIA ,"13,9",ALEXANDRE KALIL,"2,1",JOSUE GOMES,"1,4",,,,,,,,,,,,,,,,,,,,,,,,
,MG-00061/2014,https://docplayer.com.br/11611522-Avaliacao-da-intencao-de-voto-em-minas-gerais-para-as-eleicoes-2014.html,MG,MINAS GERAIS,1.0,G,0.0,,,FERNANDO PIMENTEL,"6,4",AECIO NEVES,"4,6",PIMENTA DA VEIGA,"2,8",,,,,,,,,,,,,,,,,,,,,,,,
BR-00188/2014,MG-00061/2014,https://docplayer.com.br/11611522-Avaliacao-da-intencao-de-voto-em-minas-gerais-para-as-eleicoes-2014.html,MG,MINAS GERAIS,1.0,PR,1.0,,,AECIO NEVES,"43,8",DILMA ROUSSEFF,"31,9",EDUARDO CAMPOS,"4,3",PASTOR EVERALDO,"1,8",,,,,,,,,,,,,,,,,,,,,,
,MG-00061/2014,https://docplayer.com.br/11611522-Avaliacao-da-intencao-de-voto-em-minas-gerais-para-as-eleicoes-2014.html,MG,MINAS GERAIS,1.0,S,1.0,,,ANASTASIA ,"53,1",ALEXANDRE KALIL,"10,2",JOSUE GOMES,"6,4",,,,,,,,,,,,,,,,,,,,,,,,
,MG-00061/2014,https://docplayer.com.br/11611522-Avaliacao-da-intencao-de-voto-em-minas-gerais-para-as-eleicoes-2014.html,MG,MINAS GERAIS,1.0,G,1.0,,,FERNANDO PIMENTEL,"29,3",PIMENTA DA VEIGA,"16,5",VANESSA PORTUGAL,"4,9",FIDELIS ALCANTARA,"1,5",,,,,,,,,,,,,,,,,,,,,,
,MG-00061/2014,https://docplayer.com.br/11611522-Avaliacao-da-intencao-de-voto-em-minas-gerais-para-as-eleicoes-2014.html,MG,MINAS GERAIS,1.0,G,1.0,,,FERNANDO PIMENTEL,"27,5",PIMENTA DA VEIGA,"15,1",JULIO DELGADO,"6,6",VANESSA PORTUGAL,"4,5",FIDELIS ALCANTARA,"1,3",,,,,,,,,,,,,,,,,,,,
,MG-02724/2018,http://maranhaohoje.com/em-minas-lula-lidera-para-presidente-e-dilma-rousseff-para-o-senado/,MG,MINAS GERAIS,1.0,G,1.0,,,ANTONIO ANASTASIA,"25,1",FERNANDO PIMENTEL,"18,6",ROMEU ZEMA,"4,3",,,,,,,,,,,,,,,,,,,,,,,,
BR-06132/2018,MG-02724/2018,http://maranhaohoje.com/em-minas-lula-lidera-para-presidente-e-dilma-rousseff-para-o-senado/,MG,MINAS GERAIS,1.0,PR,1.0,,,JAIR BOLSONARO,"21,9",FERNANDO HADDAD,"12,6",MARINA SILVA,"9,3",CIRO GOMES,"7,1",GERALDO ALCKMIN,"5,9",ALVARO DIAS,"2,2",JOAO AMOEDO,"1,9",HENRIQUE MEIRELLES,"1,4",GUILHERME BOULOS,1,,,,,,,,,,,,
,MG-02724/2018,https://bhaz.com.br/2018/08/23/brancos-nulos-pesquisa-minas/,MG,MINAS GERAIS,1.0,S,,,,DILMA ROUSSEFF,"23,2",CARLOS VIANA,"7,9",TULIO LOPES,"6,4",DINIS PINHEIRO,"5,4",RODRIGO PACHECO,"5,4",BISPO DAMASCENO,"5,4",CORONEL LACERDA,5,JORGE LUNA,"4,4",VANESSA PORTUGAL,"4,2",RODRIGO PAIVA,"4,1",JAIME MARTINS,"2,5",ANA ALVES,2,DUDA SALABERT,"1,6",KAKA MENEZES,"1,4",,
,MG-02724/2018,https://folhadosulmg.blogspot.com/2018/08/,MG,MINAS GERAIS,1.0,G,0.0,,,ANTONIO ANASTASIA,"7,1",PIMENTEL,"4,4",MARCIO LACERDA,2,ROMEU ZEMA,"1,4",,,,,,,,,,,,,,,,,,,,,,
,MG-04357/2018,http://www.blogjacocosta.com/2018/08/mudancas-dilma-e-aecio-saem-na-frente.html,MG,MINAS GERAIS,1.0,S,1.0,,,DILMA ROUSSEFF,"21,5",AECIO NEVES,15,MAURO TRAMONTE,"10,6",JOSUE GOMES,"10,4",CARLOS VIANA,"7,7",JO MORAES,"7,5",RODRIGO PAIVA,"5,7",DINIS PINHEIRO,"4,3",BRUNO SIQUEIRA,"3,9",JAIME MARTINS,"3,6",,,,,,,,,,
,MG-04357/2018,http://www.blogjacocosta.com/2018/08/mudancas-dilma-e-aecio-saem-na-frente.html,MG,MINAS GERAIS,1.0,S,0.0,,,DILMA ROUSSEFF,"3,7",AECIO NEVES,"1,6",CARLOS VIANA,1,,,,,,,,,,,,,,,,,,,,,,,,
,MG-04357/2018,https://blognilos.blogspot.com/2018/07/,MG,MINAS GERAIS,1.0,G,,,,ANTONIO ANASTASIA,"21,5",FERNANDO PIMENTEL,"13,3",MARCIO LACERDA,"9,7",ROMEU ZEMA,"3,4",RODRIGO PACHECO,"2,4",JOAO BATISTA,2,,,,,,,,,,,,,,,,,,
BR-05535/2018,MG-06081/2018,https://www.cnt.org.br/imprensa/noticia/cnt-divulga-terceira-pesquisa-eleicoes-minas-gerais,MG,MINAS GERAIS,1.0,PR,1.0,,,JAIR BOLSONARO,"39,7",FERNANDO HADDAD,"19,9",CIRO GOMES,"8,7",GERALDO ALCKMIN,"6,8",JOAO AMOEDO,"3,4",MARINA SILVA,"3,1",HENRIQUE MEIRELLES,"1,5",CABO DACIOLO,"1,4",,,,,,,,,,,,,,
,MG-06081/2018,https://www.cnt.org.br/imprensa/noticia/cnt-divulga-terceira-pesquisa-eleicoes-minas-gerais,MG,MINAS GERAIS,1.0,S,1.0,,,DILMA ROUSSEFF,"24,3",RODRIGO PACHECO,"16,7",CARLOS VIANA,"16,3",,,,,,,,,,,,,,,,,,,,,,,,
,MG-06081/2018,https://www.cnt.org.br/imprensa/noticia/cnt-divulga-terceira-pesquisa-eleicoes-minas-gerais,MG,MINAS GERAIS,1.0,G,1.0,,,ANTONIO ANASTASIA,"31,5",FERNANDO PIMENTEL,"19,3",ROMEU ZEMA,"14,2",,,,,,,,,,,,,,,,,,,,,,,,
,MG-08614/2018,http://www.fatoreal.com.br/portal/politica/pesquisa-aponta-preferencia-do-eleitor-lafaietense-para-presidente-senador-e-governador,MG,MINAS GERAIS,1.0,S,,,,DILMA ROUSSEFF,"12,3",CARLOS VIANA,"3,3",MIGUEL CORREA,"2,8",RODRIGO PAIVA,1,,,,,,,,,,,,,,,,,,,,,,
,MG-08614/2018,http://www.fatoreal.com.br/portal/politica/pesquisa-aponta-preferencia-do-eleitor-lafaietense-para-presidente-senador-e-governador,MG,MINAS GERAIS,1.0,G,,,,FERNANDO PIMENTEL,10,ANTONIO ANASTASIA,"9,3",ROMEU ZEMA,"1,5",,,,,,,,,,,,,,,,,,,,,,,,
BR-02780/2018,MG-08614/2018,http://www.fatoreal.com.br/portal/politica/pesquisa-aponta-preferencia-do-eleitor-lafaietense-para-presidente-senador-e-governador,MG,MINAS GERAIS,1.0,PR,,,,JAIR BOLSONARO,20,FERNANDO HADDAD,"16,5",CIRO GOMES,"4,8",LULA,"3,5",JOAO AMOEDO,"2,8",,,,,,,,,,,,,,,,,,,,
,MG-00838/2012,https://defatoonline.com.br/pesquisa-aponta-larga-vantagem-para-teofilo-torres-em-monlevade/,MG,MONLEVADE,1.0,P,,,,TEOFILO TORRES,"46,8",CONCEIÇAO WINTER,"16,4",GENTIL BICALHO,"13,4",,,,,,,,,,,,,,,,,,,,,,,,
,MG-00510/2012,https://pablodemelo.blogspot.com/2012_09_16_archive.html,MG,MONTES CLAROS,1.0,P,,,,JAIRO ATAIDE,"29,9",PAULO GUEDES,"21,6",RUY MUNIZ,19,HUMBERTO SOUTO,10,,,,,,,,,,,,,,,,,,,,,,
,MG-00644/2012,https://blogdobanu.blogspot.com/2012/09/candidato-petista-assume-lideranca-em.html,MG,MONTES CLAROS,1.0,P,1.0,,,PAULO GUEDES,26,JAIRO ATAIDE,"23,6",RUY MUNIZ,"19,6",HUMBERTO SOUTO,"12,4",,,,,,,,,,,,,,,,,,,,,,
,MG-00644/2012,https://francanetocafenews.blogspot.com/2012/09/reviravolta-na-pesquisa-de-intencao-de.html,MG,MONTES CLAROS,1.0,P,0.0,,,PAULO GUEDES,"20,8",JAIRO ATAIDE,18,RUY MUNIZ,"15,2",HUMBERTO SOUTO,"10,2",,,,,,,,,,,,,,,,,,,,,,
,MG-01242/2012,"https://www.em.com.br/app/noticia/politica/2012/10/25/interna_politica,325484/muniz-lidera-na-reta-final-da-disputa-pela-prefeitura-de-montes-claros.shtml",MG,MONTES CLAROS,1.0,P,1.0,,,MUNIZ,"42,9",GUEDES,"34,5",,,,,,,,,,,,,,,,,,,,,,,,,,
,MG-01242/2012,"https://www.em.com.br/app/noticia/politica/2012/10/25/interna_politica,325484/muniz-lidera-na-reta-final-da-disputa-pela-prefeitura-de-montes-claros.shtml",MG,MONTES CLAROS,1.0,P,1.0,,,MUNIZ,"44,1",GUEDES,"35,5",,,,,,,,,,,,,,,,,,,,,,,,,,
,MS-06840/2016,https://nioaqueonline.com.br/eleicoes-2016-nioaque/,MS,NIOAQUE,1.0,P,1.0,,,VALDIR JUNIOR,"67,84",GERSON GARCIA,"23,41",,,,,,,,,,,,,,,,,,,,,,,,,,
,ES-00035/2012,http://futuranet.ws/wp-content/uploads/2012/08/R_Eleitoral_NovaVenecia_201208_Site.pdf,ES,NOVA VEN√âCIA,1.0,P,1.0,,,LUBIANA BARRIGUEIRA,"39,7",WILSON JAPONES,"35,7",,,,,,,,,,,,,,,,,,,,,,,,,,
,ES-00035/2012,http://futuranet.ws/wp-content/uploads/2012/08/R_Eleitoral_NovaVenecia_201208_Site.pdf,ES,NOVA VEN√âCIA,1.0,P,0.0,,,LUBIANA BARRIGUEIRA,"30,3",WILSON JAPONES,"28,8",,,,,,,,,,,,,,,,,,,,,,,,,,
,ES-00116/2012,https://www.jusbrasil.com.br/topicos/67803673/veronica-dirk-teixeira-e-ferreira,ES,NOVA VEN√âCIA,0.0,,,,,,,,,,,,,,,,,,,,,,,,,,,,,,,,,,
,ES-01232/2016,http://futuranet.ws/wp-content/uploads/2016/10/Eleitoral_2016_NovaVenecia_Setembro.pdf,ES,NOVA VEN√âCIA,1.0,P,1.0,,,LUBIANA BARRIGUEIRA,"63,8",DAULIM BONOMO,13,,,,,,,,,,,,,,,,,,,,,,,,,,
,ES-01232/2016,http://futuranet.ws/wp-content/uploads/2016/10/Eleitoral_2016_NovaVenecia_Setembro.pdf,ES,NOVA VEN√âCIA,1.0,P,0.0,,,LUBIANA BARRIGUEIRA,"54,3",DAULIM BONOMO,"8,5",,,,,,,,,,,,,,,,,,,,,,,,,,
,MG-00196/2012,https://www.calameo.com/books/000882907d1fcf21f1355,MG,PASSOS,1.0,P,0.0,,,ATAIDE VILELA,"44,3",RENATINHO OURIVES,12,COSSIMO BALTAZAR,"4,3",AURO MAIA,"2,3",,,,,,,,,,,,,,,,,,,,,,
,MG-00196/2012,https://www.calameo.com/books/000882907d1fcf21f1355,MG,PASSOS,1.0,P,1.0,,,ATAIDE VILELA,"54,8",RENATINHO OURIVES,"17,3",COSSIMO BALTAZAR,"8,5",AURO MAIA,"3,3",,,,,,,,,,,,,,,,,,,,,,
,PE-00009/2014,https://chorrochoemfoco.blogspot.com/2014/07/eleicoes-2014-pesquisa-para-governador.html,PE,PERNAMBUCO,1.0,G,,,,ARMANDO MONTEIRO,"40,5",PAULO CAMARA,"8,4",ZE GOMES,"2,5",JAIR PEDRO,"1,6",MIGUEL ANACLETO,"1,1",,,,,,,,,,,,,,,,,,,,
,PE-00009/2014,https://informativodebrejao.blogspot.com/2014/07/,PE,PERNAMBUCO,1.0,S,,,,JOAO PAULO,"35,1",FERNANDO BEZERRA ,"14,6",,,,,,,,,,,,,,,,,,,,,,,,,,
,MG-00045/2016,https://www.facebook.com/horadaverdadetv,MG,PO√áOS DE CALDAS,0.0,,,,,,,,,,,,,,,,,,,,,,,,,,,,,,,,,,
,MG-04891/2016,https://www.facebook.com/horadaverdadetv,MG,PO√áOS DE CALDAS,0.0,,,,,,,,,,,,,,,,,,,,,,,,,,,,,,,,,,
,PB-00044/2012,http://www.focandoanoticia.com.br/tag/mayene/,PB,POMBAL,1.0,P,0.0,,,POLYANA,"47,7",MAYENE,"41,5",,,,,,,,,,,,,,,,,,,,,,,,,,
,PB-00044/2012,http://www.focandoanoticia.com.br/tag/mayene/,PB,POMBAL,1.0,P,1.0,,,POLYANA,"50,2",MAYENE,42,,,,,,,,,,,,,,,,,,,,,,,,,,
,MS-00032/2012,https://www.maseno.ac.ke/index/index.php?option=com_content&view=article&id=445:bnyandwaro,MS,PONTA PORÃ,0.0,,,,,,,,,,,,,,,,,,,,,,,,,,,,,,,,,,
,MS-00062/2012,https://medicinaupap.blogspot.com/,MS,PONTA PORÃ,1.0,P,,,,HELIO PELUFFO,"35,67",ALVARO SOARES,"30,67",LUDIMAR NOVAIS,"18,33",,,,,,,,,,,,,,,,,,,,,,,,
,MS-04998/2016,https://www.medicinainforma.com/noticias/page/310/,MS,PONTA PORÃ,1.0,P,0.0,,,PELUFFO,"48,29",CHICO GIMENEZ,"15,98",LUDIMAR NOVAIS,"7,51",,,,,,,,,,,,,,,,,,,,,,,,
,MS-04998/2016,https://www.medicinainforma.com/noticias/page/310/,MS,PONTA PORÃ,1.0,P,1.0,,,PELUFFO,"57,99",CHICO GIMENEZ,"19,6",LUDIMAR NOVAIS,"10,18",,,,,,,,,,,,,,,,,,,,,,,,
,MS-07177/2016,https://www.pontaporainforma.com.br/noticias/politica/peluffo-lidera-a-corrida-eleitoral-em-ponta-pora-indica-pesquisa-do-ipems,MS,PONTA PORÃ,1.0,P,0.0,,,PELUFFO,"23,01",CHICO GIMENEZ,"6,34",LUDIMAR NOVAIS,"4,88",,,,,,,,,,,,,,,,,,,,,,,,
,MS-07177/2016,https://www.pontaporainforma.com.br/noticias/politica/peluffo-lidera-a-corrida-eleitoral-em-ponta-pora-indica-pesquisa-do-ipems,MS,PONTA PORÃ,1.0,P,1.0,,,PELUFFO,"55,3",LUDIMAR NOVAIS,"9,57",CHICO GIMENEZ,"15,47",,,,,,,,,,,,,,,,,,,,,,,,
,MG-00696/2012,"https://www.em.com.br/app/noticia/politica/2012/09/29/interna_politica,320376/petista-rumo-a-reeleicao-em-pouso-alegre.shtml",MG,POUSO ALEGRE,1.0,P,,,,AGNALDO PERUGINI,"43,7",ENEAS CHIARINI,"28,7",DOUGLAS VASCONCELOS,"4,6",,,,,,,,,,,,,,,,,,,,,,,,
,PB-06046/2016,http://paraibadebate.com.br/pesquisa-opiniao-em-princesa-isabel-ricardo-pereira-psb-lidera-com-475-sidney-psdb-e-o-2o-com-355/,PB,PRINCESA ISABEL,1.0,P,0.0,,,RICARDO PEREIRA,"41,8",SIDNEY FILHO,31,DOUTOR RIVALDO,"1,8",,,,,,,,,,,,,,,,,,,,,,,,
,PB-06046/2016,http://paraibadebate.com.br/pesquisa-opiniao-em-princesa-isabel-ricardo-pereira-psb-lidera-com-475-sidney-psdb-e-o-2o-com-355/,PB,PRINCESA ISABEL,1.0,P,1.0,,,RICARDO PEREIRA,"47,5",SIDNEY FILHO,"35,5",DOUTOR RIVALDO,"4,5",,,,,,,,,,,,,,,,,,,,,,,,
,MS-00723/2016,http://aguaclarams.com.br/politica/2016/09/05/49652/em-ribas-do-rio-pardo-paulo-tucura-lidera-a-corrida-eleitoral-.html,MS,RIBAS DO RIO PARDO,1.0,P,0.0,,,TUCURA,"28,14",JOAO PEGOLO,"19,92",JOAO ALFREDO,"3,56",,,,,,,,,,,,,,,,,,,,,,,,
,MS-00723/2016,http://www.radio90fm.com.br/noticias/tucura-lidera-a-corrida-eleitoral-em-ribas,MS,RIBAS DO RIO PARDO,1.0,P,1.0,,,TUCURA,"48,69",JOAO PEGOLO,28,JOAO ALFREDO,"5,4",KLEBER KARA,"3,03",,,,,,,,,,,,,,,,,,,,,,
,MS-04057/2016,http://www.radio90fm.com.br/noticias/nova-pesquisa-ipems-indica-favoritismo-de-tucura-para-prefeitura-de-ribas,MS,RIBAS DO RIO PARDO,1.0,P,0.0,,,PAULO TUCURA,"44,98",JOAO PEGOLO,"21,66",JOAO ALFREDO,"2,59",,,,,,,,,,,,,,,,,,,,,,,,
,MS-04057/2016,http://www.radio90fm.com.br/noticias/nova-pesquisa-ipems-indica-favoritismo-de-tucura-para-prefeitura-de-ribas,MS,RIBAS DO RIO PARDO,1.0,P,1.0,,,PAULO TUCURA,"53,28",JOAO PEGOLO,"28,54",JOAO ALFREDO,"3,98",KLEBER KARA,"1,88",,,,,,,,,,,,,,,,,,,,,,
,MG-00742/2012,https://pcdobneves.blogspot.com/2012/,MG,RIBEIR√ÉO DAS NEVES,1.0,P,,,,DANIELA CORREA,57,GLAUCIA BRANDAO,"20,8",RONALDO SENA,"1,4",MARQUINHOS,"1,2",,,,,,,,,,,,,,,,,,,,,,
,PB-04087/2016,https://topeleicoes.polemicaparaiba.com.br/santa-cecilia/,PB,SANTA CECÍLIA,1.0,P,,,,BETO DE CHICO,"55,8",MARCILIO FARIAS,30,VAVA,"1,3",,,,,,,,,,,,,,,,,,,,,,,,
,PB-05100/2016,https://topeleicoes.polemicaparaiba.com.br/,PB,SANTA LUZIA,1.0,P,,,,JACKSON DOS SANTOS,"44,3",JOSE ALEXANDRE,30,PROFESSOR JOSELITO,"9,4",,,,,,,,,,,,,,,,,,,,,,,,
,MG-00326/2012,https://www.hojeemdia.com.br/acervo/2.704/bebeto-da-leiteria-lidera-a-disputa-em-santos-dumont-1.33662,MG,SANTOS DUMONT,1.0,P,0.0,,,BEBETO DA LEITEIRA,"36,3",BETINHO DA GRAMATEX,"19,7",REINALDO CABRAL,"4,7",,,,,,,,,,,,,,,,,,,,,,,,
,MG-00326/2012,https://www.hojeemdia.com.br/acervo/2.704/bebeto-da-leiteria-lidera-a-disputa-em-santos-dumont-1.33662,MG,SANTOS DUMONT,1.0,P,1.0,,,BEBETO DA LEITEIRA,"47,3",BETINHO DA GRAMATEX,"25,3",REINALDO CABRAL,"5,7",,,,,,,,,,,,,,,,,,,,,,,,
,PB-08388/2016,https://www.diariodosertao.com.br/noticias/politica/143519/justica-barra-primeira-pesquisa-eleitoral-apos-registro-de-candidaturas-no-sertao.html,PB,SÃO BENTO,,,,1.0,,,,,,,,,,,,,,,,,,,,,,,,,,,,,,,
,MA-00532/2012,https://hbois.blogspot.com/2012/10/gastos-com-pesquisas-no-segundo-turno.html,MA,SÃO LUIS,0.0,,,,,,,,,,,,,,,,,,,,,,,,,,,,,,,,,,
,MA-00533/2012,http://www.juntadeandalucia.es/boja/2013/45/67,MA,SÃO LUIS,0.0,,,,,,,,,,,,,,,,,,,,,,,,,,,,,,,,,,
,MA-00534/2012,http://www.juntadeandalucia.es/boja/2013/45/67,MA,SÃO LUIS,0.0,,,,,,,,,,,,,,,,,,,,,,,,,,,,,,,,,,
,ES-00031/2012,http://futuranet.ws/wp-content/uploads/2012/08/R_RedeGazeta_SaoMateus_201207_SiteFutura_V001.pdf,ES,SÃO MATEUS,1.0,P,1.0,,,AMADEU BOROTO,"64,9",PAULO ROBERTO,"15,1",PEDRO HEMERLY,"2,5",,,,,,,,,,,,,,,,,,,,,,,,
,ES-00031/2012,http://futuranet.ws/wp-content/uploads/2012/08/R_RedeGazeta_SaoMateus_201207_SiteFutura_V001.pdf,ES,SÃO MATEUS,1.0,P,0.0,,,AMADEU BOROTO,43,PAULO ROBERTO,"7,2",,,,,,,,,,,,,,,,,,,,,,,,,,
,ES-00066/2012,http://g1.globo.com/espirito-santo/eleicoes/2012/noticia/2012/09/boroto-tem-721-e-paulo-roberto-149-diz-futura-em-sao-mateus.html,ES,SÃO MATEUS,1.0,P,0.0,,,AMADEU BOROTO,"65,4",PAULO ROBERTO,10,PEDRO HEMERLY,"1,7",,,,,,,,,,,,,,,,,,,,,,,,
,ES-00066/2012,http://g1.globo.com/espirito-santo/eleicoes/2012/noticia/2012/09/boroto-tem-721-e-paulo-roberto-149-diz-futura-em-sao-mateus.html,ES,SÃO MATEUS,1.0,P,1.0,,,AMADEU BOROTO,"72,1",PAULO ROBERTO,"14,9",PEDRO HEMERLY,"2,7",,,,,,,,,,,,,,,,,,,,,,,,
,ES-00131/2012,http://futuranet.ws/wp-content/uploads/2012/10/Resultados_Eleitoral_SaoMateus.pdf,ES,SÃO MATEUS,1.0,P,1.0,,,AMADEU BOROTO,"64,3",PAULO ROBERTO,"16,8",PEDRO HEMERLY,"4,8",,,,,,,,,,,,,,,,,,,,,,,,
,ES-00131/2012,http://futuranet.ws/wp-content/uploads/2012/10/Resultados_Eleitoral_SaoMateus.pdf,ES,SÃO MATEUS,1.0,P,0.0,,,AMADEU BOROTO,59,PAULO ROBERTO,"12,3",PEDRO HEMERLY,"2,5",,,,,,,,,,,,,,,,,,,,,,,,
,ES-03675/2016,http://futuranet.ws/wp-content/uploads/2016/10/Eleitoral_2016_SaoMateus_Setembro.pdf,ES,SÃO MATEUS,1.0,P,1.0,,,DANIEL DA AÇAI,"52,8",FREITAS,"16,8",CARLINHOS LYRIO,"14,3",,,,,,,,,,,,,,,,,,,,,,,,
,ES-03675/2016,http://futuranet.ws/wp-content/uploads/2016/10/Eleitoral_2016_SaoMateus_Setembro.pdf,ES,SÃO MATEUS,1.0,P,0.0,,,DANIEL DA AÇAI,"45,5",FREITAS,"12,3",CARLINHOS LYRIO,"10,5",,,,,,,,,,,,,,,,,,,,,,,,
,PB-08704/2016,http://expressopb.net/2016/09/29/pesquisa-aponta-roberto-feliciano-com-12-a-frente-de-joao-da-utilar-em-sapepb/,PB,SAPÉ,1.0,P,0.0,,,ROBERTO FELICIANO,"38,3",JOAO CLEMENTE,26,JUSCELINO DO PEIXE,"9,8",JOSIVALDO DA CAIXA,"2,8",,,,,,,,,,,,,,,,,,,,,,
,PB-08704/2016,http://expressopb.net/2016/09/29/pesquisa-aponta-roberto-feliciano-com-12-a-frente-de-joao-da-utilar-em-sapepb/,PB,SAPÉ,1.0,P,1.0,,,ROBERTO FELICIANO,"39,5",JOAO CLEMENTE,"27,8",JUSCELINO DO PEIXE,"10,5",JOSIVALDO DA CAIXA,"3,8",,,,,,,,,,,,,,,,,,,,,,
,ES-00009/2012,http://futuranet.ws/wp-content/uploads/2012/07/R_AvaliacaoMunicipios_Serra_201202_SiteFutura.pdf,ES,SERRA,1.0,P,1.0,,,SERGIO VIDIGAL,"43,2",AUDIFAX,"36,9",VANDINHO LEITE,"6,3",ROBERTO CARLOS,"2,7",PROFESSOR RENATO,1,,,,,,,,,,,,,,,,,,,,
,ES-00009/2012,http://futuranet.ws/wp-content/uploads/2012/07/R_AvaliacaoMunicipios_Serra_201202_SiteFutura.pdf,ES,SERRA,1.0,P,0.0,,,SERGIO VIDIGAL,"25,4",AUDIFAX,"19,7",,,,,,,,,,,,,,,,,,,,,,,,,,
,ES-00017/2012,http://futuranet.ws/wp-content/uploads/2012/07/R_RedeGazeta_Serra_201207_SiteFutura_V01.pdf,ES,SERRA,1.0,P,1.0,,,AUDIFAX,"41,1",SERGIO VIDIGAL,"40,9",PROFESSOR RENATO,"3,5",JOSE VENTURINI,"1,2",,,,,,,,,,,,,,,,,,,,,,
,ES-00017/2012,http://futuranet.ws/wp-content/uploads/2012/07/R_RedeGazeta_Serra_201207_SiteFutura_V01.pdf,ES,SERRA,1.0,P,0.0,,,AUDIFAX,27,SERGIO VIDIGAL,"23,5",,,,,,,,,,,,,,,,,,,,,,,,,,
,ES-00068/2012,http://futuranet.ws/wp-content/uploads/2012/09/R_RedeGazeta_Serra_201209SiteFutura_V00.pdf,ES,SERRA,1.0,P,1.0,,,AUDIFAX,"45,1",SERGIO VIDIGAL,"38,4",PROFESSOR RENATO,1,,,,,,,,,,,,,,,,,,,,,,,,
,ES-00068/2012,http://futuranet.ws/wp-content/uploads/2012/09/R_RedeGazeta_Serra_201209SiteFutura_V00.pdf,ES,SERRA,1.0,P,0.0,,,AUDIFAX,39,SERGIO VIDIGAL,"33,8",,,,,,,,,,,,,,,,,,,,,,,,,,
,ES-00205/2012,http://g1.globo.com/espirito-santo/eleicoes/2012/noticia/2012/10/audifax-tem-52-e-vidigal-454-dos-votos-validos-na-serra-es.html,ES,SERRA,1.0,P,1.0,,,AUDIFAX BARCELOS,46,SERGIO VIDIGAL,"40,2",PROFESSOR RENATO,"1,5",,,,,,,,,,,,,,,,,,,,,,,,
,ES-01069/2016,https://www.gazetaonline.com.br/especiais/eleicoes_2016/2016/09/vidigal-tem-48-das-intencoes-de-votos-validos-contra-45-de-audifax-1013981179.html,ES,SERRA,1.0,P,1.0,,,VIDIGAL,"40,5",AUDIFAX,"37,6",GIDEAO SVENSSON,"2,3",GIVALDO VIEIRA,"2,1",,,,,,,,,,,,,,,,,,,,,,
,ES-01218/2016,http://g1.globo.com/espirito-santo/eleicoes/2016/noticia/2016/10/futura-vidigal-433-audifax-427-nao-sabem-73-brancosnulos-67.html,ES,SERRA,1.0,P,1.0,,,SERGIO VIDIGAL,"43,3",AUDIFAX,"42,7",,,,,,,,,,,,,,,,,,,,,,,,,,
,ES-02162/2016,http://g1.globo.com/espirito-santo/eleicoes/2016/noticia/2016/10/futura-vidigal-475-audifax-40-nao-sabem-75-brancosnulos-48.html,ES,SERRA,1.0,P,0.0,,,SERGIO VIDIGAL,"44,3",AUDIFAX BARCELOS,"36,3",,,,,,,,,,,,,,,,,,,,,,,,,,
,ES-02162/2016,http://g1.globo.com/espirito-santo/eleicoes/2016/noticia/2016/10/futura-vidigal-475-audifax-40-nao-sabem-75-brancosnulos-48.html,ES,SERRA,1.0,P,1.0,,,SERGIO VIDIGAL,"47,5",AUDIFAX BARCELOS,"40,3",,,,,,,,,,,,,,,,,,,,,,,,,,
,ES-08176/2016,https://www.gazetaonline.com.br/cbn_vitoria/reportagens/2016/03/audifax-e-considerado-otimo-ou-bom-por-35-1013933500.html,ES,SERRA,0.0,,,,,,,,,,,,,,,,,,,,,,,,,,,,,,,,,,
,ES-04303/2016,http://futuranet.ws/wp-content/uploads/2016/10/Eleitoral_2016_Sooretama_Setembro.pdf,ES,SOORETAMA,1.0,P,1.0,,,ALESSANDRO BROEDEL,40,ESMAEL LOUREIRO,"29,5",JOANA RANGEL,"9,3",EDSON ISIDORO,"5,3",,,,,,,,,,,,,,,,,,,,,,
,ES-04303/2016,http://futuranet.ws/wp-content/uploads/2016/10/Eleitoral_2016_Sooretama_Setembro.pdf,ES,SOORETAMA,1.0,P,0.0,,,ALESSANDRO BROEDEL,"33,3",ESMAEL LOUREIRO,27,JOANA RANGEL,"6,3",EDSON ISIDORO,"4,3",,,,,,,,,,,,,,,,,,,,,,
,BA-04075/2016,https://reportercoragem.com.br/politica/pesquisa-do-instituto-futura-aponta-timoteo-brito-com-355-e-joao-bosco-com-208/,BA,TEIXEIRA DE FREITAS,1.0,P,1.0,,,TIMOTEO BRITO,"32,3",JOAO BOSCO,18,MARTA HELENA,12,CAIO CHECON,7,,,,,,,,,,,,,,,,,,,,,,
,BA-04075/2016,https://reportercoragem.com.br/politica/pesquisa-do-instituto-futura-aponta-timoteo-brito-com-355-e-joao-bosco-com-208/,BA,TEIXEIRA DE FREITAS,1.0,P,1.0,,,TIMOTEO BRITO,"35,5",JOAO BOSCO,"20,8",MARTA HELENA,"17,5",CAIO CHECON,"10,5",,,,,,,,,,,,,,,,,,,,,,
,MS-00567/2016,https://bocadopovonews.com.br/as-dez-mais-74/,MS,TERENOS,0.0,,,,,,,,,,,,,,,,,,,,,,,,,,,,,,,,,,
,MS-00022/2012,https://www.campograndenews.com.br/politica/com-aprovacao-de-86-prefeita-de-tres-lagoas-lidera-preferencia-de-eleitores,MS,TRÊS LAGOAS,1.0,P,1.0,,,MARCIA MOURA,47,ANGELO GUERREIRO,"42,75",,,,,,,,,,,,,,,,,,,,,,,,,,
,MS-00022/2012,https://www.perfilnews.com.br/marcia-moura-ultrapassa-guerreiro-na-corrida-eleitoral/,MS,TRÊS LAGOAS,1.0,P,0.0,,,MARCIA MOURA,"15,25",ANGELO GUERREIRO,"9,25",SIMONE TEBET,"1,5",,,,,,,,,,,,,,,,,,,,,,,,
,MS-03204/2016,https://www.radiocacula.com.br/noticias/politica/guerreiro-lidera-disputa-a-prefeitura-de-tres-lagoas-com-martinho-em-2-aponta-pesquisa-fiems-ipems,MS,TRÊS LAGOAS,1.0,P,1.0,,,ANGELO GUERREIRO,"68,74",JORGE MARTINHO,"12,3",IDEVALDO CLAUDINO,"2,34",,,,,,,,,,,,,,,,,,,,,,,,
,MG-01241/2012,https://giseldacampos-jornalista.blogspot.com/2012/10/,MG,UBERABA,1.0,P,1.0,,,LERIN,41,PIAU,"36,8",,,,,,,,,,,,,,,,,,,,,,,,,,
,MG-01241/2012,"https://www.em.com.br/app/noticia/politica/2012/10/24/interna_politica,325222/psb-e-pmdb-embolados-na-reta-final-da-disputa-em-uberaba.shtml",MG,UBERABA,1.0,P,0.0,,,LERIN,"40,6",PIAU,"35,2",,,,,,,,,,,,,,,,,,,,,,,,,,
,MG-00455/2012,https://www.arquivojudicial.com/processo/cC3zfgdIq,MG,UBERL√ÇNDIA,0.0,,,,,,,,,,,,,,,,,,,,,,,,,,,,,,,,,,
,MG-00543/2012,https://www.varginhaonline.com.br/noticias/exibe_noticia.asp?id=171050,MG,VARGINHA,1.0,P,0.0,,,ANTONIO SILVA,"40,4",DR. EDUARDO CORUJINHA,"18,2",RENATO,"16,8",KIKO,"1,6",,,,,,,,,,,,,,,,,,,,,,
,MG-00543/2012,https://www.varginhaonline.com.br/noticias/exibe_noticia.asp?id=171050,MG,VARGINHA,1.0,P,1.0,,,ANTONIO SILVA,43,DR. EDUARDO CORUJINHA,"22,6",RENATO,18,KIKO,"1,6",,,,,,,,,,,,,,,,,,,,,,
,MG-00783/2012,https://www.blogdomadeira.com.br/2012/10/sai-nova-pesquisa-eleitoral-do-jornal-estado-de-minas-quadro-permanece-inalterado/,MG,VARGINHA,1.0,P,,,,ANTONIO SILVA,"44,5",EDUARDO CORUJINHA,"19,6",RENATO,"17,4",KIKO,"3,2",,,,,,,,,,,,,,,,,,,,,,
,ES-00006/2012,http://futuranet.ws/wp-content/uploads/2012/07/R_AvaliacaoMunicipios_VilaVelha_201202_SiteFutura.pdf,ES,VILA VELHA,1.0,P,1.0,,,MAX FILHO,"24,5",HERCULES SILVEIRA,"22,8",NEUCIMAR FRAGA,17,RODNEY MIRANDA,"15,2",RAFAEL FAVATTO,"3,3",JOAO BATISTA BABA,1,,,,,,,,,,,,,,,,,,
,ES-00006/2012,http://futuranet.ws/wp-content/uploads/2012/07/R_AvaliacaoMunicipios_VilaVelha_201202_SiteFutura.pdf,ES,VILA VELHA,1.0,P,0.0,,,MAX FILHO,"11,8",NEUCIMAR FRAGA,11,HERCULES SILVEIRA,"6,5",RODNEY MIRANDA,3,,,,,,,,,,,,,,,,,,,,,,
,ES-00023/2012,http://futuranet.ws/wp-content/uploads/2012/07/R_RedeGazeta_VilaVelha_201207_SiteFutura_V00.pdf,ES,VILA VELHA,1.0,P,1.0,,,NEUCIMAR FRAGA,"31,3",MAX FILHO,"29,2",RODNEY MIRANDA,"19,3",JOAO BATISTA BABA,"1,5",,,,,,,,,,,,,,,,,,,,,,
,ES-00023/2012,http://futuranet.ws/wp-content/uploads/2012/07/R_RedeGazeta_VilaVelha_201207_SiteFutura_V00.pdf,ES,VILA VELHA,1.0,P,0.0,,,NEUCIMAR FRAGA,16,MAX FILHO,"14,3",RODNEY MIRANDA,"6,7",,,,,,,,,,,,,,,,,,,,,,,,
,ES-00062/2012,http://futuranet.ws/wp-content/uploads/2012/09/R_RedeGazeta_VilaVelha_201208_SiteFutura_V00.pdf,ES,VILA VELHA,1.0,P,1.0,,,NEUCIMAR,"31,2",MAX FILHO,"26,8",RODNEY MIRANDA,"25,1",BABA,"2,3",,,,,,,,,,,,,,,,,,,,,,
,ES-00062/2012,http://futuranet.ws/wp-content/uploads/2012/09/R_RedeGazeta_VilaVelha_201208_SiteFutura_V00.pdf,ES,VILA VELHA,1.0,P,0.0,,,NEUCIMAR,"26,8",MAX FILHO,22,RODNEY MIRANDA,"18,3",BABA,"1,3",,,,,,,,,,,,,,,,,,,,,,
,ES-00206/2012,http://g1.globo.com/espirito-santo/eleicoes/2012/noticia/2012/10/em-vila-velha-neucimar-tem-367-e-rodney-321-dos-votos-validos.html,ES,VILA VELHA,1.0,P,1.0,,,NEUCIMAR FRAGA,32,RODNEY MIRANDA,28,MAX FILHO,"26,2",,,,,,,,,,,,,,,,,,,,,,,,
,ES-00222/2012,http://futuranet.ws/wp-content/uploads/2012/10/Resultados-Pesquisa-Eleitoral-Segundo-Turno-Vila-Velha_SiteFutura.pdf,ES,VILA VELHA,1.0,P,1.0,,,RODNEY MIRANDA,"53,8",NEUCIMAR,"35,3",,,,,,,,,,,,,,,,,,,,,,,,,,
,ES-00222/2012,http://futuranet.ws/wp-content/uploads/2012/10/Resultados-Pesquisa-Eleitoral-Segundo-Turno-Vila-Velha_SiteFutura.pdf,ES,VILA VELHA,1.0,P,0.0,,,RODNEY MIRANDA,"51,3",NEUCIMAR,33,,,,,,,,,,,,,,,,,,,,,,,,,,
,ES-00227/2012,http://futuranet.ws/wp-content/uploads/2012/10/R_RedeGazeta_VilaVelha_SegundoTurnoQuanti2_201210_SiteFutura_V00.pdf,ES,VILA VELHA,1.0,P,1.0,,,RODNEY MIRANDA,"54,4",NEUCIMAR,"34,1",,,,,,,,,,,,,,,,,,,,,,,,,,
,ES-00227/2012,http://futuranet.ws/wp-content/uploads/2012/10/R_RedeGazeta_VilaVelha_SegundoTurnoQuanti2_201210_SiteFutura_V00.pdf,ES,VILA VELHA,1.0,P,0.0,,,RODNEY MIRANDA,"53,1",NEUCIMAR,33,,,,,,,,,,,,,,,,,,,,,,,,,,
,ES-00236/2012,http://futuranet.ws/wp-content/uploads/2012/10/R_RedeGazeta_VilaVelha_SegundoTurnoQuanti3_201210_V00_Site.pdf,ES,VILA VELHA,1.0,P,1.0,,,RODNEY MIRANDA,"47,3",NEUCIMAR,"39,2",,,,,,,,,,,,,,,,,,,,,,,,,,
,ES-00236/2012,http://futuranet.ws/wp-content/uploads/2012/10/R_RedeGazeta_VilaVelha_SegundoTurnoQuanti3_201210_V00_Site.pdf,ES,VILA VELHA,1.0,P,0.0,,,RODNEY MIRANDA,"45,3",NEUCIMAR,38,,,,,,,,,,,,,,,,,,,,,,,,,,
,ES-00439/2016,https://www.gazetaonline.com.br/noticias/politica/2016/03/neucimar-marca-23-5-contra-10-de-rodney-em-pesquisa-eleitoral-em-vila-velha-1013934522.html,ES,VILA VELHA,1.0,P,1.0,,,NEUCIMAR FRAGA,"24,3",HERCULES SILVEIRA,"21,5",RODNEY MIRANDA,"11,5",RAFAEL FAVATTO,7,JUNIOR BOLA,"1,8",OSVALDO MATURANO,"1,5",VASCO ALVES,"4,5",EUCLERIO SAMPAIO,"2,3",HUDSON LEAL,"1,3",,,,,,,,,,,,
,ES-05965/2016,http://g1.globo.com/espirito-santo/eleicoes/2016/noticia/2016/10/futura-votos-validos-max-596-neucimar-404.html,ES,VILA VELHA,1.0,P,1.0,,,MAX FILHO,"47,1",NEUCIMAR FRAGA,"31,9",,,,,,,,,,,,,,,,,,,,,,,,,,
,ES-06703/2016,http://futuranet.ws/wp-content/uploads/2016/10/Eleitoral_2016_VilaVelha_Setembro.pdf,ES,VILA VELHA,1.0,P,1.0,,,MAX FILHO,31,NEUCIMAR FRAGA,"28,2",RODNEY MIRANDA,"13,5",DOUTOR RAFAEL FAVATTO,"4,8",VASCO ALVES,"4,2",PROFESSORA LIU KATRINI,"1,3",,,,,,,,,,,,,,,,,,
,ES-06703/2016,http://futuranet.ws/wp-content/uploads/2016/10/Eleitoral_2016_VilaVelha_Setembro.pdf,ES,VILA VELHA,1.0,P,0.0,,,MAX FILHO,"25,2",NEUCIMAR FRAGA,"21,5",RODNEY MIRANDA,"11,3",DOUTOR RAFAEL FAVATTO,4,VASCO ALVES,"3,2",,,,,,,,,,,,,,,,,,,,
,ES-07482/2016,http://g1.globo.com/espirito-santo/eleicoes/2016/noticia/2016/10/futura-max-48-neucimar-348-brancosnulos-11-nao-sabem-6.html,ES,VILA VELHA,1.0,P,0.0,,,MAX FILHO,"42,3",NEUCIMAR FRAGA,"29,8",,,,,,,,,,,,,,,,,,,,,,,,,,
,ES-07482/2016,http://g1.globo.com/espirito-santo/eleicoes/2016/noticia/2016/10/futura-max-48-neucimar-348-brancosnulos-11-nao-sabem-6.html,ES,VILA VELHA,1.0,P,1.0,,,MAX FILHO,48,NEUCIMAR FRAGA,"34,8",,,,,,,,,,,,,,,,,,,,,,,,,,
,ES-07734/2016,https://www.gazetaonline.com.br/especiais/eleicoes_2016/2016/09/max-filho-tem-37-das-intencoes-de-votos-validos-contra-34-de-neucimar-fraga-1013981601.html,ES,VILA VELHA,1.0,P,1.0,,,MAX FILHO,31,NEUCIMAR FRAGA,"28,2",RODNEY MIRANDA,"13,5",RAFAEL FAVATTO,"4,8",VASCO ALVES,"4,2",LIU KATRINI,"1,3",,,,,,,,,,,,,,,,,,
,ES-00011/2012,http://futuranet.ws/wp-content/uploads/2012/07/R_AvaliacaoMunicipios_Vitoria_201203_V00_SiteFutura.pdf,ES,VITÓRIA,1.0,P,1.0,,,LUIZ PAULO VELLOZO LUCAS,"25,2",LUCIANO REZENDE,"19,3",IRINY LOPES,"10,3",LELO COIMBRA,"6,7",JOSE ESMERALDO,6,MAX DA MATA,4,SERGIO MAGALHAES,"1,2",,,,,,,,,,,,,,,,
,ES-00011/2012,http://futuranet.ws/wp-content/uploads/2012/07/R_AvaliacaoMunicipios_Vitoria_201203_V00_SiteFutura.pdf,ES,VITÓRIA,1.0,P,1.0,,,PAULO HARTUNG,"42,5",LUIZ PAULO VELLOZO LUCAS,"14,2",LUCIANO REZENDE,"10,7",IRINY LOPES,"7,5",JOSE ESMERALDO,5,MAX DA MATA,"2,5",SERGIO MAGALHAES,1,,,,,,,,,,,,,,,,
,ES-00011/2012,http://futuranet.ws/wp-content/uploads/2012/07/R_AvaliacaoMunicipios_Vitoria_201203_V00_SiteFutura.pdf,ES,VITÓRIA,1.0,P,0.0,,,PAULO HARTUNG,"11,5",LUIZ PAULO VELLOZO LUCAS,"7,7",LUCIANO REZENDE,3,IRINY LOPES,"2,3",,,,,,,,,,,,,,,,,,,,,,
,ES-00013/2012,https://www.yumpu.com/pt/document/read/36413593/avaliaaao-municipal-vitaria-es-futuranet,ES,VITÓRIA,1.0,P,0.0,,,LUIZ PAULO,"6,3",IRINY LOPES,"4,5",LUCIANO REZENDE,"3,2",,,,,,,,,,,,,,,,,,,,,,,,
,ES-00013/2012,https://www.yumpu.com/pt/document/read/36413593/avaliaaao-municipal-vitaria-es-futuranet,ES,VITÓRIA,1.0,P,1.0,,,LUIZ PAULO,"31,2",LUCIANO REZENDE,"21,3",IRINY LOPES,"13,3",LELO COIMBRA,"6,2",JOSE ESMERALDO,6,SERJAO,"2,2",,,,,,,,,,,,,,,,,,
,ES-00019/2012,http://futuranet.ws/wp-content/uploads/2012/07/R_RedeGazeta_Vitoria_201207_SiteFutura_V00.pdf,ES,VITÓRIA,1.0,P,1.0,,,LUIZ PAULO VELLOZO,"37,8",LUCIANO REZENDE,"27,8",IRINY LOPES,"13,2",GUSTAVO DE BIASE,1,,,,,,,,,,,,,,,,,,,,,,
,ES-00019/2012,http://futuranet.ws/wp-content/uploads/2012/07/R_RedeGazeta_Vitoria_201207_SiteFutura_V00.pdf,ES,VITÓRIA,1.0,P,0.0,,,LUIZ PAULO VELLOZO,"14,2",LUCIANO REZENDE,"7,2",IRINY LOPES,5,,,,,,,,,,,,,,,,,,,,,,,,
,ES-00102/2012,http://futuranet.ws/wp-content/uploads/2012/09/R_RedeGazeta_Vitoria_201208_SiteFutura_V00.pdf,ES,VITÓRIA,1.0,P,1.0,,,LUIZ PAULO,36,LUCIANO REZENDE,"27,2",IRINY LOPES,17,GUSTAVO DE BIASE,2,MONTALVANI,"1,3",,,,,,,,,,,,,,,,,,,,
,ES-00102/2012,http://futuranet.ws/wp-content/uploads/2012/09/R_RedeGazeta_Vitoria_201208_SiteFutura_V00.pdf,ES,VITÓRIA,1.0,P,0.0,,,LUIZ PAULO,"35,5",LUCIANO REZENDE,"24,7",IRINY LOPES,"15,8",GUSTAVO DE BIASE,"1,5",MONTALVANI,"1,5",,,,,,,,,,,,,,,,,,,,
,ES-00201/2012,http://g1.globo.com/espirito-santo/eleicoes/2012/noticia/2012/10/em-vitoria-luiz-paulo-tem-383-e-luciano-316-dos-votos-validos.html,ES,VITÓRIA,1.0,P,1.0,,,LUIZ PAULO VELLOZO,"34,2",LUCIANO REZENDE,"28,2",IRINY LOPES,"21,5",GUSTAVO DE BIASE,4,MONTALVANI,1,,,,,,,,,,,,,,,,,,,,
,ES-00220/2012,http://g1.globo.com/espirito-santo/eleicoes/2012/noticia/2012/10/luciano-tem-568-e-luiz-paulo-308-diz-futura-do-segundo-turno.html,ES,VITÓRIA,1.0,P,1.0,,,LUCIANO REZENDE,"56,8",LUIZ PAULO,"30,8",,,,,,,,,,,,,,,,,,,,,,,,,,
,ES-00231/2012,http://futuranet.ws/wp-content/uploads/2012/10/R_RedeGazeta_VitoriaSegundoTurnoQuanti2_201210_SiteFutura_V00.pdf,ES,VITÓRIA,1.0,P,1.0,,,LUCIANO REZENDE,"49,8",LUIZ PAULO,"38,5",,,,,,,,,,,,,,,,,,,,,,,,,,
,ES-00231/2012,http://futuranet.ws/wp-content/uploads/2012/10/R_RedeGazeta_VitoriaSegundoTurnoQuanti2_201210_SiteFutura_V00.pdf,ES,VITÓRIA,1.0,P,0.0,,,LUCIANO REZENDE,"47,8",LUIZ PAULO,"37,2",,,,,,,,,,,,,,,,,,,,,,,,,,
,ES-00235/2012,http://futuranet.ws/wp-content/uploads/2012/10/R_RedeGazeta_VitoriaSegundoTurnoQuanti3_201210_V00_Site.pdf,ES,VITÓRIA,1.0,P,1.0,,,LUIZ PAULO,"46,1",LUCIANO REZENDE,"43,4",,,,,,,,,,,,,,,,,,,,,,,,,,
,ES-00235/2012,http://futuranet.ws/wp-content/uploads/2012/10/R_RedeGazeta_VitoriaSegundoTurnoQuanti3_201210_V00_Site.pdf,ES,VITÓRIA,1.0,P,0.0,,,LUIZ PAULO,"44,4",LUCIANO REZENDE,"42,4",,,,,,,,,,,,,,,,,,,,,,,,,,
,ES-03099/2016,http://g1.globo.com/espirito-santo/eleicoes/2016/noticia/2016/10/luciano-tem-498-e-amaro-378-aponta-futura.html,ES,VITÓRIA,1.0,P,0.0,,,LUCIANA REZENDE,"46,3",AMARO NETO,35,,,,,,,,,,,,,,,,,,,,,,,,,,
,ES-03099/2016,http://g1.globo.com/espirito-santo/eleicoes/2016/noticia/2016/10/luciano-tem-498-e-amaro-378-aponta-futura.html,ES,VITÓRIA,1.0,P,1.0,,,LUCIANA REZENDE,"49,8",AMARO NETO,"37,8",,,,,,,,,,,,,,,,,,,,,,,,,,
,ES-04674/2016,http://g1.globo.com/espirito-santo/eleicoes/2016/noticia/2016/10/futura-votos-validos-luciano-507-amaro-493.html,ES,VITÓRIA,1.0,P,1.0,,,LUCIANO REZENDE,"43,5",AMARO NETO,"42,2",,,,,,,,,,,,,,,,,,,,,,,,,,
,ES-07129/2016,https://www.gazetaonline.com.br/especiais/eleicoes_2016/2016/10/futura-luciano-tem-42-e-amaro-36-na-disputa-pela-prefeitura-de-vitoria-1013982012.html,ES,VITÓRIA,1.0,P,1.0,,,LUCIANO REZENDE,"35,7",AMARO NETO,"30,1",LELO COIMBRA,"13,7",PERLY CIPRIANO,"2,9",ANDRE MOREIRA,"2,3",,,,,,,,,,,,,,,,,,,,
,ES-09624/2016,http://g1.globo.com/espirito-santo/noticia/2016/03/luiz-paulo-tem-289-e-amaro-neto-244-diz-futura-em-vitoria.html,ES,VITÓRIA,1.0,P,0.0,,,LUIZ PAULO,"15,2",LUCIANO,7,AMARO NETO,"6,2",JOAO COSER,"1,2",RENATO CASAGRANDE,1,,,,,,,,,,,,,,,,,,,,
,ES-09624/2016,http://g1.globo.com/espirito-santo/noticia/2016/03/luiz-paulo-tem-289-e-amaro-neto-244-diz-futura-em-vitoria.html,ES,VITÓRIA,1.0,P,1.0,,,LUIZ PAULO,"28,9",AMARO NETO,"24,4",LUCIANO REZENDE,"17,7",LELO COIMBRA,"3,7",,,,,,,,,,,,,,,,,,,,,,
,,,,,,,,,,,,,,,,,,,,,,,,,,,,,,,,,,,,,,,
,,,,,,,,,,,,,,,,,,,,,,,,,,,,,,,,,,,,,,,
,,,,,,,,,,,,,,,,,,,,,,,,,,,,,,,,,,,,,,,
,,,,,,,,,,,,,,,,,,,,,,,,,,,,,,,,,,,,,,,
