obs,outro id,tse_id,url,,estado,sg_ue,util,position,estimulada,suspensa,vv,cand1,resul1,cand2,resul2,cand3,resul3,cand4,resul4,cand5,resul5,cand6,resul6,cand7,resul7,cand8,resul8,cand9,resul9,cand10,resul10,cand11,resul11,cand12,resul12,cand13,resul13,cand14,resul14,cand15,resul15,cand16,resul16,cand17,resul17,cand18,resul18,cand19,resul19,cand20,resul20,cand21,resul21,cand22,resul22,cand23,resul23,cand24,resul24,cand25,resul25,cand26,resul26,cand27,resul27,cand28,resul28,cand29,resul29,cand30,resul30,cand31,resul31,cand32,resul32,cand33,resul33,cand34,resul34,cand35,resul35,cand36,resul36,cand37,resul37,cand38,resul38,cand39,resul39,cand40,resul40,cand41,resul41,cand42,resul42,cand43,resul43
,,AC-02237/2018,http://www.oriobranco.net/noticia/politica/21-02-2018-a-oito-meses-da-eleicao-pesquisa-aponta-empate-tecnico-para-o-governo-e-disputa-acirrada-para-o-senado,2503309000120,AC,ACRE,1,S,1.0,,,SERGIO PETECAO,"22,8",JORGE VIANA,"21,3",MARA ROCHA,"20,1",NEY AMORIM,"14,4",MINORU KIMAPARA,"9,4",,,,,,,,,,,,,,,,,,,,,,,,,,,,,,,,,,,,,,,,,,,,,,,,,,,,,,,,,,,,,,,,,,,,,,,,,,,,
,,AC-02237/2018,http://www.oriobranco.net/noticia/politica/21-02-2018-a-oito-meses-da-eleicao-pesquisa-aponta-empate-tecnico-para-o-governo-e-disputa-acirrada-para-o-senado,2503309000120,AC,ACRE,1,S,1.0,,,SERGIO PETECAO,"23,7",JORGE VIANA,"21,1",MARCIO BITTAR,"20,2",NEY AMORIM,13,MINORU KIMAPARA,"8,9",,,,,,,,,,,,,,,,,,,,,,,,,,,,,,,,,,,,,,,,,,,,,,,,,,,,,,,,,,,,,,,,,,,,,,,,,,,,
,,AC-02237/2018,https://3dejulhonoticias.com.br/2018/02/17/prefeito-marcus-alexandre-aparece-a-frente-de-gladson-cameli-em-pesquisa-para-o-governo-do-acre/,2503309000120,AC,ACRE,1,G,,,,MARCUS ALEXANDRE,"39,6",GLADSON CAMELI,"38,1",CORONEL ULYSSES ARAUJO,"10,9",LIRA XAPURI,"1,8",,,,,,,,,,,,,,,,,,,,,,,,,,,,,,,,,,,,,,,,,,,,,,,,,,,,,,,,,,,,,,,,,,,,,,,,,,,,,,
,,AC-07555/2016,https://pedorelha.blogspot.com/2016/09/branca-menezes-vira-o-jogo-e-esta-em.html#!,2503309000120,AC,SENADOR GUIOMARD,1,P,,,,BRANCA MENEZES,"26,2",ANDRE MAIA,"24,1",JORGE CATALAN,"20,7",NEY DO MILTAO,"9,7",,,,,,,,,,,,,,,,,,,,,,,,,,,,,,,,,,,,,,,,,,,,,,,,,,,,,,,,,,,,,,,,,,,,,,,,,,,,,,
,,AC-09321/2016,https://oaltoacre.com/pesquisa-aponta-empate-tecnico-em-brasileia/,2503309000120,AC,BRASILÉIA,1,P,,,,FERNANDA HASSEM,43,MANOEL PRETE,"42,1",,,,,,,,,,,,,,,,,,,,,,,,,,,,,,,,,,,,,,,,,,,,,,,,,,,,,,,,,,,,,,,,,,,,,,,,,,,,,,,,,,
,,AM-00061/2014,https://amazonasatual.com.br/tres-pesquisas-deixam-de-ser-divulgadas-no-amazonas-no-2o-turno/,20252668000133,AM,AMAZONAS,0,,,,,,,,,,,,,,,,,,,,,,,,,,,,,,,,,,,,,,,,,,,,,,,,,,,,,,,,,,,,,,,,,,,,,,,,,,,,,,,,,,,,,,,,,,
,GO-00001/2014,BR-00009/2014,https://cidademais.blogspot.com/,5850850000100,BR,BRASIL,1,G,1.0,,,MARCONI PERILLO,39,VANDERLAN CARDOSO,20,JUNIOR FRIBOI,13,ANTONIO GOMIDE,9,,,,,,,,,,,,,,,,,,,,,,,,,,,,,,,,,,,,,,,,,,,,,,,,,,,,,,,,,,,,,,,,,,,,,,,,,,,,,,
,GO-00001/2014,BR-00009/2014,https://cidademais.blogspot.com/,5850850000100,BR,BRASIL,1,G,0.0,,,MARCONI PERILLO,18,IRIS REZENDE,7,VANDERLAN CARDOSO,3,JUNIOR FRIBOI,2,ANTONIO GOMIDE,1,,,,,,,,,,,,,,,,,,,,,,,,,,,,,,,,,,,,,,,,,,,,,,,,,,,,,,,,,,,,,,,,,,,,,,,,,,,,
,GO-00027/2014,BR-00047/2014,https://issuu.com/diariodegoias/docs/fortiorimar14goveavaliacao,5850850000100,BR,BRASIL,1,G,1.0,,,MARCONI PERILLO,41,VANDERLAN CARDOSO,16,JUNIOR FRIBOI,15,ANTONIO GOMIDE,9,,,,,,,,,,,,,,,,,,,,,,,,,,,,,,,,,,,,,,,,,,,,,,,,,,,,,,,,,,,,,,,,,,,,,,,,,,,,,,
,GO-00027/2014,BR-00047/2014,https://issuu.com/diariodegoias/docs/fortiorimar14goveavaliacao,5850850000100,BR,BRASIL,1,G,0.0,,,MARCONI PERILLO,18,IRIS REZENDE,5,JUNIOR FRIBOI,3,VANDERLAN CARDOSO,3,ANTONIO GOMIDE,2,,,,,,,,,,,,,,,,,,,,,,,,,,,,,,,,,,,,,,,,,,,,,,,,,,,,,,,,,,,,,,,,,,,,,,,,,,,,
,DF-00007/2014,BR-00054/2014,http://www.saopaulonasentrelinhas.com.br/2014/04/liliane-roriz-continua-firme-como-vice.html,15484760000199,BR,BRASIL,1,G,1.0,,,LILIANE RORIZ,"16,9",RODRIGO ROLLEMBERG,"14,75",GIM ARGELLO,"7,3",ELIANA PEDROSA,"6,9",IZALCI LUCAS,"6,3",LUIZ PITIMAN,"4,8",JOFRAN FREJAT,"3,5",ADELMIR SANTANA,"2,9",VALMIR CAMPELO,"2,8",,,,,,,,,,,,,,,,,,,,,,,,,,,,,,,,,,,,,,,,,,,,,,,,,,,,,,,,,,,,,,,,,,,,
,DF-00011/2014,BR-00139/2014,http://www.saopaulonasentrelinhas.com.br/2014/06/sucessao-em-brasilia-azul-3463-e.html,15484760000199,BR,BRASIL,1,G,,,,JOSE ROBERTO ARRUDA,"26,65",ELIANA PEDROSA,"5,18",LUIZ PITIMAN,"2,8",AGNELO DO PT,"14,43",ROLLEMBERG,"8,4",TONINHO DO PSOL,"6,45",,,,,,,,,,,,,,,,,,,,,,,,,,,,,,,,,,,,,,,,,,,,,,,,,,,,,,,,,,,,,,,,,,,,,,,,,,
,GO-00048/2014,BR-00229/2014,https://diariodegoias.com.br/fortiori-marconi-tem-vantagem-de-dez-pontos-sobre-iris/,5850850000100,BR,BRASIL,1,G,0.0,,,MARCONI PERILLO,23,IRIS REZENDE,9,VANDERLAN CARDOSO,3,ANTONIO GOMIDE,3,,,,,,,,,,,,,,,,,,,,,,,,,,,,,,,,,,,,,,,,,,,,,,,,,,,,,,,,,,,,,,,,,,,,,,,,,,,,,,
,GO-00048/2014,BR-00229/2014,https://diariodegoias.com.br/fortiori-marconi-tem-vantagem-de-dez-pontos-sobre-iris/,5850850000100,BR,BRASIL,1,G,1.0,,,MARCONI PERILLO,38,IRIS REZENDE,28,VANDERLAN CARDOSO,8,ANTONIO GOMIDE,7,PROF. WESLEI GARCIA,1,,,,,,,,,,,,,,,,,,,,,,,,,,,,,,,,,,,,,,,,,,,,,,,,,,,,,,,,,,,,,,,,,,,,,,,,,,,,
,,BR-00229/2014,https://issuu.com/diariodegoias/docs/pesquisafortiorijulho14/2,5850850000100,BR,BRASIL,1,PR,1.0,,,DILMA ROUSSEFF,29,AECIO NEVES,25,EDUARDO CAMPOS,8,PASTOR EVERALDO,4,LUCIANA GENRO,1,,,,,,,,,,,,,,,,,,,,,,,,,,,,,,,,,,,,,,,,,,,,,,,,,,,,,,,,,,,,,,,,,,,,,,,,,,,,
,,BR-00229/2014,https://issuu.com/diariodegoias/docs/pesquisafortiorijulho14/2,5850850000100,BR,BRASIL,1,PR,0.0,,,DILMA ROUSSEFF,21,AECIO NEVES,11,LULA,2,EDUARDO CAMPOS,2,MARINA SILVA,1,,,,,,,,,,,,,,,,,,,,,,,,,,,,,,,,,,,,,,,,,,,,,,,,,,,,,,,,,,,,,,,,,,,,,,,,,,,,
,GO-00048/2014,BR-00229/2014,https://issuu.com/diariodegoias/docs/pesquisafortiorijulho14/2,5850850000100,BR,BRASIL,1,S,1.0,,,RONALDO CAIADO,35,VILMAR ROCHA,14,MARIA SANT'ANNA,11,AGUIMAR JESUINO,1,ANTONIO VIEIRA NETO,1,,,,,,,,,,,,,,,,,,,,,,,,,,,,,,,,,,,,,,,,,,,,,,,,,,,,,,,,,,,,,,,,,,,,,,,,,,,,
,GO-00048/2014,BR-00229/2014,https://issuu.com/diariodegoias/docs/pesquisafortiorijulho14/2,5850850000100,BR,BRASIL,1,S,0.0,,,RONALDO CAIADO,8,VILMAR ROCHA,3,,,,,,,,,,,,,,,,,,,,,,,,,,,,,,,,,,,,,,,,,,,,,,,,,,,,,,,,,,,,,,,,,,,,,,,,,,,,,,,,,,
,,BR-00380/2014,https://www.jornalopcao.com.br/reportagens/tendencia-de-crescimento-de-marconi-e-estagnacao-dos-demais-candidatos-abre-chance-de-vitoria-1o-turno-12726/,5850850000100,BR,BRASIL,1,PR,1.0,,,DILMA ROUSSEFF,32,AECIO NEVES,26,EDUARDO CAMPOS,10,PASTOR EVERALDO,4,ZE MARIA,1,,,,,,,,,,,,,,,,,,,,,,,,,,,,,,,,,,,,,,,,,,,,,,,,,,,,,,,,,,,,,,,,,,,,,,,,,,,,
,,BR-00380/2014,https://www.jornalopcao.com.br/reportagens/tendencia-de-crescimento-de-marconi-e-estagnacao-dos-demais-candidatos-abre-chance-de-vitoria-1o-turno-12726/,5850850000100,BR,BRASIL,1,PR,0.0,,,DILMA ROUSSEFF,25,AECIO NEVES,15,EDUARDO CAMPOS,4,,,,,,,,,,,,,,,,,,,,,,,,,,,,,,,,,,,,,,,,,,,,,,,,,,,,,,,,,,,,,,,,,,,,,,,,,,,,,,,,
,GO-00065/2014,BR-00380/2014,https://www.jornalopcao.com.br/reportagens/tendencia-de-crescimento-de-marconi-e-estagnacao-dos-demais-candidatos-abre-chance-de-vitoria-1o-turno-12726/,5850850000100,BR,BRASIL,1,S,1.0,,,RONALDO CAIADO,33,VILMAR ROCHA,13,MARINA SANT'ANNA,10,ANTONIO NETO,2,ELBER SAMPAIO,1,ALDO MURO,1,AGUIMAR JESUINO,1,,,,,,,,,,,,,,,,,,,,,,,,,,,,,,,,,,,,,,,,,,,,,,,,,,,,,,,,,,,,,,,,,,,,,,,,
,GO-00065/2014,BR-00380/2014,https://www.jornalopcao.com.br/reportagens/tendencia-de-crescimento-de-marconi-e-estagnacao-dos-demais-candidatos-abre-chance-de-vitoria-1o-turno-12726/,5850850000100,BR,BRASIL,1,S,0.0,,,RONALDO CAIADO,11,VILMAR ROCHA,3,MARINA SANT'ANNA,1,,,,,,,,,,,,,,,,,,,,,,,,,,,,,,,,,,,,,,,,,,,,,,,,,,,,,,,,,,,,,,,,,,,,,,,,,,,,,,,,
,GO-00065/2014,BR-00380/2014,https://www.jornalopcao.com.br/reportagens/tendencia-de-crescimento-de-marconi-e-estagnacao-dos-demais-candidatos-abre-chance-de-vitoria-1o-turno-12726/,5850850000100,BR,BRASIL,1,G,1.0,,,MARCONI PERILLO,38,IRIS REZENDE,26,VANDERLAN CARDOSO,8,ANTONIO GOMIDE,7,MARTA JANE,1,,,,,,,,,,,,,,,,,,,,,,,,,,,,,,,,,,,,,,,,,,,,,,,,,,,,,,,,,,,,,,,,,,,,,,,,,,,,
,GO-00065/2014,BR-00380/2014,https://www.jornalopcao.com.br/reportagens/tendencia-de-crescimento-de-marconi-e-estagnacao-dos-demais-candidatos-abre-chance-de-vitoria-1o-turno-12726/,5850850000100,BR,BRASIL,1,G,0.0,,,MARCONI PERILLO,24,IRIS REZENDE,12,VANDERLAN CARDOSO,4,ANTONIO GOMIDE,3,,,,,,,,,,,,,,,,,,,,,,,,,,,,,,,,,,,,,,,,,,,,,,,,,,,,,,,,,,,,,,,,,,,,,,,,,,,,,,
,GO-00117/2014,BR-00599/2014,https://www.emaisgoias.com.br/marconi-cresce-4-pontos-e-tem-41-diante-de-26-de-iris-rezende-aponta-pesquisa-fortiori/,5850850000100,BR,BRASIL,1,G,0.0,,,MARCONI PERILLO,30,IRIS REZENDE,17,VANDERLAN CARDOSO,6,ANTONIO GOMIDE,4,,,,,,,,,,,,,,,,,,,,,,,,,,,,,,,,,,,,,,,,,,,,,,,,,,,,,,,,,,,,,,,,,,,,,,,,,,,,,,
,GO-00117/2014,BR-00599/2014,https://www.emaisgoias.com.br/marconi-cresce-4-pontos-e-tem-41-diante-de-26-de-iris-rezende-aponta-pesquisa-fortiori/,5850850000100,BR,BRASIL,1,G,1.0,,,MARCONI PERILLO,41,IRIS REZENDE,26,VANDERLAN CARDOSO,8,ANTONIO GOMIDE,6,,,,,,,,,,,,,,,,,,,,,,,,,,,,,,,,,,,,,,,,,,,,,,,,,,,,,,,,,,,,,,,,,,,,,,,,,,,,,,
,GO-00131/2014,BR-00728/2014,http://www.blogdosergiovieira.com.br/2014/09/,5850850000100,BR,BRASIL,1,G,1.0,,,MARCONI PERILLO,41,IRIS REZENDE,23,VANDERLAN CARDOSO,10,ANTONIO GOMIDE,6,,,,,,,,,,,,,,,,,,,,,,,,,,,,,,,,,,,,,,,,,,,,,,,,,,,,,,,,,,,,,,,,,,,,,,,,,,,,,,
,PI-00193/2014,BR-00865/2014,https://portalcorrente.com.br/noticia/2063/datamax-divulga-nova-pesquisa,11186543000161,BR,BRASIL,1,G,,,,WELLINGTON DIAS,"49,95",ZE FILHO,"38,8",MAO SANTA,"6,73",,,,,,,,,,,,,,,,,,,,,,,,,,,,,,,,,,,,,,,,,,,,,,,,,,,,,,,,,,,,,,,,,,,,,,,,,,,,,,,,
,,BR-03282/2018,https://www.jagostinho.com.br/2018/08/30/parana-pesquisas-ibope-e-radar-saem-semana-que-vem/,481961000165,BR,BRASIL,0,,,,,,,,,,,,,,,,,,,,,,,,,,,,,,,,,,,,,,,,,,,,,,,,,,,,,,,,,,,,,,,,,,,,,,,,,,,,,,,,,,,,,,,,,,
,,BR-08653/2018,https://issuu.com/jornalpaginaum/docs/paginaum3183,481961000165,BR,BRASIL,1,PR,1.0,,,JAIR BOLSONARO,"31,9",ALVARO DIAS,"12,3",FERNANDO HADDAD,"11,8",CIRO GOMES,"5,6",GERALDO ALCKMIN,"4,1",JOAO AMOEDO,3,MARINA SILVA,"2,9",HENRIQUE MEIRELLES,"1,9",,,,,,,,,,,,,,,,,,,,,,,,,,,,,,,,,,,,,,,,,,,,,,,,,,,,,,,,,,,,,,,,,,,,,,
,PR-05041/2018,BR-08653/2018,https://issuu.com/jornalpaginaum/docs/paginaum3183,481961000165,BR,BRASIL,1,G,1.0,,,RATINHO JR.,"40,1",CIDA BORGHETTI,17,JOAO ARRUDA,"7,4",DR. ROSINHA,"4,6",,,,,,,,,,,,,,,,,,,,,,,,,,,,,,,,,,,,,,,,,,,,,,,,,,,,,,,,,,,,,,,,,,,,,,,,,,,,,,
,PR-05041/2018,BR-08653/2018,https://issuu.com/jornalpaginaum/docs/paginaum3183,481961000165,BR,BRASIL,1,S,1.0,,,REQUIAO,"31,2",FLAVIO ARNS,"16,5",BETO RICHA,"13,1",ALEX CANZIANI,13,PROFESSOR ORIOVISTO,"9,5",,,,,,,,,,,,,,,,,,,,,,,,,,,,,,,,,,,,,,,,,,,,,,,,,,,,,,,,,,,,,,,,,,,,,,,,,,,,
,,DF-00023/2014,http://www.jornalaguaslindas.com.br/2014/07/pesquisa-gim-argello-lidera-no-segmento.html,15484760000199,DF,DISTRITO FEDERAL,1,S,1.0,,,GIM ARGELLO,"22,9",REGUFFE,"12,9",MAGELA,"12,4",SANDRA QUEZADO,"1,2",,,,,,,,,,,,,,,,,,,,,,,,,,,,,,,,,,,,,,,,,,,,,,,,,,,,,,,,,,,,,,,,,,,,,,,,,,,,,,
,,DF-00023/2014,http://www.nossogama.com.br/2014/07/?m=0,15484760000199,DF,DISTRITO FEDERAL,1,G,1.0,,,JOSE ROBERTO ARRUDA,"19,5",RODRIGO ROLLEMBERG,"15,5",TONINHO DO PSOL,"8,7",AGNELO QUEIROZ,"8,3",LUIZ PITIMAN,"4,9",,,,,,,,,,,,,,,,,,,,,,,,,,,,,,,,,,,,,,,,,,,,,,,,,,,,,,,,,,,,,,,,,,,,,,,,,,,,
,,DF-00023/2014,http://www.nossogama.com.br/2014/07/?m=0,15484760000199,DF,DISTRITO FEDERAL,1,G,0.0,,,JOSE ROBERTO ARRUDA,6,AGNELO QUEIROZ,"3,6",JOAQUIM RORIZ,"2,3",RODRIGO ROLLEMBERG,"2,5",LUIZ PITIMAN,"1,2",TONINHO DO PSOL,1,,,,,,,,,,,,,,,,,,,,,,,,,,,,,,,,,,,,,,,,,,,,,,,,,,,,,,,,,,,,,,,,,,,,,,,,,,
,,DF-00023/2014,https://solnascentehoje.blogspot.com/2014/07/pesquisa-distrital.html,15484760000199,DF,DISTRITO FEDERAL,1,DE,1.0,,,LILIANE RORIZ,"7,9",PASTOR EGMAR,"6,4",BISPO RENATO,6,MISSIONARIA DENISIA MARIA,6,JULIO CESAR,"3,2",AGACIEL MAIA,3,CLAUDIO ABRANTES,"2,8",RODRIGO DELMASSO,"2,8",RISOMAR CARVALHO,"2,7",CHICO VIGILANTE,"1,7",LEILA DO VOLEI,"1,6",CHICO LEITE,"1,4",PAULO RORIZ,"1,3",MARCOS ARRUDA,"1,2",CELINA LEAO,"1,1",,,,,,,,,,,,,,,,,,,,,,,,,,,,,,,,,,,,,,,,,,,,,,,,,,,,,,,,
,,DF-00023/2014,https://solnascentehoje.blogspot.com/2014/07/pesquisa-distrital.html,15484760000199,DF,DISTRITO FEDERAL,1,DE,0.0,,,LILIANE RORIZ,5,,,,,,,,,,,,,,,,,,,,,,,,,,,,,,,,,,,,,,,,,,,,,,,,,,,,,,,,,,,,,,,,,,,,,,,,,,,,,,,,,,,,
,,DF-00028/2014,http://declaraciones.seniat.gob.ve/portal/page/portal/MANEJADOR_CONTENIDO_SENIAT/05MENU_HORIZONTAL/5.3ANUNCIOS_CARTELES/5.3.2CARTELES_NOTIFICACION/CARTELES/INCATCA.pdf,15484760000199,DF,DISTRITO FEDERAL,0,,,,,,,,,,,,,,,,,,,,,,,,,,,,,,,,,,,,,,,,,,,,,,,,,,,,,,,,,,,,,,,,,,,,,,,,,,,,,,,,,,,,,,,,,,
,,DF-00036/2014,http://www.saopaulonasentrelinhas.com.br/2014/08/pesquisa-aponta-marina-silva-com-521-em.html,20252668000133,DF,DISTRITO FEDERAL,1,DE,,,,LILIANE RORIZ,"1,9",AGACIEL MAIA,"1,6",DOUTOR MICHEL,"1,5",,,,,,,,,,,,,,,,,,,,,,,,,,,,,,,,,,,,,,,,,,,,,,,,,,,,,,,,,,,,,,,,,,,,,,,,,,,,,,,,
,,DF-00036/2014,http://www.saopaulonasentrelinhas.com.br/2014/08/pesquisa-aponta-marina-silva-com-521-em.html,20252668000133,DF,DISTRITO FEDERAL,1,DF,,,,JAQUELINE RORIZ,"6,2",ERIKA KOKAY,"3,4",ALIRIO NETO,"2,6",,,,,,,,,,,,,,,,,,,,,,,,,,,,,,,,,,,,,,,,,,,,,,,,,,,,,,,,,,,,,,,,,,,,,,,,,,,,,,,,
,,DF-00036/2014,http://www.saopaulonasentrelinhas.com.br/2014/08/pesquisa-aponta-marina-silva-com-521-em.html,20252668000133,DF,DISTRITO FEDERAL,1,S,,,,ANTONIO REGUFFE,"26,8",GIM ARGELLO,"16,1",GERALDO MAGELA,"15,4",,,,,,,,,,,,,,,,,,,,,,,,,,,,,,,,,,,,,,,,,,,,,,,,,,,,,,,,,,,,,,,,,,,,,,,,,,,,,,,,
,,DF-00036/2014,http://www.saopaulonasentrelinhas.com.br/2014/08/pesquisa-aponta-marina-silva-com-521-em.html,20252668000133,DF,DISTRITO FEDERAL,1,G,,,,JOSE ROBERTO ARRUA,"39,2",RODRIGO ROLLEMBERG,"17,2",AGNELO,"15,5",LUIZ PITIMAN,"5,9",TONINHO DO PSOL,"5,2",,,,,,,,,,,,,,,,,,,,,,,,,,,,,,,,,,,,,,,,,,,,,,,,,,,,,,,,,,,,,,,,,,,,,,,,,,,,
,,DF-00036/2014,http://www.saopaulonasentrelinhas.com.br/2014/08/pesquisa-aponta-marina-silva-com-521-em.html,20252668000133,DF,DISTRITO FEDERAL,1,PR,,,,MARINA SILVA,"52,1",DILMA ROUSSEFF,"17,9",AECIO NEVES,15,,,,,,,,,,,,,,,,,,,,,,,,,,,,,,,,,,,,,,,,,,,,,,,,,,,,,,,,,,,,,,,,,,,,,,,,,,,,,,,,
,,DF-00051/2014,http://sistema.blogdogbu.com/2014/09/,20252668000133,DF,DISTRITO FEDERAL,1,G,,,,RODRIGO ROLLEMBERG,"25,3",AGNELO QUEIROZ,"23,1",JOFRAN FREJAT,"19,6",LUIZ PITIMAN,"10,2",TONINHO,"4,5",,,,,,,,,,,,,,,,,,,,,,,,,,,,,,,,,,,,,,,,,,,,,,,,,,,,,,,,,,,,,,,,,,,,,,,,,,,,
,,DF-00051/2014,http://www.saopaulonasentrelinhas.com.br/2014/09/os-10-mais-votados-para-o-parlamento.html,20252668000133,DF,DISTRITO FEDERAL,1,DE,,,,AGACIEL MAIA,"3,8",LILIANE RORIZ,"2,9",RISOMAR CARVALHO,2,CHICO LEITE,"1,5",PAULO RORIZ,"1,4",BISPO RENATO,"1,2",CHICO VIGILANTE,"1,2",JUAREZAO,"1,2",JULIO CESAR,"1,2",DR. MICHEL,"1,1",,,,,,,,,,,,,,,,,,,,,,,,,,,,,,,,,,,,,,,,,,,,,,,,,,,,,,,,,,,,,,,,,,
,,DF-00064/2014,https://skyscraperpage.com/forum/showthread.php?t=201031&page=73,20252668000133,DF,DISTRITO FEDERAL,1,G,1.0,,,RODRIGO ROLLEMBERG,"31,3",AGNELO,23,JOFRAN,"23,3",LUIZ PITIMAN,"5,8",TONINHO DO PSOL,"4,3",,,,,,,,,,,,,,,,,,,,,,,,,,,,,,,,,,,,,,,,,,,,,,,,,,,,,,,,,,,,,,,,,,,,,,,,,,,,
,,GO-00001/2014,https://cidademais.blogspot.com/,5850850000100,GO,GOIÁS,1,G,0.0,,,MARCONI PERILLO,18,IRIS REZENDE,7,VANDERLAN,3,JUNIOR FRIBOI,2,ANTONIO GOMIDE,1,,,,,,,,,,,,,,,,,,,,,,,,,,,,,,,,,,,,,,,,,,,,,,,,,,,,,,,,,,,,,,,,,,,,,,,,,,,,
,,GO-00001/2014,https://cidademais.blogspot.com/,5850850000100,GO,GOIÁS,1,G,1.0,,,MARCONI PERILLO,39,VANDERLAN,20,FRIBOI,13,ANTONIO GOMIDE,9,,,,,,,,,,,,,,,,,,,,,,,,,,,,,,,,,,,,,,,,,,,,,,,,,,,,,,,,,,,,,,,,,,,,,,,,,,,,,,
,,GO-00010/2012,https://issuu.com/jameskalel/docs/jornal_do_pt_marco_web,5850850000100,GO,GOIÂNIA,1,P,0.0,,,PAULO GARCIA,"9,4",IRIS RESENDE,"1,8",ELIAS VAZ,"1,5",LEONARDO VILELA,"1,5",,,,,,,,,,,,,,,,,,,,,,,,,,,,,,,,,,,,,,,,,,,,,,,,,,,,,,,,,,,,,,,,,,,,,,,,,,,,,,
,,GO-00010/2012,https://issuu.com/jameskalel/docs/jornal_do_pt_marco_web,5850850000100,GO,GOIÂNIA,1,P,1.0,,,PAULO GARCIA,"28,7",ELIAS VAZ,13,LEONARDO VILELA,"8,7",JOVAIR ARANTES,"5,4",,,,,,,,,,,,,,,,,,,,,,,,,,,,,,,,,,,,,,,,,,,,,,,,,,,,,,,,,,,,,,,,,,,,,,,,,,,,,,
,,GO-00011/2016,http://www.jornaldiariodonorte.com.br/noticias/junior-moreira-lidera-em-mambai-com-48-75-20090940,20252668000133,GO,JARAGUÁ,1,P,0.0,,,JUNIOR MOREIRA,"41,88",JOAQUIM BARBOSA,"30,94",,,,,,,,,,,,,,,,,,,,,,,,,,,,,,,,,,,,,,,,,,,,,,,,,,,,,,,,,,,,,,,,,,,,,,,,,,,,,,,,,,
,,GO-00011/2016,http://www.jornaldiariodonorte.com.br/noticias/junior-moreira-lidera-em-mambai-com-48-75-20090940,20252668000133,GO,JARAGUÁ,1,P,1.0,,,JUNIOR MOREIRA,"48,75",JOAQUIM BARBOSA,"37,81",,,,,,,,,,,,,,,,,,,,,,,,,,,,,,,,,,,,,,,,,,,,,,,,,,,,,,,,,,,,,,,,,,,,,,,,,,,,,,,,,,
,,GO-00027/2014,https://issuu.com/diariodegoias/docs/fortiorimar14goveavaliacao,5850850000100,GO,GOIÁS,1,G,1.0,,,MARCONI PERILLO,41,VANDERLAN,16,JUNIOR FRIBOI,15,ANTONIO GOMIDE,9,,,,,,,,,,,,,,,,,,,,,,,,,,,,,,,,,,,,,,,,,,,,,,,,,,,,,,,,,,,,,,,,,,,,,,,,,,,,,,
,,GO-00027/2014,https://issuu.com/diariodegoias/docs/fortiorimar14goveavaliacao,5850850000100,GO,GOIÁS,1,G,0.0,,,MARCONI PERILLO,18,IRIS REZENDE,5,JUNIOR FRIBOI,3,VANDERLAN CARDOSO,3,ANTONIO GOMIDE,2,,,,,,,,,,,,,,,,,,,,,,,,,,,,,,,,,,,,,,,,,,,,,,,,,,,,,,,,,,,,,,,,,,,,,,,,,,,,
,,GO-00039/2014,https://fernandorodrigues.blogosfera.uol.com.br/tag/ronaldo-caiado/,5850850000100,GO,GOIÁS,1,PR,,,,DILMA ROUSSEFF,30,EDUARDO CAMPOS,14,,,,,,,,,,,,,,,,,,,,,,,,,,,,,,,,,,,,,,,,,,,,,,,,,,,,,,,,,,,,,,,,,,,,,,,,,,,,,,,,,,
,,GO-00039/2014,https://fernandorodrigues.blogosfera.uol.com.br/tag/ronaldo-caiado/,5850850000100,GO,GOIÁS,1,S,,,,RONALDO CAIADO,36,MARIA SANT'ANNA,18,VILMAR ROCHA,10,AGUIMAR,2,,,,,,,,,,,,,,,,,,,,,,,,,,,,,,,,,,,,,,,,,,,,,,,,,,,,,,,,,,,,,,,,,,,,,,,,,,,,,,
,,GO-00039/2014,https://fernandorodrigues.blogosfera.uol.com.br/tag/ronaldo-caiado/,5850850000100,GO,GOIÁS,1,G,,,,MARCONI PERILLO,37,IRIS REZENDE,30,VANDERLAN CARDOSO,9,ANTONIO GOMIDE,7,,,,,,,,,,,,,,,,,,,,,,,,,,,,,,,,,,,,,,,,,,,,,,,,,,,,,,,,,,,,,,,,,,,,,,,,,,,,,,
,,GO-00048/2014,https://blogdoluizgama.blogspot.com/2014/07/fortiori-jornao-opcao-marconi-perillo-e.html,5850850000100,GO,GOIÁS,1,G,1.0,,,MARCONI PERILLO,38,IRIS REZENDE,28,VANDERLAN CARDOSO,8,ANTONIO GOMIDE,7,PROF. WESLEI GARCIA,1,,,,,,,,,,,,,,,,,,,,,,,,,,,,,,,,,,,,,,,,,,,,,,,,,,,,,,,,,,,,,,,,,,,,,,,,,,,,
,,GO-00048/2014,https://diariodegoias.com.br/fortiori-marconi-tem-vantagem-de-dez-pontos-sobre-iris/,5850850000100,GO,GOIÁS,1,G,0.0,,,MARCONI PERILLO,23,IRIS REZENDE,9,VANDERLAN CARDOSO,3,ANTONIO GOMIDE,3,,,,,,,,,,,,,,,,,,,,,,,,,,,,,,,,,,,,,,,,,,,,,,,,,,,,,,,,,,,,,,,,,,,,,,,,,,,,,,
,BR-00229/2014,GO-00048/2014,https://issuu.com/diariodegoias/docs/pesquisafortiorijulho14/2,5850850000100,GO,GOIÁS,1,PR,1.0,,,DILMA ROUSSEFF,29,AECIO NEVES,25,EDUARDO CAMPOS,8,PASTOR EVERALDO,4,LUCIANA GENRO,1,,,,,,,,,,,,,,,,,,,,,,,,,,,,,,,,,,,,,,,,,,,,,,,,,,,,,,,,,,,,,,,,,,,,,,,,,,,,
,BR-00229/2014,GO-00048/2014,https://issuu.com/diariodegoias/docs/pesquisafortiorijulho14/2,5850850000100,GO,GOIÁS,1,PR,0.0,,,DILMA ROUSSEFF,21,AECIO NEVES,11,LULA,2,EDUARDO CAMPOS,2,MARINA SILVA,1,,,,,,,,,,,,,,,,,,,,,,,,,,,,,,,,,,,,,,,,,,,,,,,,,,,,,,,,,,,,,,,,,,,,,,,,,,,,
,,GO-00048/2014,https://issuu.com/diariodegoias/docs/pesquisafortiorijulho14/2,5850850000100,GO,GOIÁS,1,S,1.0,,,RONALDO CAIADO,35,VILMAR ROCHA,14,MARIA SANT'ANNA,11,AGUIMAR JESUINO,1,ANTONIO VIEIRA NETO,1,,,,,,,,,,,,,,,,,,,,,,,,,,,,,,,,,,,,,,,,,,,,,,,,,,,,,,,,,,,,,,,,,,,,,,,,,,,,
,,GO-00048/2014,https://issuu.com/diariodegoias/docs/pesquisafortiorijulho14/2,5850850000100,GO,GOIÁS,1,S,0.0,,,RONALDO CAIADO,8,VILMAR ROCHA,3,,,,,,,,,,,,,,,,,,,,,,,,,,,,,,,,,,,,,,,,,,,,,,,,,,,,,,,,,,,,,,,,,,,,,,,,,,,,,,,,,,
,,GO-00065/2014,https://www.jornalopcao.com.br/reportagens/tendencia-de-crescimento-de-marconi-e-estagnacao-dos-demais-candidatos-abre-chance-de-vitoria-1o-turno-12726/,5850850000100,GO,GOIÁS,1,G,0.0,,,MARCONI PERILLO,24,IRIS REZENDE,12,VANDERLAN CARDOSO,4,ANTONIO GOMIDE,3,,,,,,,,,,,,,,,,,,,,,,,,,,,,,,,,,,,,,,,,,,,,,,,,,,,,,,,,,,,,,,,,,,,,,,,,,,,,,,
,,GO-00065/2014,https://www.jornalopcao.com.br/reportagens/tendencia-de-crescimento-de-marconi-e-estagnacao-dos-demais-candidatos-abre-chance-de-vitoria-1o-turno-12726/,5850850000100,GO,GOIÁS,1,G,1.0,,,MARCONI PERILLO,38,IRIS REZENDE,26,VANDERLAN CARDOSO,8,ANTONIO GOMIDE,7,MARTA JANE,1,,,,,,,,,,,,,,,,,,,,,,,,,,,,,,,,,,,,,,,,,,,,,,,,,,,,,,,,,,,,,,,,,,,,,,,,,,,,
,,GO-00065/2014,https://www.jornalopcao.com.br/reportagens/tendencia-de-crescimento-de-marconi-e-estagnacao-dos-demais-candidatos-abre-chance-de-vitoria-1o-turno-12726/,5850850000100,GO,GOIÁS,1,S,1.0,,,RONALDO CAIADO,33,VILMAR ROCHA,13,MARIA SANT'ANNA,10,ANTONIO NETO,2,ELBER SAMPAIO,1,ALDO MURO,1,,,,,,,,,,,,,,,,,,,,,,,,,,,,,,,,,,,,,,,,,,,,,,,,,,,,,,,,,,,,,,,,,,,,,,,,,,
,,GO-00065/2014,https://www.jornalopcao.com.br/reportagens/tendencia-de-crescimento-de-marconi-e-estagnacao-dos-demais-candidatos-abre-chance-de-vitoria-1o-turno-12726/,5850850000100,GO,GOIÁS,1,S,0.0,,,RONALDO CAIADO,11,VILMAR ROCHA,3,MARIA SANT'ANNA,1,,,,,,,,,,,,,,,,,,,,,,,,,,,,,,,,,,,,,,,,,,,,,,,,,,,,,,,,,,,,,,,,,,,,,,,,,,,,,,,,
,,GO-00071/2014,https://www.interativa87.net/2014/08/eleicoes-2014-candidato-ao-governo-de.html,20252668000133,GO,GOIÁS,1,S,1.0,,,RONALDO CAIADO,"36,2",MARIA SANT'ANNA,"12,3",VILMAR ROCHA,"9,6",AGUIMAR JESUINO,"1,9",ANTONIO NETO,"1,6",ELBER SAMPAIO,"1,1",,,,,,,,,,,,,,,,,,,,,,,,,,,,,,,,,,,,,,,,,,,,,,,,,,,,,,,,,,,,,,,,,,,,,,,,,,
,,GO-00071/2014,https://www.interativa87.net/2014/08/eleicoes-2014-candidato-ao-governo-de.html,20252668000133,GO,GOIÁS,1,S,0.0,,,RONALDO CAIADO,"30,6",MARIA SANT'ANNA,"10,9",VILMAR ROCHA,"8,3",AGUIMAR JESUINO,"1,9",ANTONIO NETO,"1,6",,,,,,,,,,,,,,,,,,,,,,,,,,,,,,,,,,,,,,,,,,,,,,,,,,,,,,,,,,,,,,,,,,,,,,,,,,,,
,,GO-00071/2014,https://www.interativa87.net/2014/08/eleicoes-2014-candidato-ao-governo-de.html,20252668000133,GO,GOIÁS,1,G,1.0,,,IRIS REZENDE,"39,6",MARCONI PERILLO,"31,4",VANDERLAN CARDOSO,"12,3",ANTONIO GOMIDE,"3,3",MARTA JANE,1,PROFESSOR WESLEY,1,,,,,,,,,,,,,,,,,,,,,,,,,,,,,,,,,,,,,,,,,,,,,,,,,,,,,,,,,,,,,,,,,,,,,,,,,,
,,GO-00071/2014,https://www.interativa87.net/2014/08/eleicoes-2014-candidato-ao-governo-de.html,20252668000133,GO,GOIÁS,1,G,0.0,,,IRIS REZENDE,"36,8",MARCONI PERILLO,"27,1",VANDERLAN CARDOSO,"9,3",ANTONIO GOMIDE,"1,5",,,,,,,,,,,,,,,,,,,,,,,,,,,,,,,,,,,,,,,,,,,,,,,,,,,,,,,,,,,,,,,,,,,,,,,,,,,,,,
,,GO-00072/2014,https://www.interativa87.net/2014/08/eleicoes-2014-candidato-ao-governo-de.html,20252668000133,GO,GOIÁS,0,,,,,,,,,,,,,,,,,,,,,,,,,,,,,,,,,,,,,,,,,,,,,,,,,,,,,,,,,,,,,,,,,,,,,,,,,,,,,,,,,,,,,,,,,,
,,GO-00131/2014,https://criticadecinemastm.blogspot.com/2014/,5850850000100,GO,GOIÁS,1,S,,,,RONALDO CAIADO,37,VILMAR ROCHA,18,MARIA SANT'ANNA,11,AGUIMAR JESUINO,2,ANTONIO NETO,2,,,,,,,,,,,,,,,,,,,,,,,,,,,,,,,,,,,,,,,,,,,,,,,,,,,,,,,,,,,,,,,,,,,,,,,,,,,,
,,GO-00166/2014,https://diariodegoias.com.br/fortiori-tv-serra-dourada-aponta-marconi-com-44-iris-24-e-vanderlan-11/,5850850000100,GO,GOIÁS,1,G,0.0,,,MARCONI PERILLO,37,IRIS REZENDE,17,VANDERLAN CARDOSO,9,ANTONIO GOMIDE,5,,,,,,,,,,,,,,,,,,,,,,,,,,,,,,,,,,,,,,,,,,,,,,,,,,,,,,,,,,,,,,,,,,,,,,,,,,,,,,
,,GO-00166/2014,https://diariodegoias.com.br/fortiori-tv-serra-dourada-aponta-marconi-com-44-iris-24-e-vanderlan-11/,5850850000100,GO,GOIÁS,1,G,1.0,,,MARCONI PERILLO,44,IRIS REZENDE,24,VANDERLAN CARDOSO,11,ANTONIO GOMIDE,6,,,,,,,,,,,,,,,,,,,,,,,,,,,,,,,,,,,,,,,,,,,,,,,,,,,,,,,,,,,,,,,,,,,,,,,,,,,,,,
,BR-01089/2014,GO-00188/2014,http://jornaldiariopopular.com.br/noticia/uruacu/politica/fortiori-marconi-lidera-com-593-de-votos-validos,5850850000100,GO,GOIÁS,1,PR,,,,AECIO NEVES,57,DILMA ROUSSEFF,35,,,,,,,,,,,,,,,,,,,,,,,,,,,,,,,,,,,,,,,,,,,,,,,,,,,,,,,,,,,,,,,,,,,,,,,,,,,,,,,,,,
,,GO-00188/2014,http://jornaldiariopopular.com.br/noticia/uruacu/politica/fortiori-marconi-lidera-com-593-de-votos-validos,5850850000100,GO,GOIÁS,1,G,0.0,,,MARCONI PERILLO,48,IRIS REZENDE,32,,,,,,,,,,,,,,,,,,,,,,,,,,,,,,,,,,,,,,,,,,,,,,,,,,,,,,,,,,,,,,,,,,,,,,,,,,,,,,,,,,
,,GO-00188/2014,http://jornaldiariopopular.com.br/noticia/uruacu/politica/fortiori-marconi-lidera-com-593-de-votos-validos,5850850000100,GO,GOIÁS,1,G,1.0,,,MARCONI PERILLO,52,IRIS REZENDE,36,,,,,,,,,,,,,,,,,,,,,,,,,,,,,,,,,,,,,,,,,,,,,,,,,,,,,,,,,,,,,,,,,,,,,,,,,,,,,,,,,,
,,GO-00194/2014,https://diariodegoias.com.br/pesquisa-fortiori-tv-serra-dourada-em-votos-validos-marconi-tem-58-2-iris-41-8/,5850850000100,GO,GOIÁS,1,PR,,,,AECIO NEVES,54,,,,,,,,,,,,,,,,,,,,,,,,,,,,,,,,,,,,,,,,,,,,,,,,,,,,,,,,,,,,,,,,,,,,,,,,,,,,,,,,,,,,
,,GO-00194/2014,https://diariodegoias.com.br/pesquisa-fortiori-tv-serra-dourada-em-votos-validos-marconi-tem-58-2-iris-41-8/,5850850000100,GO,GOIÁS,1,G,1.0,,,MARCONI PERILLO,52,IRIS REZENDE,37,,,,,,,,,,,,,,,,,,,,,,,,,,,,,,,,,,,,,,,,,,,,,,,,,,,,,,,,,,,,,,,,,,,,,,,,,,,,,,,,,,
,,GO-00264/2012,https://maricleusa.jusbrasil.com.br/,15484760000199,GO,RIALMA,0,,,,,,,,,,,,,,,,,,,,,,,,,,,,,,,,,,,,,,,,,,,,,,,,,,,,,,,,,,,,,,,,,,,,,,,,,,,,,,,,,,,,,,,,,,
,,GO-00324/2012,https://paginadoenock.com.br/onda-vermelha-paulo-garcia-candidato-do-pt-em-goiania-aumenta-vantagem-sobre-adversarios-e-deve-ser-reeleito-no-1o-turno/,5850850000100,GO,GOIÂNIA,1,P,1.0,,,PAULO GARCIA,"42,8",JOVAIR ARANTES,"29,7",ELIAS JUNIOR,"6,3",,,,,,,,,,,,,,,,,,,,,,,,,,,,,,,,,,,,,,,,,,,,,,,,,,,,,,,,,,,,,,,,,,,,,,,,,,,,,,,,
,,GO-00324/2012,"https://www.terra.com.br/noticias/brasil/politica/pesquisa-aponta-tendencia-de-reeleicao-de-petista-em-goiania,b6088ccf4886b310VgnCLD200000bbcceb0aRCRD.html",5850850000100,GO,GOIÂNIA,1,P,1.0,,,PAULO GARCIA,"42,8",JOVAIR ARANTES,"12,5",ELIAS JUNIOR,"8,5",,,,,,,,,,,,,,,,,,,,,,,,,,,,,,,,,,,,,,,,,,,,,,,,,,,,,,,,,,,,,,,,,,,,,,,,,,,,,,,,
,,GO-00324/2012,"https://www.terra.com.br/noticias/brasil/politica/pesquisa-aponta-tendencia-de-reeleicao-de-petista-em-goiania,b6088ccf4886b310VgnCLD200000bbcceb0aRCRD.html",5850850000100,GO,GOIÂNIA,1,P,0.0,,,PAULO GARCIA,"36,7",JOVAIR ARANTES,"10,2",ELIAS JUNIOR,"6,5",SIMEYZON SILVEIRA,"5,5",ISAURA LEMOS,3,REINALDO PANTALEAO,"1,2",,,,,,,,,,,,,,,,,,,,,,,,,,,,,,,,,,,,,,,,,,,,,,,,,,,,,,,,,,,,,,,,,,,,,,,,,,
,,GO-00447/2016,https://issuu.com/afolhadovale/docs/edicao-352,20252668000133,GO,SANTA RITA DO NOVO DESTINO,1,P,0.0,,,EDIMAR BANANEIRO,"45,6",GUAGUINHO ROBERTO,"22,9",FABIM DO POMBO,"19,8",,,,,,,,,,,,,,,,,,,,,,,,,,,,,,,,,,,,,,,,,,,,,,,,,,,,,,,,,,,,,,,,,,,,,,,,,,,,,,,,
,,GO-00447/2016,https://issuu.com/afolhadovale/docs/edicao-352,20252668000133,GO,SANTA RITA DO NOVO DESTINO,1,P,1.0,,,EDIMAR BANANEIRO,"47,6",GUAGUINHO ROBERTO,"24,4",FABIM DO POMBO,"21,9",,,,,,,,,,,,,,,,,,,,,,,,,,,,,,,,,,,,,,,,,,,,,,,,,,,,,,,,,,,,,,,,,,,,,,,,,,,,,,,,
,,GO-00527/2012,https://www.dinomarmiranda.com/2012/10/pesquisa-em-campos-belos-sardinha-4925_6.html,15484760000199,GO,CAMPOS BELOS,1,P,,,,SARDINHA,"49,25",AUROLINO JOSE DOS SANTOS,37,ELZITA CAETANO,"1,5",,,,,,,,,,,,,,,,,,,,,,,,,,,,,,,,,,,,,,,,,,,,,,,,,,,,,,,,,,,,,,,,,,,,,,,,,,,,,,,,
,,GO-00610/2012,https://cleubercarlos.blogspot.com/2012/10/morrinhos-rogerio-mantem-vantagem-e.html,5850850000100,GO,MORRINHOS,1,P,0.0,,,ROGERIO,55,TIAGO,32,,,,,,,,,,,,,,,,,,,,,,,,,,,,,,,,,,,,,,,,,,,,,,,,,,,,,,,,,,,,,,,,,,,,,,,,,,,,,,,,,,
,,GO-00610/2012,https://cleubercarlos.blogspot.com/2012/10/morrinhos-rogerio-mantem-vantagem-e.html,5850850000100,GO,MORRINHOS,1,P,1.0,,,ROGERIO,57,TIAGO,34,,,,,,,,,,,,,,,,,,,,,,,,,,,,,,,,,,,,,,,,,,,,,,,,,,,,,,,,,,,,,,,,,,,,,,,,,,,,,,,,,,
Pesquisa denunciada.,,GO-00996/2016,http://www.portalgoianira.com.br/home/post/justica-eleitoral-investiga-pesquisa-de-miller-assis-divulgada-no-jornal-diario-da-manha-com-indicios-de-resultado-fraudulento,15484760000199,GO,GOIANIRA,0,,,,,,,,,,,,,,,,,,,,,,,,,,,,,,,,,,,,,,,,,,,,,,,,,,,,,,,,,,,,,,,,,,,,,,,,,,,,,,,,,,,,,,,,,,
,,GO-01034/2016,https://www.jornalopcao.com.br/ultimas-noticias/heuler-cruvinel-aparece-em-primeiro-lugar-na-disputa-em-rio-verde-75794/,20252668000133,GO,RIO VERDE,1,P,0.0,,,HEULER CRUVINEL,"28,8",PAULO DO VALE,"25,6",LISSAUER VIEIRA,"9,5",CRISTIANO QUINTINO,"4,3",,,,,,,,,,,,,,,,,,,,,,,,,,,,,,,,,,,,,,,,,,,,,,,,,,,,,,,,,,,,,,,,,,,,,,,,,,,,,,
,,GO-01034/2016,https://www.jornalopcao.com.br/ultimas-noticias/heuler-cruvinel-aparece-em-primeiro-lugar-na-disputa-em-rio-verde-75794/,20252668000133,GO,RIO VERDE,1,P,1.0,,,HEULER CRUVINEL,"33,5",PAULO DO VALE,"29,3",LISSAUER VIEIRA,"13,1",CRISTIANO QUINTINO,"4,3",,,,,,,,,,,,,,,,,,,,,,,,,,,,,,,,,,,,,,,,,,,,,,,,,,,,,,,,,,,,,,,,,,,,,,,,,,,,,,
,,GO-01281/2016,http://www.jornaldiariodonorte.com.br/noticias/bata-lidera-com-43-3-em-estrela-do-norte-30091435,15484760000199,GO,ESTRELA DO NORTE,1,P,0.0,,,BALTAZAR JOSE,"41,5",WAGNEY SILVESTRE,"35,4",ROSA CANDIDA,"10,8",,,,,,,,,,,,,,,,,,,,,,,,,,,,,,,,,,,,,,,,,,,,,,,,,,,,,,,,,,,,,,,,,,,,,,,,,,,,,,,,
,,GO-01281/2016,http://www.jornaldiariodonorte.com.br/noticias/bata-lidera-com-43-3-em-estrela-do-norte-30091435,15484760000199,GO,ESTRELA DO NORTE,1,P,1.0,,,BALTAZAR JOSE,"43,3",WAGNEY SILVESTRE,"37,1",ROSA CANDIDA,"11,6",,,,,,,,,,,,,,,,,,,,,,,,,,,,,,,,,,,,,,,,,,,,,,,,,,,,,,,,,,,,,,,,,,,,,,,,,,,,,,,,
,,GO-01452/2016,facebook.com/watch/?v=1772840459598777,5850850000100,GO,MINEIROS,1,P,1.0,,,AGENOR REZENDE,"45,7",DRA. FLAVIA,"27,5",ERNESTO VILELA,"9,9",,,,,,,,,,,,,,,,,,,,,,,,,,,,,,,,,,,,,,,,,,,,,,,,,,,,,,,,,,,,,,,,,,,,,,,,,,,,,,,,
,,GO-02027/2018,https://www.claudemirbrito.com.br/noticia-12616-caiado-tem-34-eliton-25-e-daniel-10-das-inten-es-de-voto,20252668000133,GO,GOIÁS,1,G,0.0,,,RONALDO CAIADO,"12,1",ZE ELITON,"8,7",DANIEL VILELA,"3,2",MARCONI PERILLO,"1,5",,,,,,,,,,,,,,,,,,,,,,,,,,,,,,,,,,,,,,,,,,,,,,,,,,,,,,,,,,,,,,,,,,,,,,,,,,,,,,
,,GO-02027/2018,https://www.claudemirbrito.com.br/noticia-12616-caiado-tem-34-eliton-25-e-daniel-10-das-inten-es-de-voto,20252668000133,GO,GOIÁS,1,G,1.0,,,RONALDO CAIADO,"34,6",ZE ELITON,"25,4",DANIEL VILELA,"10,6",KATIA MARIA DOS SANTOS,"4,8",,,,,,,,,,,,,,,,,,,,,,,,,,,,,,,,,,,,,,,,,,,,,,,,,,,,,,,,,,,,,,,,,,,,,,,,,,,,,,
,,GO-02145/2016,https://diariodegoias.com.br/pesquisas-apontam-lideranca-de-ze-gomes-para-prefeito/,5850850000100,GO,ITUMBIARA,1,P,0.0,,,ZE GOMES,15,GUGU,"1,7",ALVARO GUIMARAES,"1,5",,,,,,,,,,,,,,,,,,,,,,,,,,,,,,,,,,,,,,,,,,,,,,,,,,,,,,,,,,,,,,,,,,,,,,,,,,,,,,,,
,,GO-02145/2016,https://diariodegoias.com.br/pesquisas-apontam-lideranca-de-ze-gomes-para-prefeito/,5850850000100,GO,ITUMBIARA,1,P,1.0,,1.0,ZE GOMES,"69,6",ALVARO GUIMARAES,"14,9",GUGU NADER,"14,2",,,,,,,,,,,,,,,,,,,,,,,,,,,,,,,,,,,,,,,,,,,,,,,,,,,,,,,,,,,,,,,,,,,,,,,,,,,,,,,,
,,GO-02824/2016,http://www.jornaldiariodonorte.com.br/noticias/com-33-5-dos-votos-tiao-eloi-lidera-27091233,15484760000199,GO,CAMPINORTE,1,P,0.0,,,TIAO ELOI,"32,8",VANDER BORGES,"24,5",CHICAO,"18,7",ARLEY BRANDAO,"2,1",,,,,,,,,,,,,,,,,,,,,,,,,,,,,,,,,,,,,,,,,,,,,,,,,,,,,,,,,,,,,,,,,,,,,,,,,,,,,,
,,GO-02824/2016,http://www.jornaldiariodonorte.com.br/noticias/com-33-5-dos-votos-tiao-eloi-lidera-27091233,15484760000199,GO,CAMPINORTE,1,P,1.0,,,TIAO ELOI,"33,5",VANDER BORGES,"25,4",FRANCISCO SOBRINHO,"19,3",ARLEY BRANDAO,"2,1",,,,,,,,,,,,,,,,,,,,,,,,,,,,,,,,,,,,,,,,,,,,,,,,,,,,,,,,,,,,,,,,,,,,,,,,,,,,,,
,,GO-02828/2016,https://www.opopular.com.br/polopoly_fs/1.1147892.1473825890!/menu/standard/file/Inten%C3%A7%C3%A3o%20de%20voto%20para%20prefeito%20de%20Itumbiara.pdf,20252668000133,GO,JARAGUÁ,0,,,,,,,,,,,,,,,,,,,,,,,,,,,,,,,,,,,,,,,,,,,,,,,,,,,,,,,,,,,,,,,,,,,,,,,,,,,,,,,,,,,,,,,,,,
,,GO-02854/2016,http://www.jornaldiariodonorte.com.br/noticias/na-lideranca-wilton-barbosa-abre-18-2-pontos-de-frente-21091433,5850850000100,GO,POSSE,1,P,0.0,,,WILTON BARBOSA,"35,1",GOUVEIA,"19,5",DR. JOAO ADRIANO,"18,2",,,,,,,,,,,,,,,,,,,,,,,,,,,,,,,,,,,,,,,,,,,,,,,,,,,,,,,,,,,,,,,,,,,,,,,,,,,,,,,,
,,GO-02854/2016,http://www.jornaldiariodonorte.com.br/noticias/na-lideranca-wilton-barbosa-abre-18-2-pontos-de-frente-21091433,5850850000100,GO,POSSE,1,P,1.0,,,WILTON BARBOSA,"41,4",DR. JOAO ADRIANO,"23,2",JOSE GOUVEIA,"22,5",,,,,,,,,,,,,,,,,,,,,,,,,,,,,,,,,,,,,,,,,,,,,,,,,,,,,,,,,,,,,,,,,,,,,,,,,,,,,,,,
,,GO-03083/2016,https://diariodegoias.com.br/dr-elson-lidera-com-12-pontos-de-frente-em-sao-miguel-do-passa-quatro/,15484760000199,GO,SÃO MIGUEL DO PASSA QUATRO,1,P,0.0,,,ELSON GONÇALVES,"48,9",MARCIO CECILIANO,"37,3",,,,,,,,,,,,,,,,,,,,,,,,,,,,,,,,,,,,,,,,,,,,,,,,,,,,,,,,,,,,,,,,,,,,,,,,,,,,,,,,,,
,,GO-03083/2016,https://diariodegoias.com.br/dr-elson-lidera-com-12-pontos-de-frente-em-sao-miguel-do-passa-quatro/,15484760000199,GO,SÃO MIGUEL DO PASSA QUATRO,1,P,1.0,,,ELSON GONÇALVES,"49,4",MARCIO CECILIANO,"37,6",,,,,,,,,,,,,,,,,,,,,,,,,,,,,,,,,,,,,,,,,,,,,,,,,,,,,,,,,,,,,,,,,,,,,,,,,,,,,,,,,,
,,GO-03310/2016,https://www.jornalopcao.com.br/ultimas-noticias/heuler-cruvinel-consolida-lideranca-na-corrida-eleitoral-de-rio-verde-74608/,5850850000100,GO,RIO VERDE,1,P,0.0,,,HEULER CRUVINEL,"22,6",PAULO DO VALE,"19,7",LISSAUER VIEIRA,"9,9",,,,,,,,,,,,,,,,,,,,,,,,,,,,,,,,,,,,,,,,,,,,,,,,,,,,,,,,,,,,,,,,,,,,,,,,,,,,,,,,
,,GO-03310/2016,https://www.jornalopcao.com.br/ultimas-noticias/heuler-cruvinel-consolida-lideranca-na-corrida-eleitoral-de-rio-verde-74608/,5850850000100,GO,RIO VERDE,1,P,1.0,,,HEULER CRUVINEL,"33,2",PAULO DO VALE,"29,6",LISSAUER VIEIRA,"13,4",CRISTINO QUINTINO,"2,1",,,,,,,,,,,,,,,,,,,,,,,,,,,,,,,,,,,,,,,,,,,,,,,,,,,,,,,,,,,,,,,,,,,,,,,,,,,,,,
,,GO-04397/2016,https://www.jornalopcao.com.br/bastidores/pesquisa-mostra-heuler-cruvinel-em-primeiro-e-descolando-de-paulo-do-vale-que-tem-lissauer-na-cola-73308/,20252668000133,GO,RIO VERDE,1,P,0.0,,,HEULER CRUVINEL,"17,5",PAULO DO VALE,"16,2",LISSAUER VIEIRA,"11,1",,,,,,,,,,,,,,,,,,,,,,,,,,,,,,,,,,,,,,,,,,,,,,,,,,,,,,,,,,,,,,,,,,,,,,,,,,,,,,,,
,,GO-04397/2016,https://www.jornalopcao.com.br/bastidores/pesquisa-mostra-heuler-cruvinel-em-primeiro-e-descolando-de-paulo-do-vale-que-tem-lissauer-na-cola-73308/,20252668000133,GO,RIO VERDE,1,P,1.0,,,HEULER CRUVINEL,"29,6",PAULO DO VALE,"23,3",LISSAUER VIEIRA,"16,6",,,,,,,,,,,,,,,,,,,,,,,,,,,,,,,,,,,,,,,,,,,,,,,,,,,,,,,,,,,,,,,,,,,,,,,,,,,,,,,,
,,GO-04481/2016,http://www.jatainews.com.br/2016/08/,5850850000100,GO,RIO VERDE,1,P,0.0,,,HEULER CRUVINEL,"17,7",PAULO DO VALE,"15,2",LISSAUER VIEIRA,"6,5",CRISTINO QUINTINO,1,,,,,,,,,,,,,,,,,,,,,,,,,,,,,,,,,,,,,,,,,,,,,,,,,,,,,,,,,,,,,,,,,,,,,,,,,,,,,,
,,GO-04481/2016,http://www.jatainews.com.br/2016/08/,5850850000100,GO,RIO VERDE,1,P,1.0,,,HEULER CRUVINEL,"32,9",PAULO DO VALE,"28,4",LISSAUER VIEIRA,"12,7",CRISTINO QUINTINO,3,,,,,,,,,,,,,,,,,,,,,,,,,,,,,,,,,,,,,,,,,,,,,,,,,,,,,,,,,,,,,,,,,,,,,,,,,,,,,,
,,GO-05434/2018,http://www.diariocentral.com.br/website/pdf/305(1).pdf,20252668000133,GO,GOIÁS,1,G,0.0,,,RONALDO CAIADO,"12,7",JOSE ELITON,"7,5",DANIEL VILELA,"2,8",MARCONI PERILLO,"6,7",IRIS REZENDE,"1,8",,,,,,,,,,,,,,,,,,,,,,,,,,,,,,,,,,,,,,,,,,,,,,,,,,,,,,,,,,,,,,,,,,,,,,,,,,,,
,,GO-05434/2018,http://www.diariocentral.com.br/website/pdf/305(1).pdf,20252668000133,GO,GOIÁS,1,G,1.0,,,RONALDO CAIADO,"34,6",JOSE ELITON,"24,1",DANIEL VILELA,"9,8",KATIA MARIA,"3,2",PROFESSOR WESLEI GARCIA,"1,6",,,,,,,,,,,,,,,,,,,,,,,,,,,,,,,,,,,,,,,,,,,,,,,,,,,,,,,,,,,,,,,,,,,,,,,,,,,,
,,GO-05434/2018,http://www.ohoje.com/noticia/politica/n/151021/t/eliton-sobe-em-pesquisa-para-o-governo-em-19-pontos,20252668000133,GO,GOIÁS,1,S,0.0,,,MARCONI PERILLO,"10,3",JORGE KAJURU,"7,5",LUCIA VANIA,"6,4",DEMOSTENES,"4,2",VANDERLAN,"1,1",MAGUITO VILELA,"1,1",,,,,,,,,,,,,,,,,,,,,,,,,,,,,,,,,,,,,,,,,,,,,,,,,,,,,,,,,,,,,,,,,,,,,,,,,,
,,GO-05434/2018,http://www.ohoje.com/noticia/politica/n/151021/t/eliton-sobe-em-pesquisa-para-o-governo-em-19-pontos,20252668000133,GO,GOIÁS,1,S,1.0,,,MARCONI PERILLO,"24,6",LUCIA VANIA,"13,5",JORGE KAJURU,"12,1",VANDERLAN CARDOSO,"9,8",DEMOSTENES TORRES,"8,7",VILMAR ROCHA,"3,8",PEDRO CHAVES,"1,5",WILDER MORAIS,"1,5",,,,,,,,,,,,,,,,,,,,,,,,,,,,,,,,,,,,,,,,,,,,,,,,,,,,,,,,,,,,,,,,,,,,,,
,,GO-05773/2016,https://www.folhaz.com.br/politica/aparecida-resultado-outubro-professor/,5850850000100,GO,APARECIDA DE GOIÂNIA,1,P,1.0,,,GUSTAVO MENDANHA,"43,4",MARLUCIO PEREIRA,"22,6",PROFESSOR ALCIDES,"17,6",,,,,,,,,,,,,,,,,,,,,,,,,,,,,,,,,,,,,,,,,,,,,,,,,,,,,,,,,,,,,,,,,,,,,,,,,,,,,,,,
,,GO-05872/2018,https://www.jornalopcao.com.br/ultimas-noticias/pesquisa-directa-caiado-tem-368-eliton-262-e-daniel-117-das-intencoes-de-voto-137426/,20252668000133,GO,GOIÁS,1,G,0.0,,,RONALDO CAIADO,"14,5",ZE ELITON,"9,7",DANIEL VILELA,"4,6",KATIA MARIA DOS SANTOS,"1,5",,,,,,,,,,,,,,,,,,,,,,,,,,,,,,,,,,,,,,,,,,,,,,,,,,,,,,,,,,,,,,,,,,,,,,,,,,,,,,
,,GO-05872/2018,https://www.jornalopcao.com.br/ultimas-noticias/pesquisa-directa-caiado-tem-368-eliton-262-e-daniel-117-das-intencoes-de-voto-137426/,20252668000133,GO,GOIÁS,1,G,1.0,,,RONALDO CAIADO,"36,8",ZE ELITON,"26,2",DANIEL VILELA,"11,7",KATIA MARIA DOS SANTOS,"3,5",,,,,,,,,,,,,,,,,,,,,,,,,,,,,,,,,,,,,,,,,,,,,,,,,,,,,,,,,,,,,,,,,,,,,,,,,,,,,,
,,GO-06639/2016,https://cleubercarlos.blogspot.com/2016/09/nova-pesquisa-eleitoral-em-goiania.html,5850850000100,GO,GOIÂNIA,1,P,0.0,,,IRIS REZENDE,"26,8",VANDERLAN CARDOSO,"16,6",,,,,,,,,,,,,,,,,,,,,,,,,,,,,,,,,,,,,,,,,,,,,,,,,,,,,,,,,,,,,,,,,,,,,,,,,,,,,,,,,,
,,GO-06639/2016,https://cleubercarlos.blogspot.com/2016/09/nova-pesquisa-eleitoral-em-goiania.html,5850850000100,GO,GOIÂNIA,1,P,1.0,,,IRIS REZENDE,"36,8",VANDERLAN CARDOSO,24,DELEGADO WALDIR,"12,8",ADRIANA ACCORSI,6,FRANCISCO JR.,"2,5",,,,,,,,,,,,,,,,,,,,,,,,,,,,,,,,,,,,,,,,,,,,,,,,,,,,,,,,,,,,,,,,,,,,,,,,,,,,
,,GO-06967/2016,http://www.jornaldiariodonorte.com.br/noticias/cirinha-dispara-com-73-2-dos-votos-na-cidade-30091552,15484760000199,GO,MONTIVIDIU DO NORTE,1,P,0.0,,,JACIRA MARTINS,"71,4",JOSE SEBBA JUNIOR,"21,3",,,,,,,,,,,,,,,,,,,,,,,,,,,,,,,,,,,,,,,,,,,,,,,,,,,,,,,,,,,,,,,,,,,,,,,,,,,,,,,,,,
,,GO-06967/2016,http://www.jornaldiariodonorte.com.br/noticias/cirinha-dispara-com-73-2-dos-votos-na-cidade-30091552,15484760000199,GO,MONTIVIDIU DO NORTE,1,P,1.0,,,JACIRA MARTINS,"73,2",JOSE SEBBA JUNIOR,"22,8",,,,,,,,,,,,,,,,,,,,,,,,,,,,,,,,,,,,,,,,,,,,,,,,,,,,,,,,,,,,,,,,,,,,,,,,,,,,,,,,,,
,,GO-08270/2016,http://www.jornaldiariodonorte.com.br/noticias/em-formoso-a-lideranca-e-de-carlinhos-com-44-9-20090919,15484760000199,GO,FORMOSO,1,P,0.0,,,LUIZ CARLOS,"38,8",ALESSANDRA SOUZA,"28,6",,,,,,,,,,,,,,,,,,,,,,,,,,,,,,,,,,,,,,,,,,,,,,,,,,,,,,,,,,,,,,,,,,,,,,,,,,,,,,,,,,
,,GO-08270/2016,http://www.jornaldiariodonorte.com.br/noticias/em-formoso-a-lideranca-e-de-carlinhos-com-44-9-20090919,15484760000199,GO,FORMOSO,1,P,1.0,,,LUIZ CARLOS,"44,9",ALESSANDRA SOUZA,"34,1",,,,,,,,,,,,,,,,,,,,,,,,,,,,,,,,,,,,,,,,,,,,,,,,,,,,,,,,,,,,,,,,,,,,,,,,,,,,,,,,,,
,,GO-08759/2018,https://goias24horas.com.br/77443-pesquisa-fortiori-marconi-e-lucia-lideram-para-o-senado/,5850850000100,GO,GOIÁS,1,S,,,,MARCONI,"31,1",LUCIA VANIA,"29,5",JORGE KAJURU,"23,6",VANDERLAN CARDOSO,"20,5",WILDER MORAIS,"6,3",,,,,,,,,,,,,,,,,,,,,,,,,,,,,,,,,,,,,,,,,,,,,,,,,,,,,,,,,,,,,,,,,,,,,,,,,,,,
,,GO-08917/2016,https://issuu.com/afolhadovale/docs/edicao-352,20252668000133,GO,VILA PROPÍCIO,1,P,0.0,,,WALDINEI LEMOS,"45,8",CIRLEI ARAUJO,"28,7",CICERO DA CAMARA,"6,3",,,,,,,,,,,,,,,,,,,,,,,,,,,,,,,,,,,,,,,,,,,,,,,,,,,,,,,,,,,,,,,,,,,,,,,,,,,,,,,,
,,GO-08917/2016,https://issuu.com/afolhadovale/docs/edicao-352,20252668000133,GO,VILA PROPÍCIO,1,P,1.0,,,WALDINEI LEMOS,"48,6",CIRLEI ARAUJO,"33,2",CICERO DA CAMARA,"7,2",,,,,,,,,,,,,,,,,,,,,,,,,,,,,,,,,,,,,,,,,,,,,,,,,,,,,,,,,,,,,,,,,,,,,,,,,,,,,,,,
,,GO-09146/2016,https://diariodegoias.com.br/quem-lidera-para-prefeito-em-aparecida-de-goiania/,5850850000100,GO,APARECIDA DE GOIÂNIA,1,P,0.0,,,GUSTAVO MENDONÇA,"30,7",MARLUCIO PEREIRA,"15,1",,,,,,,,,,,,,,,,,,,,,,,,,,,,,,,,,,,,,,,,,,,,,,,,,,,,,,,,,,,,,,,,,,,,,,,,,,,,,,,,,,
,,GO-09146/2016,https://diariodegoias.com.br/quem-lidera-para-prefeito-em-aparecida-de-goiania/,5850850000100,GO,APARECIDA DE GOIÂNIA,1,P,1.0,,,GUSTAVO MENDONÇA,"37,8",MARLUCIO PEREIRA,"23,1",PROFESSOR ALCIDES,"21,1",,,,,,,,,,,,,,,,,,,,,,,,,,,,,,,,,,,,,,,,,,,,,,,,,,,,,,,,,,,,,,,,,,,,,,,,,,,,,,,,
,,GO-09794/2018,https://bandgo.com.br/pesquisa-directa-o-hoje-confirma-segundo-turno-para-eleicao-ao-governo-de-goias/,20252668000133,GO,GOIÁS,1,G,,,,RONALDO CAIADO,"37,8",ZE ELITON,"26,7",DANIEL VILELA,"12,5",KATIA MARIA,"5,4",,,,,,,,,,,,,,,,,,,,,,,,,,,,,,,,,,,,,,,,,,,,,,,,,,,,,,,,,,,,,,,,,,,,,,,,,,,,,,
,,GO-09981/2016,https://alovalparaiso.com/quatro-pesquisas-registradas-no-tse-e-poucas-informacoes-disponiveis-para-os-eleitores-de-valparaiso/,5850850000100,GO,VALPARAÍSO DE GOIÁS,0,,,,,,,,,,,,,,,,,,,,,,,,,,,,,,,,,,,,,,,,,,,,,,,,,,,,,,,,,,,,,,,,,,,,,,,,,,,,,,,,,,,,,,,,,,
,,MA-09781/2016,https://blogdomariocarvalho.blogspot.com/2016/08/,15484760000199,MA,SÃO LUÍS,1,P,1.0,,1.0,ELIZIANE GAMA,24,EDIVALDO HOLANDA JR.,20,BIRA DO PANDARE,17,WELLINGTON DO CURSO,15,FABIO CAMARA,13,,,,,,,,,,,,,,,,,,,,,,,,,,,,,,,,,,,,,,,,,,,,,,,,,,,,,,,,,,,,,,,,,,,,,,,,,,,,
,,PI-00081/2012,https://agoraparnaibaeregiao.blogspot.com/2012_07_01_archive.html,11186543000161,PI,LUIS CORREIA,1,P,1.0,,,FRANCISCO DE ARAUJO GALENO,"49,5",ADRIANE PRADO,"41,58",,,,,,,,,,,,,,,,,,,,,,,,,,,,,,,,,,,,,,,,,,,,,,,,,,,,,,,,,,,,,,,,,,,,,,,,,,,,,,,,,,
,,PI-00081/2012,https://agoraparnaibaeregiao.blogspot.com/2012_07_01_archive.html,11186543000161,PI,LUIS CORREIA,1,P,0.0,,,FRANCISCO DE ARAUJO GALENO,"41,91",ADRIANE PRADO,"28,38",,,,,,,,,,,,,,,,,,,,,,,,,,,,,,,,,,,,,,,,,,,,,,,,,,,,,,,,,,,,,,,,,,,,,,,,,,,,,,,,,,
,,PI-00096/2014,http://www.jornaldaparnaiba.com/2014_09_14_archive.html,11186543000161,PI,PIAUÍ,1,DF,0.0,,,RODRIGO MARTINS,8,OSMAR JUNIOR,"2,86",JULIANA MORAES SOUSA,"2,29",ATILA LIRA,"2,29",IRACEMA PORTELA,"1,71",REJANE DIAS,"1,14",,,,,,,,,,,,,,,,,,,,,,,,,,,,,,,,,,,,,,,,,,,,,,,,,,,,,,,,,,,,,,,,,,,,,,,,,,
,,PI-00096/2014,http://www.jornaldaparnaiba.com/2014_09_14_archive.html,11186543000161,PI,PIAUÍ,1,DE,0.0,,,JULIANA MORAES SOUSA,"8,29",TERERE,"3,71",ROBERT RIOS,"2,86",DR. RUBENS MARTINS,"2,29",RODRIGO MARTINS,"1,71",LIZIE COELHO,"1,14",,,,,,,,,,,,,,,,,,,,,,,,,,,,,,,,,,,,,,,,,,,,,,,,,,,,,,,,,,,,,,,,,,,,,,,,,,
,,PI-00096/2014,https://180graus.com/pesquisa-eleitoral/datamaxcajueiro-da-praia-juliana-8-terere-3-e-robert-rios-2,11186543000161,PI,PIAUÍ,1,PR,1.0,,,DILMA ROUSSEFF,"76,86",MARINA SILVA,"15,43",AECIO NEVES,"4,14",,,,,,,,,,,,,,,,,,,,,,,,,,,,,,,,,,,,,,,,,,,,,,,,,,,,,,,,,,,,,,,,,,,,,,,,,,,,,,,,
,,PI-00096/2014,https://180graus.com/pesquisa-eleitoral/datamaxcajueiro-da-praia-juliana-8-terere-3-e-robert-rios-2,11186543000161,PI,PIAUÍ,1,S,,,,WILSON MARTINS,"59,43",ELMANO FERRER,"19,14",,,,,,,,,,,,,,,,,,,,,,,,,,,,,,,,,,,,,,,,,,,,,,,,,,,,,,,,,,,,,,,,,,,,,,,,,,,,,,,,,,
,,PI-00096/2014,https://180graus.com/pesquisa-eleitoral/datamaxcajueiro-da-praia-juliana-8-terere-3-e-robert-rios-2,11186543000161,PI,PIAUÍ,1,G,1.0,,,WELLINGTON DIAS,"39,71",ZE FILHO,"37,43",MAO SANTA,14,,,,,,,,,,,,,,,,,,,,,,,,,,,,,,,,,,,,,,,,,,,,,,,,,,,,,,,,,,,,,,,,,,,,,,,,,,,,,,,,
,,PI-00097/2014,https://180graus.com/pesquisa-eleitoral/datamax-em-todo-piaui-dilma-59-marina-silva-23-e-aecio-neves-10,11186543000161,PI,PIAUÍ,1,DF,0.0,,,REJANE DIAS,"4,42",SILAS FREIRE,"3,5",ATILA LIRA,"2,86",MARCELO CASTRO,"2,86",MARLLOS SAMPAIO,"2,76",IRACEMA PORTELA,"2,58",HERACLITO FORTES,"2,58",HUGO NAPOLEAO,"2,4",JULIO CESAR,"2,3",PAES LANDIM,"2,03",OSMAR JUNIOR,"1,29",CAP. FABIO ABREU,"1,2",MERLONG SOLANO,"1,11",,,,,,,,,,,,,,,,,,,,,,,,,,,,,,,,,,,,,,,,,,,,,,,,,,,,,,,,,,,,
,,PI-00097/2014,https://180graus.com/pesquisa-eleitoral/datamax-em-todo-piaui-dilma-59-marina-silva-23-e-aecio-neves-10,11186543000161,PI,PIAUÍ,1,DE,0.0,,,THEMISTOCLES FILHO,"2,21",HELIO ISAIAS,"2,84",ZE SANTANA,"1,84",JANAINA MARQUES,"1,57",ANTONIO FELIX,"1,57",JULIANA MORAES SOUSA,"1,57",JOAO MADSON,"1,38",JOEL RODRIGUES,"1,29",WILSON BRANDAO,"1,29",EDSON FERREIRA,"1,29",FABIO NOVO,"1,2",LIZIE COELHO,"1,2",MARDEN MENEZES,"1,11",BETO REGO,"1,11",PABLO SANTOS,"1,11",,,,,,,,,,,,,,,,,,,,,,,,,,,,,,,,,,,,,,,,,,,,,,,,,,,,,,,,
,,PI-00097/2014,https://180graus.com/pesquisa-eleitoral/datamax-em-todo-piaui-dilma-59-marina-silva-23-e-aecio-neves-10,11186543000161,PI,PIAUÍ,1,PR,,,,DILMA ROUSSEFF,"59,08",MARINA SILVA,"23,87",AECIO NEVES,"10,32",,,,,,,,,,,,,,,,,,,,,,,,,,,,,,,,,,,,,,,,,,,,,,,,,,,,,,,,,,,,,,,,,,,,,,,,,,,,,,,,
,,PI-00097/2014,https://180graus.com/pesquisa-eleitoral/datamax-em-todo-piaui-dilma-59-marina-silva-23-e-aecio-neves-10,11186543000161,PI,PIAUÍ,1,S,,,,WILSON MARTINS,"43,04",ELMANO FERRER,"29,77",,,,,,,,,,,,,,,,,,,,,,,,,,,,,,,,,,,,,,,,,,,,,,,,,,,,,,,,,,,,,,,,,,,,,,,,,,,,,,,,,,
,,PI-00097/2014,https://180graus.com/pesquisa-eleitoral/datamax-em-todo-piaui-dilma-59-marina-silva-23-e-aecio-neves-10,11186543000161,PI,PIAUÍ,1,G,,,,WELLINGTON DIAS,"46,64",ZE FILHO,"31,98",MAO SANTA,"6,91",MAKLANDEL AQUINO,"1,38",DANIEL SOLON,"1,2",,,,,,,,,,,,,,,,,,,,,,,,,,,,,,,,,,,,,,,,,,,,,,,,,,,,,,,,,,,,,,,,,,,,,,,,,,,,
,,PI-00104/2014,https://180graus.com/pesquisa-eleitoral/datamax-em-floriano-silas-freire-e-joel-rodrigues-liderando-pesquisa,11186543000161,PI,PIAUÍ,1,DE,0.0,,,JOEL RODRIGUES,"26,11",ENEAS MAIA,"12,5",GUSTAVO NEIVA,"9,72",SALOMAO HOLANDA,"5,83",ZE SANTANA,"2,22",,,,,,,,,,,,,,,,,,,,,,,,,,,,,,,,,,,,,,,,,,,,,,,,,,,,,,,,,,,,,,,,,,,,,,,,,,,,
,,PI-00104/2014,https://180graus.com/pesquisa-eleitoral/datamax-em-floriano-silas-freire-e-joel-rodrigues-liderando-pesquisa,11186543000161,PI,PIAUÍ,1,DF,0.0,,,SILAS FREIRE,"14,72",OSMAR JUNIOR,"3,61",HERACLITO FORTES,"3,06",MARCELO CASTRO,"2,5",HUGO NAPOLEAO,"1,67",MAINHA,"1,67",RODRIGO MARTINS,"1,67",GUSTAVO NEIVA,"1,11",JULIO CESAR,"1,11",REJANE DIAS,"1,11",,,,,,,,,,,,,,,,,,,,,,,,,,,,,,,,,,,,,,,,,,,,,,,,,,,,,,,,,,,,,,,,,,
,,PI-00106/2012,https://tioborges.blogspot.com/2012/07/firmino-filho-3290-elmano-ferrer-2360.html,11186543000161,PI,TERESINA,1,P,1.0,,,ELMANO FERRER,"23,6",WELLINGTON DIAS,"19,9",FIRMINO FILHO,"32,9",BETO REGO,"15,9",,,,,,,,,,,,,,,,,,,,,,,,,,,,,,,,,,,,,,,,,,,,,,,,,,,,,,,,,,,,,,,,,,,,,,,,,,,,,,
,,PI-00106/2012,https://www.gp1.com.br/noticias/instituto-datamax-divulga-resultado-de-pesquisa-espontanea-para-vereador-de-teresina-258849.html,11186543000161,PI,TERESINA,1,V,0.0,,,DUDU,"1,1",RODRIGO MARTINS,1,,,,,,,,,,,,,,,,,,,,,,,,,,,,,,,,,,,,,,,,,,,,,,,,,,,,,,,,,,,,,,,,,,,,,,,,,,,,,,,,,,
,,PI-00109/2014,https://180graus.com/pesquisa-eleitoral/datamax-em-urucui-rejane-dias-e-ze-santana-lideram-veja-numeros,11186543000161,PI,PIAUÍ,1,DE,0.0,,,ZE SANTANA,"31,14",DR. WAGNER,"30,29",GUSTAVO NEIVA,"10,57",FABIO NOVO,"5,71",,,,,,,,,,,,,,,,,,,,,,,,,,,,,,,,,,,,,,,,,,,,,,,,,,,,,,,,,,,,,,,,,,,,,,,,,,,,,,
,,PI-00109/2014,https://180graus.com/pesquisa-eleitoral/datamax-em-urucui-rejane-dias-e-ze-santana-lideram-veja-numeros,11186543000161,PI,PIAUÍ,1,DF,0.0,,,REJANE DIAS,"20,86",MARCELO CASTRO,"16,57",JULIO CESAR,"4,29",FLAVIO NOGUEIRA,2,ATILA LIRA,2,ASSIS CARVALHO,"1,71",HERACLITO FORTES,"1,14",IRACEMA PORTELA,"1,14",,,,,,,,,,,,,,,,,,,,,,,,,,,,,,,,,,,,,,,,,,,,,,,,,,,,,,,,,,,,,,,,,,,,,,
,,PI-00110/2014,https://180graus.com/pesquisa-eleitoral/datamax-em-riacho-frio-heraclito-fortes-e-gustavo-neiva-na-lideranca,11186543000161,PI,PIAUÍ,1,DE,0.0,,,GUSTAVO NEIVA,"34,57",EDSON FERREIRA,"8,57",PABLO SANTOS,6,JOAO MADISON,"4,29",,,,,,,,,,,,,,,,,,,,,,,,,,,,,,,,,,,,,,,,,,,,,,,,,,,,,,,,,,,,,,,,,,,,,,,,,,,,,,
,,PI-00110/2014,https://180graus.com/pesquisa-eleitoral/datamax-em-riacho-frio-heraclito-fortes-e-gustavo-neiva-na-lideranca,11186543000161,PI,PIAUÍ,1,DF,0.0,,,HERACLITO FORTES,"13,43",ATILA LIRA,"11,14",REJANE DIAS,4,HUGO NAPOLEAO,2,MARCELO MENDES,"1,43",,,,,,,,,,,,,,,,,,,,,,,,,,,,,,,,,,,,,,,,,,,,,,,,,,,,,,,,,,,,,,,,,,,,,,,,,,,,
,,PI-00112/2014,https://180graus.com/pesquisa-eleitoral/datamaxporto-alegre-do-pi-wilsao-tem-71-e-elmano-ferrer-com-16,11186543000161,PI,PIAUÍ,1,DE,0.0,,,GUSTAVO NEIVA,"85,14",FABIO NOVO,"7,14",,,,,,,,,,,,,,,,,,,,,,,,,,,,,,,,,,,,,,,,,,,,,,,,,,,,,,,,,,,,,,,,,,,,,,,,,,,,,,,,,,
,,PI-00112/2014,https://180graus.com/pesquisa-eleitoral/datamaxporto-alegre-do-pi-wilsao-tem-71-e-elmano-ferrer-com-16,11186543000161,PI,PIAUÍ,1,DF,0.0,,,ATILA LIRA,"45,43",ASSIS CARVALHO,"10,86",JULIO CESAR,"3,14",MARCELO CASTRO,"1,14",,,,,,,,,,,,,,,,,,,,,,,,,,,,,,,,,,,,,,,,,,,,,,,,,,,,,,,,,,,,,,,,,,,,,,,,,,,,,,
,,PI-00112/2014,https://180graus.com/pesquisa-eleitoral/datamaxporto-alegre-do-pi-wilsao-tem-71-e-elmano-ferrer-com-16,11186543000161,PI,PIAUÍ,1,S,,,,WILSON MARTINS,"71,14",ELMANO FERRER,"16,29",,,,,,,,,,,,,,,,,,,,,,,,,,,,,,,,,,,,,,,,,,,,,,,,,,,,,,,,,,,,,,,,,,,,,,,,,,,,,,,,,,
,,PI-00112/2014,https://180graus.com/pesquisa-eleitoral/datamaxporto-alegre-do-pi-wilsao-tem-71-e-elmano-ferrer-com-16,11186543000161,PI,PIAUÍ,1,G,0.0,,,ZE FILHO,"41,43",WELLINGTON DIAS,"38,29",MAO SANTA,"1,43",,,,,,,,,,,,,,,,,,,,,,,,,,,,,,,,,,,,,,,,,,,,,,,,,,,,,,,,,,,,,,,,,,,,,,,,,,,,,,,,
,,PI-00112/2014,https://180graus.com/pesquisa-eleitoral/datamaxporto-alegre-do-pi-wilsao-tem-71-e-elmano-ferrer-com-16,11186543000161,PI,PIAUÍ,1,G,1.0,,,ZE FILHO,"46,29",WELLINGTON DIAS,"44,86",MAO SANTA,4,,,,,,,,,,,,,,,,,,,,,,,,,,,,,,,,,,,,,,,,,,,,,,,,,,,,,,,,,,,,,,,,,,,,,,,,,,,,,,,,
,,PI-00120/2014,https://180graus.com/pesquisa-eleitoral/datamaxteresina-com-914-silas-e-o-mais-lembrado-entre-os-eleitores,11186543000161,PI,PIAUÍ,1,DF,0.0,,,SILAS FREIRE,"9,14",CAP. FABIO ABREU,7,IRACEMA PORTELLA,"5,43",ATILA LIRA,"5,29",RODRIGO MARTINS,"4,43",REJANE DIAS,"3,86",MARLLOS SAMPAIO,"3,14",HUGO NAPOLEAO,"2,57",FLAVIO NOGUEIRA,"2,43",HERACLITO FORTES,"2,29",MARCELO CASTRO,"1,43",MERLONG SOLANO,"1,14",ASSIS CARVALHO,1,PAIXAO,1,JULIO CESAR,1,,,,,,,,,,,,,,,,,,,,,,,,,,,,,,,,,,,,,,,,,,,,,,,,,,,,,,,,
,,PI-00120/2014,https://parnaibanomundo.blogspot.com/2014/09/empate-em-teresina-wdias-tem-41-ze.html,11186543000161,PI,PIAUÍ,1,G,,,,WELLINGTON DIAS,"41,43",ZE FILHO,"40,56",MAO SANTA,6,MAKLANDEL,"1,43",DANIEL SOLON,"1,43",LOURDES MELO,"1,14",,,,,,,,,,,,,,,,,,,,,,,,,,,,,,,,,,,,,,,,,,,,,,,,,,,,,,,,,,,,,,,,,,,,,,,,,,
,,PI-00126/2014,https://cocalnoticias.blogspot.com/2014/09/wellington-dias-aparece-com-44-e-ze.html,11186543000161,PI,PIAUÍ,1,G,0.0,,,WELLINGTON DIAS,"40,92",ZE FILHO,"30,32",MAO SANTA,"3,96",,,,,,,,,,,,,,,,,,,,,,,,,,,,,,,,,,,,,,,,,,,,,,,,,,,,,,,,,,,,,,,,,,,,,,,,,,,,,,,,
,,PI-00126/2014,https://cocalnoticias.blogspot.com/2014/09/wellington-dias-aparece-com-44-e-ze.html,11186543000161,PI,PIAUÍ,1,G,1.0,,,WELLINGTON DIAS,"44,33",ZE FILHO,"34,84",MAO SANTA,"6,08",DANIEL SOLON,"1,2",,,,,,,,,,,,,,,,,,,,,,,,,,,,,,,,,,,,,,,,,,,,,,,,,,,,,,,,,,,,,,,,,,,,,,,,,,,,,,
,,PI-00126/2014,https://www.gp1.com.br/noticias/datamax-divulga-pesquisa-para-deputado-estadual-356959.html,11186543000161,PI,PIAUÍ,1,DE,,,,ZE SANTANA,"2,21",PABLO SANTOS,"2,12",HELIO ISAIAS,"1,94",BETO REGO,"1,84",JANAINA MARQUES,"1,84",LIZIE COELHO,"1,75",FABIO NOVO,"1,75",TERESA BRITO,"1,66",B. SA,"1,47",SEVERO EULALIO,"1,47",DR. ZE PINTO,"1,38",JOEL RODRIGUES,"1,29",ANTONIO FELIX,"1,2",RUBENS MARTINS,"1,2",ISMAR MARQUES,"1,2",,,,,,,,,,,,,,,,,,,,,,,,,,,,,,,,,,,,,,,,,,,,,,,,,,,,,,,,
,,PI-00126/2014,https://www.gp1.com.br/noticias/instituto-datamax-dilma-54-marina-29-e-aecio-10-356917.html,11186543000161,PI,PIAUÍ,1,PR,1.0,,,DILMA ROUSSEFF,"54,29",MARINA SILVA,"29,03",AECIO NEVES,"10,51",,,,,,,,,,,,,,,,,,,,,,,,,,,,,,,,,,,,,,,,,,,,,,,,,,,,,,,,,,,,,,,,,,,,,,,,,,,,,,,,
,,PI-00143/2014,http://www.luzilandianamidia.com/janainna-marques-lidera-nas-pesquisas-diz-180graus.html,11186543000161,PI,PIAUÍ,1,DE,0.0,,,JANAINA MARQUES,"6,36",JULIANA MORAES SOUZA,"4,06",THEMISTOCLES FILHO,"3,59",EDSON FERREIRA,"3,41",ZE SANTANA,"3,04",WILSON BRANDAO,"2,58",FABIO NOVO,"2,58",DR. HELIO ISAIAS,"2,49",MARDEN MENEZES,"2,4",JOAO MADISON,"2,21",ROBERT RIOS,"2,12",DR. PABLO SANTOS,"2,03",GEORGIANO,"2,03",PASTOR GESSIVALDO ISAIAS,"2,03",RUBEM MARTINS,"1,84",,,,,,,,,,,,,,,,,,,,,,,,,,,,,,,,,,,,,,,,,,,,,,,,,,,,,,,,
,,PI-00143/2014,http://www.webpiaui.com.br/politica/datamaz-divulga-pesquisa-para-governador-do-estado/,11186543000161,PI,PIAUÍ,1,G,0.0,,,WELLINGTON DIAS,"44,06",ZE FILHO,"34,56",MAO SANTA,"5,53",,,,,,,,,,,,,,,,,,,,,,,,,,,,,,,,,,,,,,,,,,,,,,,,,,,,,,,,,,,,,,,,,,,,,,,,,,,,,,,,
,,PI-00143/2014,http://www.webpiaui.com.br/politica/datamaz-divulga-pesquisa-para-governador-do-estado/,11186543000161,PI,PIAUÍ,1,G,1.0,,,WELLINGTON DIAS,"48,39",ZE FILHO,"38,25",MAO SANTA,"7,19",DANIEL SOLON,"1,57",,,,,,,,,,,,,,,,,,,,,,,,,,,,,,,,,,,,,,,,,,,,,,,,,,,,,,,,,,,,,,,,,,,,,,,,,,,,,,
,,PI-00143/2014,https://180graus.com/pesquisa-eleitoral/datamax-estadual-traz-rejane-dias-e-janainna-marques-na-lideranca,11186543000161,PI,PIAUÍ,1,DF,0.0,,,REJANE DIAS,"8,2",ATILA LIRA,"7,83",IRACEMA PORTELA,"6,91",HERACLITO FORTES,"5,71",MARLLOS SAMPAIO,"5,35",,,,,,,,,,,,,,,,,,,,,,,,,,,,,,,,,,,,,,,,,,,,,,,,,,,,,,,,,,,,,,,,,,,,,,,,,,,,
,,PI-00193/2014,https://180graus.com/pesquisa-eleitoral/datamax-wdias-49-ze-filho-38-e-mao-santa-com-6,11186543000161,PI,PIAUÍ,1,G,0.0,,,WELLINGTON DIAS,"49,95",ZE FILHO,"38,8",MAO SANTA,"6,73",,,,,,,,,,,,,,,,,,,,,,,,,,,,,,,,,,,,,,,,,,,,,,,,,,,,,,,,,,,,,,,,,,,,,,,,,,,,,,,,
,,PI-00317/2012,https://180graus.com/geral/datamax-o-dia-firmino-36-elmano-31-w-dias-16-e-beto-11,11186543000161,PI,TERESINA,1,P,1.0,,,FIRMINO FILHO,"36,2",ELMANO FERRER,31,WELLINGTON DIAS,16,BEO REGO,11,DANIEL SOLON,1,,,,,,,,,,,,,,,,,,,,,,,,,,,,,,,,,,,,,,,,,,,,,,,,,,,,,,,,,,,,,,,,,,,,,,,,,,,,
,,PI-00317/2012,https://issuu.com/jornal-o-dia/docs/cap-12,11186543000161,PI,TERESINA,1,P,0.0,,,FIRMINO FILHO,"32,9",ELMANO FERRER,"28,3",WELLINGTON DIAS,"13,5",BETO REGO,"9,5",,,,,,,,,,,,,,,,,,,,,,,,,,,,,,,,,,,,,,,,,,,,,,,,,,,,,,,,,,,,,,,,,,,,,,,,,,,,,,
,,PI-00329/2012,https://portaldobikanca.blogspot.com/2012/09/pesquisas-eleitorais-para-parnaiba.html,11186543000161,PI,PARNAÍBA,0,,,,,,,,,,,,,,,,,,,,,,,,,,,,,,,,,,,,,,,,,,,,,,,,,,,,,,,,,,,,,,,,,,,,,,,,,,,,,,,,,,,,,,,,,,
,,PI-00578/2012,https://www.viagora.com.br/noticias/firmino-filho-lidera-pesquisa-datamax-para-prefeitura-de-teresina-11734.html,11186543000161,PI,TERESINA,1,P,1.0,,,FIRMINO FILHO,"49,9",ELMANO FERRER,"42,3",,,,,,,,,,,,,,,,,,,,,,,,,,,,,,,,,,,,,,,,,,,,,,,,,,,,,,,,,,,,,,,,,,,,,,,,,,,,,,,,,,
,,PI-00579/2016,http://www.opiaui.com/2016/09/,11186543000161,PI,PARNAÍBA,1,P,1.0,,,MAO SANTA,"37,25",FLORENTINO,"29,75",GERIVALDO,"3,75",TERERE,"3,75",,,,,,,,,,,,,,,,,,,,,,,,,,,,,,,,,,,,,,,,,,,,,,,,,,,,,,,,,,,,,,,,,,,,,,,,,,,,,,
,,PI-00583/2012,https://ldeassis.blogspot.com/2012/10/o-judiciario-e-as-pesquisas-eleitorais_19.html,11186543000161,PI,TERESINA,0,,,,,,,,,,,,,,,,,,,,,,,,,,,,,,,,,,,,,,,,,,,,,,,,,,,,,,,,,,,,,,,,,,,,,,,,,,,,,,,,,,,,,,,,,,
,,PI-00719/2016,https://cidadesnanet.com/news/municipios/alegrete-municipios-3/prefeito-marcio-alencar-lidera-pesquisa-com-ampla-vantagem-em-alegrete-do-piaui/,11186543000161,PI,ANGICAL DO PIAUÍ,0,,,,,,,,,,,,,,,,,,,,,,,,,,,,,,,,,,,,,,,,,,,,,,,,,,,,,,,,,,,,,,,,,,,,,,,,,,,,,,,,,,,,,,,,,,
,,PI-01031/2016,https://portaldocatita.blogspot.com/2016/09/,11186543000161,PI,LUIS CORREIA,1,P,1.0,,,KIM,"56,33",ADRIANE PRADO,21,EDUARDO FERREIRA,8,,,,,,,,,,,,,,,,,,,,,,,,,,,,,,,,,,,,,,,,,,,,,,,,,,,,,,,,,,,,,,,,,,,,,,,,,,,,,,,,
,,PI-01393/2016,https://piauidepontaaponta.blogspot.com/2016_08_25_archive.html,11186543000161,PI,BOM JESUS,1,P,1.0,,,MARCOS ELVAS,"46,86",ALCINDO PIAUILINO,"44,29",MAZINHO,"3,14",,,,,,,,,,,,,,,,,,,,,,,,,,,,,,,,,,,,,,,,,,,,,,,,,,,,,,,,,,,,,,,,,,,,,,,,,,,,,,,,
,,PI-01393/2016,https://piauidepontaaponta.blogspot.com/2016_08_25_archive.html,11186543000161,PI,BOM JESUS,1,P,0.0,,,MARCOS ELVAS,"34,86",ALCINDO PIAUILINO,"30,86",MAZINHO,2,,,,,,,,,,,,,,,,,,,,,,,,,,,,,,,,,,,,,,,,,,,,,,,,,,,,,,,,,,,,,,,,,,,,,,,,,,,,,,,,
,,PI-02047/2018,https://www.douglascordeiro.com/noticias/politica/pesquisa-para-o-senado-traz-dr-pessoa-e-tony-trindade-na-lideranca-5024.html,11186543000161,PI,PIAUÍ,1,S,1.0,,,DR. PESSOA,42,TONY ANDRADE,"13,8",FRANK AGUIAR,"13,6",WILSON MARTINS,13,CIRO NOGUEIRA,"12,5",ROBERT RIOS,"11,7",REGINA SOUSA,"8,7",JULIO CESAR,"8,1",ANTONIO JOSE LIRA,"6,2",ELIZEU AGUIAR,"2,9",MARCUS VINICIUS,"2,3",JESUS RODRIGUES,"1,7",,,,,,,,,,,,,,,,,,,,,,,,,,,,,,,,,,,,,,,,,,,,,,,,,,,,,,,,,,,,,,
,,PI-02488/2016,https://revistaaz.com.br/datamax-divulga-pesquisa-para-intencao-de-votos-em-esperantina.html,11186543000161,PI,ESPERANTINA,1,P,1.0,,,MARLLOS SAMPAIO,"44,8",VILMA AMORIM,"41,2",KATY SAMARA,"5,2",,,,,,,,,,,,,,,,,,,,,,,,,,,,,,,,,,,,,,,,,,,,,,,,,,,,,,,,,,,,,,,,,,,,,,,,,,,,,,,,
,,PI-03163/2018,https://carlsonpessoa.blogspot.com/2018/09/piaui-tem-pesquisa-eleitoral-pra-todo.html,11186543000161,PI,PIAUÍ,1,G,1.0,,,WELLINGTON DIAS,"42,75",DR. PESSOA,"27,08",LUCIANO NUNES,"10,83",ELMANO FERRER,3,VALTER ALENCAR,"1,5",,,,,,,,,,,,,,,,,,,,,,,,,,,,,,,,,,,,,,,,,,,,,,,,,,,,,,,,,,,,,,,,,,,,,,,,,,,,
,,PI-03163/2018,https://www.agrandebarras.com.br/2018/09/emilia-aparece-pesquisa-deputado-piaui.html,11186543000161,PI,PIAUÍ,1,DE,0.0,,,LUCY SILVEIRA,"1,67",THEMISTOCLES FILHO,"1,58",HELIO ISAIAS,"1,5",FABIO NOVO,"1,33",WILSON BRANDAO,"1,33",MARDEN MENEZES,"1,25",ZE SANTANA,"1,17",NERINHO,"1,17",JANAINA MARQUES,1,FLORA ISABEL,1,,,,,,,,,,,,,,,,,,,,,,,,,,,,,,,,,,,,,,,,,,,,,,,,,,,,,,,,,,,,,,,,,,
,,PI-03163/2018,https://www.blogluiscorreia.com/2018/09/datamax-senador-federal-e-estadual.html,11186543000161,PI,PIAUÍ,1,DF,0.0,,,CAP. FABIO ABREU,7,SILAS FREIRE,"6,5",REJANE DIAS,"2,92",ASSIS CARVALHO,"1,75",PAES LANDIM,"1,25",MARCOS AURELIO SAMPAIO,"1,25",IRACEMA PORTELLA,"1,25",MERLONG SOLANO,"1,08",MARGARETE COELHO,"1,08",HERACLITO FORTES,1,,,,,,,,,,,,,,,,,,,,,,,,,,,,,,,,,,,,,,,,,,,,,,,,,,,,,,,,,,,,,,,,,,
,,PI-03163/2018,https://www.blogluiscorreia.com/2018/09/datamax-senador-federal-e-estadual.html,11186543000161,PI,PIAUÍ,1,S,1.0,,,WILSON MARTINS,"31,5",CIRO NOGUEIRA,"26,92",ROBERT RIOS,"23,17",MARCELO CASTRO,"14,42",FRANK AGUIAR,"14,25",MARCOS VINICIUS,"1,83",ANTONIO JOSE LIRA,"1,58",QUEM QUEM,1,ELIZEU AGUIAR,1,,,,,,,,,,,,,,,,,,,,,,,,,,,,,,,,,,,,,,,,,,,,,,,,,,,,,,,,,,,,,,,,,,,,
,,PI-03822/2016,https://cidadesnanet.com/news/municipios/veramendes/milton-oliveira-lidera-pesquisa-para-prefeito-de-vera-mendes-veja-os-numeros/,11186543000161,PI,VERA MENDES,1,P,1.0,,,MILTON DOS SANTOS,68,DORINHA,30,,,,,,,,,,,,,,,,,,,,,,,,,,,,,,,,,,,,,,,,,,,,,,,,,,,,,,,,,,,,,,,,,,,,,,,,,,,,,,,,,,
,,PI-04546/2016,https://180graus.com/pesquisa-eleitoral/campo-maiorpesquisas-tem-numeros-exatamente-opostos,11186543000161,PI,CAMPO MAIOR,1,P,,,,JOAOZINHO FELIX,"42,29",RIBINHA,"37,43",DR. MARCO,"2,57",DR. RIBAMAR,"1,71",,,,,,,,,,,,,,,,,,,,,,,,,,,,,,,,,,,,,,,,,,,,,,,,,,,,,,,,,,,,,,,,,,,,,,,,,,,,,,
,,PI-04730/2016,https://180graus.com/pesquisa-eleitoral/datamax-em-campo-maiorvereador-paiva-e-mersas-sao-os-mais-citados,11186543000161,PI,CAMPO MAIOR,1,V,0.0,,,PAIVA,7,MERSAS,3,FERNANDO MIRANDA,"2,67",EDVALDO LIMA,"2,33",SILVA DO CAU,"2,33",JOAO MAROCA,2,LUIS LIMA,2,HILDO BRITO,"1,67",HAMILTON,"1,67",SENA ROSA,"1,67",PROF. MANOEL ALVARENGA,"1,67",ANTONIO JOSE,"1,33",ADILIO,"1,33",DANIEL SOARES,"1,33",ZE PEREIRA,1,,,,,,,,,,,,,,,,,,,,,,,,,,,,,,,,,,,,,,,,,,,,,,,,,,,,,,,,
,,PI-04730/2016,https://180graus.com/pesquisa-eleitoral/datamaxcampo-maior-ribinha-39-e-joaozinho-tem-36,11186543000161,PI,CAMPO MAIOR,1,P,1.0,,,RIBINHA,"39,67",JOAOZINHO FELIX,"36,33",DR. MARCO PEREIRA,"5,67",DR. RIBAMAR,"3,67",MARCOS DA MATA,"1,33",,,,,,,,,,,,,,,,,,,,,,,,,,,,,,,,,,,,,,,,,,,,,,,,,,,,,,,,,,,,,,,,,,,,,,,,,,,,
,,PI-05109/2018,https://carlsonpessoa.blogspot.com/2018/08/governador-em-queda-w-dias-3883.html,11186543000161,PI,PIAUÍ,1,G,,,,WELLINGTON DIAS,"38,83",DR. PESSOA,"25,67",LUCIANO NUNES,10,ELMANO FERRER,"6,17",VALTER ALENCAR,"1,5",,,,,,,,,,,,,,,,,,,,,,,,,,,,,,,,,,,,,,,,,,,,,,,,,,,,,,,,,,,,,,,,,,,,,,,,,,,,
,,PI-05109/2018,https://infonewss.com/politica/pesquisa-datamax-wilson-lidera-seguindo-por-frank-e-ciro/,11186543000161,PI,PIAUÍ,1,S,1.0,,,WILSON MARTINS,"33,83",FRANK AGUIAR,"28,5",CIRO NOGUEIRA,"12,83",MARCELO CASTRO,"12,42",ROBERT RIOS,"11,92",MARCOS VINICIUS,"4,25",QUEM QUEM,"3,08",ANTONIO JOSE LIRA,"2,17",JOAQUIM SARAIVA,2,FAUSTO RIPARDO,"1,5",PAULO HENRIQUE,"1,33",JESUS RODRIGUES,"1,08",ALBETIZA MOREIRA,"1,08",,,,,,,,,,,,,,,,,,,,,,,,,,,,,,,,,,,,,,,,,,,,,,,,,,,,,,,,,,,,
,,PI-05182/2016,https://180graus.com/pesquisa-eleitoral/data-maxcampo-maior-joaozinho-felix-tem-37-e-ribinha-34,11186543000161,PI,CAMPO MAIOR,1,P,1.0,,,JOAOZINHO,"37,71",RIBINHA,34,DR. MARCO PEREIRA,"13,43",DR. RIBAMAR COELHO,"2,86",,,,,,,,,,,,,,,,,,,,,,,,,,,,,,,,,,,,,,,,,,,,,,,,,,,,,,,,,,,,,,,,,,,,,,,,,,,,,,
,,PI-05182/2016,https://180graus.com/pesquisa-eleitoral/datamax-em-campo-maior-66-nao-sabe-em-quem-votara-para-vereador,11186543000161,PI,CAMPO MAIOR,1,V,0.0,,,LUSTOSA,"2,57",SENA ROSA,"2,29",JOAO MAROCA,2,NETO DOS CORREDORES,"1,71",MANIM,"1,71",MERCIA,"1,43",PAIVA,"1,43",COLOZIN,"1,14",DANIEL SOARES,"1,14",ZE PEREIRA,"1,14",,,,,,,,,,,,,,,,,,,,,,,,,,,,,,,,,,,,,,,,,,,,,,,,,,,,,,,,,,,,,,,,,,
,,PI-06024/2018,http://www.piripiri40graus.com/portal/index.php/politica/3813-pesquisa-datamax-marden-32-75-jove-27-75-odival-5-50,11186543000161,PI,PIAUÍ,1,DF,,,,ATILA LIRA,"16,5",HERACLITO FORTES,"6,5",REJANE DIAS,"6,25",ASSIS CARVALHO,"4,5",,,,,,,,,,,,,,,,,,,,,,,,,,,,,,,,,,,,,,,,,,,,,,,,,,,,,,,,,,,,,,,,,,,,,,,,,,,,,,
,,PI-06024/2018,http://www.piripiri40graus.com/portal/index.php/politica/3813-pesquisa-datamax-marden-32-75-jove-27-75-odival-5-50,11186543000161,PI,PIAUÍ,1,DE,,,,MARDEN MENEZES,"32,75",JOVE OLIVEIRA,"27,75",ODIVAL ANDRADE,"5,5",,,,,,,,,,,,,,,,,,,,,,,,,,,,,,,,,,,,,,,,,,,,,,,,,,,,,,,,,,,,,,,,,,,,,,,,,,,,,,,,
,,PI-06339/2016,https://www.gp1.com.br/noticias/pesquisa-datamax-aponta-avelar-com-5029-em-sao-raimundo-nonato-402059.html,11186543000161,PI,SÃO RAIMUNDO NONATO,1,P,1.0,,,AVELAR FERREIRA,"50,29",CARMELITA CASTRO,"39,43",GERMIR DIAS,"1,14",,,,,,,,,,,,,,,,,,,,,,,,,,,,,,,,,,,,,,,,,,,,,,,,,,,,,,,,,,,,,,,,,,,,,,,,,,,,,,,,
,,PI-06339/2016,https://www.gp1.com.br/noticias/pesquisa-datamax-aponta-avelar-com-5029-em-sao-raimundo-nonato-402059.html,11186543000161,PI,SÃO RAIMUNDO NONATO,1,P,0.0,,,AVELAR FERREIRA,"49,43",CARMELITA CASTRO,"38,29",GERMIR DIAS,"1,14",,,,,,,,,,,,,,,,,,,,,,,,,,,,,,,,,,,,,,,,,,,,,,,,,,,,,,,,,,,,,,,,,,,,,,,,,,,,,,,,
,,PI-06664/2016,https://www.politicadinamica.com/noticias/politica/data-max-luiz-menezes-50-e-jove-oliveira-41-5862.html,11186543000161,PI,PIRIPIRI,1,P,,,,LUIZ MENEZES,"50,8",JOVE OLIVEIRA,"41,4",,,,,,,,,,,,,,,,,,,,,,,,,,,,,,,,,,,,,,,,,,,,,,,,,,,,,,,,,,,,,,,,,,,,,,,,,,,,,,,,,,
,,PI-06789/2016,https://cidadesnanet.com/news/politica/89-dos-teresinenses-nao-aprovam-gestao-temer/,11186543000161,PI,PAVUSSU,0,,,,,,,,,,,,,,,,,,,,,,,,,,,,,,,,,,,,,,,,,,,,,,,,,,,,,,,,,,,,,,,,,,,,,,,,,,,,,,,,,,,,,,,,,,
,,PI-07146/2018,https://180graus.com/pesquisa-eleitoral/datamax-campo-maior-deputado-federal-devan-38-paulo-18-abreu-11-e-rejane-7,11186543000161,PI,PIAUÍ,1,P,1.0,,,PAULO MARTINS,35,RIBINHA,20,,,,,,,,,,,,,,,,,,,,,,,,,,,,,,,,,,,,,,,,,,,,,,,,,,,,,,,,,,,,,,,,,,,,,,,,,,,,,,,,,,
,,PI-07146/2018,https://180graus.com/pesquisa-eleitoral/datamax-campo-maior-deputado-federal-devan-38-paulo-18-abreu-11-e-rejane-7,11186543000161,PI,PIAUÍ,1,P,1.0,,,DEVAN EUGENIO,"44,38",JOAOZINHO FELIX,"39,38",,,,,,,,,,,,,,,,,,,,,,,,,,,,,,,,,,,,,,,,,,,,,,,,,,,,,,,,,,,,,,,,,,,,,,,,,,,,,,,,,,
,,PI-07146/2018,https://180graus.com/pesquisa-eleitoral/datamax-campo-maior-deputado-federal-devan-38-paulo-18-abreu-11-e-rejane-7,11186543000161,PI,PIAUÍ,1,P,1.0,,,JOAOZINHO FELIX,"45,31",PAULO MARTINS,30,,,,,,,,,,,,,,,,,,,,,,,,,,,,,,,,,,,,,,,,,,,,,,,,,,,,,,,,,,,,,,,,,,,,,,,,,,,,,,,,,,
,,PI-07146/2018,https://180graus.com/pesquisa-eleitoral/datamax-campo-maior-deputado-federal-devan-38-paulo-18-abreu-11-e-rejane-7,11186543000161,PI,PIAUÍ,1,P,1.0,,,DEVAN EUGENIO,"46,88",RIBINHA,25,,,,,,,,,,,,,,,,,,,,,,,,,,,,,,,,,,,,,,,,,,,,,,,,,,,,,,,,,,,,,,,,,,,,,,,,,,,,,,,,,,
,,PI-07146/2018,https://180graus.com/pesquisa-eleitoral/datamax-campo-maior-deputado-federal-devan-38-paulo-18-abreu-11-e-rejane-7,11186543000161,PI,PIAUÍ,1,P,1.0,,,JOAOZINHO FELIX,"52,19",RIBINHA,25,,,,,,,,,,,,,,,,,,,,,,,,,,,,,,,,,,,,,,,,,,,,,,,,,,,,,,,,,,,,,,,,,,,,,,,,,,,,,,,,,,
,,PI-07146/2018,https://180graus.com/pesquisa-eleitoral/datamax-campo-maior-deputado-federal-devan-38-paulo-18-abreu-11-e-rejane-7,11186543000161,PI,PIAUÍ,1,DF,1.0,,,DEVAN EUGENIO,"38,75",PAULO MARTINS,"18,13",FABIO ABREU,"11,25",REJANE DIAS,"7,5",,,,,,,,,,,,,,,,,,,,,,,,,,,,,,,,,,,,,,,,,,,,,,,,,,,,,,,,,,,,,,,,,,,,,,,,,,,,,,
,,PI-07168/2016,https://www.politicadinamica.com/noticias/politica/data-max-piripiri-luiz-menezes-lidera-com-48-6050.html,11186543000161,PI,PIRIPIRI,1,P,,,,LUIZ MENEZES,"48,4",JOVE OLIVEIRA,"11,6",,,,,,,,,,,,,,,,,,,,,,,,,,,,,,,,,,,,,,,,,,,,,,,,,,,,,,,,,,,,,,,,,,,,,,,,,,,,,,,,,,
,,PI-07291/2016,https://180graus.com/pesquisa-eleitoral/datamaxvereador-em-campo-maior-edvaldo-e-paiva-lasqueirao-tem-3,11186543000161,PI,CAMPO MAIOR,1,V,0.0,,,EDIVALDO LIMA,"3,71",PAIVA LASQUEIRAO,"3,71",LUSTOSA,"2,86",NETO DOS CORREDORES,"2,86",MANIN PEREIRA,"2,57",FERNANDO MIRANDA,"2,29",GERALDO PAZ,2,MESSIAS,2,MILTON SEGUNDO,"1,71",JOAO MAROCA,"1,43",COLOZINHO,"1,43",HILDEM BRITO,"1,43",SENA ROSA,"1,43",SILVIA DO CAU,"1,43",ZE PEREIRA,"1,14",,,,,,,,,,,,,,,,,,,,,,,,,,,,,,,,,,,,,,,,,,,,,,,,,,,,,,,,
,,PI-07359/2016,https://180graus.com/pesquisa-eleitoral/datamaxagua-branca-jonas-tem-45-e-margarete-296,11186543000161,PI,ÁGUA BRANCA,1,V,0.0,,,FRANCISCO EMANUEL,"4,33",TUPI,"3,67",EDMILSON,"3,33",MARINALVA,"2,33",MARKINHOS,2,RAUL CRISTO,2,SOROBA,2,DINO,"1,67",BIBIU ALEXANDRINO,"1,67",MESSIAS,"1,67",INOQUETE,"1,33",DIRCEU,1,DEOCLEIDE,1,IVON LENDL,1,VALTER,1,,,,,,,,,,,,,,,,,,,,,,,,,,,,,,,,,,,,,,,,,,,,,,,,,,,,,,,,
,,PI-07359/2016,https://180graus.com/pesquisa-eleitoral/datamaxagua-branca-jonas-tem-45-e-margarete-296,11186543000161,PI,ÁGUA BRANCA,1,P,1.0,,,JONAS MOURA,45,MARGARETE PIMENTEL,"29,67",NEIVAO,"13,33",,,,,,,,,,,,,,,,,,,,,,,,,,,,,,,,,,,,,,,,,,,,,,,,,,,,,,,,,,,,,,,,,,,,,,,,,,,,,,,,
