url,tse_id,cidade,estado,util,position,estimulada,suspensa,vv,cand1,resul1,cand2,resul2,cand3,resul3,cand4,resul4,cand5,resul5,cand6,resul6,cand7,resul7,cand8,resul8,cand9,resul9,cand10,resul10,cand11,resul11,cand12,resul12,cand13,resul13,cand14,resul14,cand15,resul15
https://artigo.rededigital.net/s/educa-mais-brasil-vivo-tv/,,,,0,,,,,,,,,,,,,,,,,,,,,,,,,,,,,,,,,,
https://www.scribd.com/document/412390594/sr-08-sao-paulo,,,,0,,,,,,,,,,,,,,,,,,,,,,,,,,,,,,,,,,
http://www.saopaulonasentrelinhas.com.br/2014/09/pesquisa-eleitoral-acre.html,AC-00022/2014,ACRE,AC,1,S,,,,PERPETUA ALMEIDA,46.0,GLADSON CAMELI,37.0,ROBERTO DUARTE,4.0,,,,,,,,,,,,,,,,,,,,,,,,
https://www.ac24horas.com/2014/08/18/juiz-defere-liminar-para-suspender-a-divulgacao-de-nova-pesquisa-do-vox-populi/,AC-00033/2014,ACRE,AC,1,,,1.0,,,,,,,,,,,,,,,,,,,,,,,,,,,,,,,
https://www.ac24horas.com/2014/09/18/vox-populi-sebastiao-aparece-com-51-bocalom-tem-21-bittar-17-e-rocha-1/,AC-00042/2014,ACRE,AC,1,G,0.0,,,SEBASTIAO VIANA,46.0,TIAO BOCALOM,18.0,MÁRCIO BITTAR,16.0,ANTONIO ROCHA,1.0,,,,,,,,,,,,,,,,,,,,,,
https://www.ac24horas.com/2014/09/18/vox-populi-sebastiao-aparece-com-51-bocalom-tem-21-bittar-17-e-rocha-1/,AC-00042/2014,ACRE,AC,1,G,1.0,,,SEBASTIAO VIANA,51.0,TIAO BOCALOM,21.0,MÁRCIO BITTAR,17.0,ANTONIO ROCHA,1.0,,,,,,,,,,,,,,,,,,,,,,
https://www.ac24horas.com/2014/09/18/vox-populi-sebastiao-aparece-com-51-bocalom-tem-21-bittar-17-e-rocha-1/,AC-00042/2014,ACRE,AC,1,G,1.0,,,GLADSON CAMELI,52.0,PERPETUA ALMEIDA,31.0,ROBERTO DUARTE,3.0,PROFESSOR FORTUNATO,1.0,,,,,,,,,,,,,,,,,,,,,,
http://www.oriobranco.net/noticia/politica/vox-populi-aponta-vitoria-de-tiao-viana,AC-00065/2014,BRASIL,BR,1,G,1.0,,,TIAO VIANA,52.0,MARCIO BITTAR,43.0,,,,,,,,,,,,,,,,,,,,,,,,,,
https://www.ac24horas.com/2014/10/25/sebastiao-viana-ganha-nas-pesquisas-da-vox-populi-e-ibope-mas-perde-na-delta/,AC-00068/2014,ACRE,AC,1,G,,,,SEBASTIAO VIANA,53.0,MARCIO BITTAR,47.0,,,,,,,,,,,,,,,,,,,,,,,,,,
https://agazetadoacre.com/2018/08/pesquisa-da-vox-populi-aponta-ligeira-vantagem-de-marcus-alexandre-sobre-gladson-cameli/,AC-01360/2018,BRASIL,BR,1,G,1.0,,,MARCUS ALEXANDRE,34.0,GLADSON CAMELI,31.0,ULYSSES ARAÚJO,7.0,JANAINA FURTADO,1.0,DAVI HALL,1.0,,,,,,,,,,,,,,,,,,,,
https://agazetadoacre.com/2018/08/pesquisa-da-vox-populi-aponta-ligeira-vantagem-de-marcus-alexandre-sobre-gladson-cameli/,AC-01360/2018,BRASIL,BR,1,G,0.0,,,MARCUS ALEXANDRE,12.0,GLADSON CAMELI,12.0,ULYSSES ARAÚJO,2.0,JANAINA FURTADO,1.0,DAVI HALL,1.0,,,,,,,,,,,,,,,,,,,,
"https://www.terra.com.br/noticias/brasil/politica/al-palmeira-lidera-com-folga-e-pode-vencer-no-1-turno,58087674f386b310VgnCLD200000bbcceb0aRCRD.html",AL-00031/2012,MACEIÓ,AL,1,P,,,,RUI PALMEIRA,48.0,RONALDO LESSA,23.0,JEFERSON MORAIS,7.0,GALBA NOVAES,3.0,ROSINHA DA ADEFAL,2.0,NADJA BAIA,1.0,ALEXANDRE FLEMING,0.0,SERGIO CABRAL,0.0,,,,,,,,,,,,,,
https://www.brasil247.com/geral/vitoria-da-conquista-atual-prefeito-lidera-pesquisa,BA-00075/2012,VITÓRIA DA CONQUISTA,BA,1,P,,,,GUILHERME MENEZES,46.0,HERZEM GUSMÃO,18.0,EDIGAR MÃO BRANCA,9.0,ABEL,5.0,ELQUISSON SOARES,1.0,,,,,,,,,,,,,,,,,,,,
"https://www.terra.com.br/noticias/brasil/politica/ba-acm-neto-dobra-intencoes-de-pelegrino-diz-vox-populi,db08ceaa6586b310VgnCLD200000bbcceb0aRCRD.html",BA-00091/2012,SALVADOR,BA,1,P,0.0,,,ACM NETO,35.0,NELSON PELEGRINO,14.0,MARIO KERTESZ,4.0,MARCIO MARINHO,2.0,ROGERIO DA LUZ,1.0,,,,,,,,,,,,,,,,,,,,
"https://www.terra.com.br/noticias/brasil/politica/ba-acm-neto-dobra-intencoes-de-pelegrino-diz-vox-populi,db08ceaa6586b310VgnCLD200000bbcceb0aRCRD.html",BA-00091/2012,SALVADOR,BA,1,P,1.0,,,ACM NETO,41.0,NELSON PELEGRINO,18.0,MARIO KERTESZ,5.0,MARCIO MARINHO,3.0,ROGERIO DA LUZ,1.0,HAMILTON ASSIS,1.0,,,,,,,,,,,,,,,,,,
"https://www.terra.com.br/noticias/brasil/politica/ba-pesquisa-eleitoral-mostra-empate-entre-acm-neto-e-pelegrino,417e0a43aa1da310VgnCLD200000bbcceb0aRCRD.html",BA-00211/2012,SALVADOR,BA,1,P,1.0,,,ACM NETO,33.0,NELSON PELEGRINO,29.0,MARIO KERTESZ,7.0,MARCIO MARINHO,4.0,DA LUZ,1.0,HAMILTON ASSIS,1.0,,,,,,,,,,,,,,,,,,
https://issuu.com/diariodooeste/docs/oestesemanaledicao083/8,BA-00347/2012,LUÍS EDUARDO MAGALHÃES,BA,1,P,0.0,,,HUMBERTO SANTA CRUZ,51.0,OZIEL OLIVEIRA,35.0,JAIME CAPPELLESSO,3.0,,,,,,,,,,,,,,,,,,,,,,,,
https://issuu.com/diariodooeste/docs/oestesemanaledicao083/8,BA-00347/2012,LUÍS EDUARDO MAGALHÃES,BA,1,P,1.0,,,HUMBERTO SANTA CRUZ,52.0,OZIEL OLIVEIRA,35.0,JAIME CAPPELLESSO,3.0,,,,,,,,,,,,,,,,,,,,,,,,
http://www.inmet.gov.br/portal/css/content/home/editais/PROCESSOS%20SEI%202018_2019/Dispensa%20de%20Licita%C3%A7%C3%A3o/SEI_21160.0000372019_93%20-%20Aquisi%C3%A7%C3%A3o%20de%20Capas%20de%20Processo.pdf,BR-00015/2018,BRASIL,BR,0,,,,,,,,,,,,,,,,,,,,,,,,,,,,,,,,,,
https://jornalggn.com.br/noticia/clipping-do-dia-111/,BR-00016/2014,BRASIL,BR,0,,,,,,,,,,,,,,,,,,,,,,,,,,,,,,,,,,
https://jataubanews.blogspot.com/2014/04/cassio-lidera-pesquisa-da-tv-itarare-e.html,BR-00056/2014,BRASIL,BR,1,G,,,,CASSIO CUNHA LIMA,435.0,RICARDO COUTINHO,225.0,VENEZIANO VITAL,143.0,,,,,,,,,,,,,,,,,,,,,,,,
http://circuitomt.com.br/editorias/politica/41355-na-disputa-ao-governo-maggi-tem-59-e-taques-22-segundo-vox-populi.html,BR-00061/2014,MATO GROSSO,MT,1,G,0.0,,,BLAIRO MAGGI,9.0,PEDRO TAQUES,4.0,MAURICIO TONHA,1.0,SILVAL BARBOSA,1.0,LUDIO CABRAL,1.0,,,,,,,,,,,,,,,,,,,,
http://circuitomt.com.br/editorias/politica/41355-na-disputa-ao-governo-maggi-tem-59-e-taques-22-segundo-vox-populi.html,BR-00061/2014,MATO GROSSO,MT,1,G,1.0,,,BLAIRO MAGGI,59.0,PEDRO TAQUES,22.0,JOSE MARCONDES,1.0,,,,,,,,,,,,,,,,,,,,,,,,
https://www.huffpostbrasil.com/2014/04/16/vox-populi-dilma-venceria-no-1-turno-com-40_n_5162426.html,BR-00075/2014,BRASIL,BR,1,PR,,,,DILMA ROUSSEFF,40.0,AÉCIO NEVES,16.0,EDUARDO CAMPOS,8.0,PASTOR EVERALDO,2.0,LEVY FIDELIX,0.0,RANDOLFE RODRIGUES,0.0,EYMAEL,0.0,MAURO IASI,0.0,,,,,,,,,,,,,,
https://tucano.org.br/no-mt-aecio-e-o-que-mais-cresce-nas-intencoes-de-voto/,BR-00117/2014,MATO GROSSO,MT,1,PR,,,,DILMA ROUSSEFF,36.0,AECIO NEVES,23.0,,,,,,,,,,,,,,,,,,,,,,,,,,
https://www.brasil247.com/geral/em-minas-pimentel-seria-eleito-no-primeiro-turno,BR-00129/2014,MINAS GERAIS,MG,1,PR,,,,AECIO NEVES,22.0,DILMA HOUSSEFF,20.0,EDUARDO CAMPOS,2.0,,,,,,,,,,,,,,,,,,,,,,,,
https://www.brasil247.com/geral/em-minas-pimentel-seria-eleito-no-primeiro-turno,BR-00129/2014,MINAS GERAIS,MG,1,G,,,,FERNANDO PIMENTEL,28.0,PIMENTA DA VEIGA,16.0,MARIA DA CONSOLAÇÃO,2.0,VANESSA PORTUGAL,2.0,JULIO DELGADO,1.0,,,,,,,,,,,,,,,,,,,,
https://www.huffpostbrasil.com/2014/06/12/dilma-estabiliza-e-aecio-segue-subindo-na-vox-populi-president_n_5487442.html,BR-00156/2014,BRASIL,BR,1,PR,,,,DILMA ROUSSEFF,40.0,AECIO NEVES,21.0,EDUARDO CAMPOS,8.0,PASTOR EVERALDO,2.0,JOS'E MARIA,1.0,,,,,,,,,,,,,,,,,,,,
https://www.agoramt.com.br/politica/taques-diz-que-adversarios-tem-medo-dele/32310,BR-00217/2014,MATO GROSSO,MT,0,,,,,,,,,,,,,,,,,,,,,,,,,,,,,,,,,,
http://www.jornaldodiase.com.br/noticias_ler.php?id=11835,BR-00263/2014,BRASIL,BR,1,S,,,,MARIA DO CARMO,53.0,ROGERIO CARVALHO,10.0,ANTONIO MARQUES,3.0,EDVALDO LEANDRO,2.0,MOACIR DA CRUZ SANTOS,1.0,,,,,,,,,,,,,,,,,,,,
http://www.jornaldodiase.com.br/noticias_ler.php?id=11835,BR-00263/2014,BRASIL,BR,1,PR,,,,DILMA ROUSSEFF,51.0,AECIO NEVES,14.0,LUCIANA GENRO,1.0,JOSE MARIA,1.0,RUI COSTA PIMENTA,1.0,,,,,,,,,,,,,,,,,,,,
http://www.jornaldodiase.com.br/noticias_ler.php?id=11835,BR-00263/2014,BRASIL,BR,1,G,,,,JACKSON BARRETO,36.0,EDUARDO AMORIM,34.0,SONIA MEIRE,4.0,ALBERTO DOS SAANTOS,1.0,,,,,,,,,,,,,,,,,,,,,,
https://pesquisanaamazonia.blogspot.com/2014/09/cenario-das-pesquisas-eleitorais-na.html,BR-00355/2014,TOCANTINS,TO,1,PR,,,,DILMA ROUSSEFF,50.0,AECIO NEVES,17.0,EDUARDO CAMPOS,9.0,PASTOR EVERALDO,2.0,EDUARDO JORGE,1.0,ZÉ MARIA,0.0,LEVY FIDELIX,0.0,LUCIANA GENRO,0.0,RUI COSTA PIMENTA,0.0,EYMAEL,0.0,MAURO IASI,0.0,,,,,,,,
https://pesquisanaamazonia.blogspot.com/2014/09/cenario-das-pesquisas-eleitorais-na.html,BR-00355/2014,TOCANTINS,TO,1,S,,,,KATIA ABREU,44.0,EDUARDO GOMES,13.0,SARGENTO ARAGAO,11.0,JOEL MATOS,1.0,CELÇA,0.0,ELVIO QUIRINO,0.0,,,,,,,,,,,,,,,,,,
https://pesquisanaamazonia.blogspot.com/2014/09/cenario-das-pesquisas-eleitorais-na.html,BR-00355/2014,TOCANTINS,TO,1,G,,,,MARCELO MIIRANDA,52.0,SANDOVAL CARDOSO,22.0,ATAIDES OLIVEIRA,2.0,JOAQUIM ROCHA,1.0,POTENGY,0.0,LUIS CLAUDIO,0.0,,,,,,,,,,,,,,,,,,
https://www.ac24horas.com/2014/08/18/juiz-defere-liminar-para-suspender-a-divulgacao-de-nova-pesquisa-do-vox-populi/,BR-00384/2014,ACRE,AC,1,,,1.0,,,,,,,,,,,,,,,,,,,,,,,,,,,,,,,
https://itnet.com.br/noticia/24828/dilma-lidera-pesquisa-em-sergipe-seguida-de-marina,BR-00509/2014,BRASIL,BR,1,PR,,,,DILMA ROUSSEFF,47.0,MARINA SILVA,30.0,AECIO NEVES,6.0,PASTOR EVERALDO,3.0,,,,,,,,,,,,,,,,,,,,,,
https://www.ac24horas.com/2014/09/07/vox-populi-aponta-vitoria-de-sebastiao-no-primeiro-turno-glason-cameli-venceria-para-o-senado/,BR-00510/2014,BRASIL,BR,1,G,,,,SEBASTIAO VIANA,48.0,TIAO BOCALOM,18.0,MARCIO BITTAR,17.0,ANTONIO ROCHA,1.0,,,,,,,,,,,,,,,,,,,,,,
https://www.ac24horas.com/2014/09/07/vox-populi-aponta-vitoria-de-sebastiao-no-primeiro-turno-glason-cameli-venceria-para-o-senado/,BR-00510/2014,BRASIL,BR,1,S,,,,GLADSON CAMELI,40.0,PERPETUA ALMEIDA,32.0,ROBERTO DUARTE,3.0,FORTUNATO MARTINS,2.0,,,,,,,,,,,,,,,,,,,,,,
https://www.sul21.com.br/em-destaque/2014/09/dilma-vence-no-rs-e-disputa-para-governador-sera-decidida-no-segundo-turno/,BR-00557/2014,RIO GRANDE DO SUL,RS,1,S,1.0,,,LASTER MARTINS,28.0,OLIVIO DUTRA,27.0,SIMON,14.0,SIMONE LEITE,4.0,CIRO MACHADO,1.0,JULIO FLORES,1.0,,,,,,,,,,,,,,,,,,
https://www.sul21.com.br/em-destaque/2014/09/dilma-vence-no-rs-e-disputa-para-governador-sera-decidida-no-segundo-turno/,BR-00557/2014,RIO GRANDE DO SUL,RS,1,G,1.0,,,ANA AMELIA LEMOS,36.0,TARSO GENRO,26.0,JOSE IVO SARTORI,12.0,VIEIRA DA CUNHA,3.0,,,,,,,,,,,,,,,,,,,,,,
https://www.sul21.com.br/em-destaque/2014/09/dilma-vence-no-rs-e-disputa-para-governador-sera-decidida-no-segundo-turno/,BR-00557/2014,RIO GRANDE DO SUL,RS,1,PR,1.0,,,DILMA ROUSSEFF,38.0,MARINA SILVA,24.0,AECIO NEVES,20.0,,,,,,,,,,,,,,,,,,,,,,,,
https://noticias.r7.com/eleicoes-2014/minas-gerais/governo-de-mg-pimentel-tem-19-pontos-de-vantagem-sobre-pimenta-aponta-vox-brasil-09092014,BR-00569/2014,MINAS GERAIS,MG,1,PR,,,,DILMA ROUSSEFF,33.0,AECIO NEVES,25.0,MARINA SILVA,23.0,,,,,,,,,,,,,,,,,,,,,,,,
https://noticias.r7.com/eleicoes-2014/minas-gerais/governo-de-mg-pimentel-tem-19-pontos-de-vantagem-sobre-pimenta-aponta-vox-brasil-09092014,BR-00569/2014,MINAS GERAIS,MG,1,G,1.0,,,PIMENTEL,38.0,PIMENTA DA VEIGA,19.0,TARCISIO,3.0,,,,,,,,,,,,,,,,,,,,,,,,
https://noticias.r7.com/eleicoes-2014/minas-gerais/governo-de-mg-pimentel-tem-19-pontos-de-vantagem-sobre-pimenta-aponta-vox-brasil-09092014,BR-00569/2014,MINAS GERAIS,MG,1,G,0.0,,,PIMENTEL,18.0,PIMENTA DA VEIGA,9.0,TARCISIO,1.0,,,,,,,,,,,,,,,,,,,,,,,,
https://noticias.r7.com/eleicoes-2014/minas-gerais/governo-de-mg-pimentel-tem-19-pontos-de-vantagem-sobre-pimenta-aponta-vox-brasil-09092014,BR-00569/2014,MINAS GERAIS,MG,1,S,,,,ANTONIO ANASTASIA,41.0,JOSUE ALENCAR,14.0,EDILSON NASCIMENTO,2.0,MARGARIDA VIEIRA,1.0,TARCICIO,1.0,GERALDO BATATA,1.0,PABLO LIIMA,0.0,GRAÇA,0.0,,,,,,,,,,,,,,
https://portalcostanorte.com/wellington-dias-vence-no-1o-turno-com-52-aponta-vox-populi/,BR-00586/2014,PIAUÍ,PI,1,PR,1.0,,,DILMA ROUSSEFF,63.0,MARINA SILVA,21.0,AECIO NEVES,8.0,PASTOR EVERALDO,1.0,,,,,,,,,,,,,,,,,,,,,,
https://portalcostanorte.com/wellington-dias-vence-no-1o-turno-com-52-aponta-vox-populi/,BR-00586/2014,PIAUÍ,PI,1,PR,0.0,,,DILMA ROUSSEFF,59.0,MARINA SILVA,19.0,AECIO NEVES,8.0,,,,,,,,,,,,,,,,,,,,,,,,
https://portalcostanorte.com/wellington-dias-vence-no-1o-turno-com-52-aponta-vox-populi/,BR-00586/2014,PIAUÍ,PI,1,G,0.0,,,WLLINGTON DIAS,37.0,ZE FILHO,17.0,MAO SANTA,3.0,DANIEL SOLON,1.0,,,,,,,,,,,,,,,,,,,,,,
https://portalcostanorte.com/wellington-dias-vence-no-1o-turno-com-52-aponta-vox-populi/,BR-00586/2014,PIAUÍ,PI,1,S,0.0,,,WILSON MARTINS,24.0,ELMANO FERRER,23.0,PROFESSOR CLAUDIONOR,1.0,GUSTAVO HENRIQUE,1.0,,,,,,,,,,,,,,,,,,,,,,
https://portalcostanorte.com/wellington-dias-vence-no-1o-turno-com-52-aponta-vox-populi/,BR-00586/2014,PIAUÍ,PI,1,G,1.0,,,WLLINGTON DIAS,52.0,ZE FILHO,24.0,MAO SANTA,6.0,DANIEL SOLON,1.0,,,,,,,,,,,,,,,,,,,,,,
https://portalcostanorte.com/wellington-dias-vence-no-1o-turno-com-52-aponta-vox-populi/,BR-00586/2014,PIAUÍ,PI,1,S,1.0,,,WILSON MARTINS,37.0,ELMANO FERRER,32.0,PROFESSOR CLAUDIONOR,1.0,GUSTAVO HENRIQUE,1.0,GERALDO CARVALHO,1.0,,,,,,,,,,,,,,,,,,,,
https://www.huffpostbrasil.com/2014/09/10/dilma-lidera-disputa-presidencial-no-1-turno-e-empata-com-marin_n_5797430.html,BR-00588/2014,BRASIL,BR,1,PR,,,,DILMA ROUSSEFF,36.0,MARINA SILVA,28.0,AECIO NEVES,15.0,,,,,,,,,,,,,,,,,,,,,,,,
https://www.huffpostbrasil.com/2014/09/15/vox-populi-dilma-lidera-no-primeiro-turno-e-esta-empatada-com-m_n_5826196.html,BR-00632/2014,BRASIL,BR,1,PR,,,,DILMA ROUSSEFF,36.0,MARINA SILVA,27.0,AECIO NEVES,15.0,PASTOR EVERALDO,1.0,LUCIANA GENRO,1.0,,,,,,,,,,,,,,,,,,,,
https://inga-cidadao.com/politica/bolsonaro-tem-53-dos-votos-validos-e-haddad-47-diz-vox-populi,BR-00709/2018,BRASIL,BR,1,PR,0.0,,,JAIR BOLSONARO,44.0,FERNANDO HADDAD,39.0,,,,,,,,,,,,,,,,,,,,,,,,,,
https://inga-cidadao.com/politica/bolsonaro-tem-53-dos-votos-validos-e-haddad-47-diz-vox-populi,BR-00709/2018,BRASIL,BR,1,PR,1.0,,,JAIR BOLSONARO,53.0,FERNANDO HADDAD,47.0,,,,,,,,,,,,,,,,,,,,,,,,,,
https://cidadeverde.com/noticias/174144/vox-populi-dilma-tem-40-das-intencoes-de-voto-marina-22-e-aecio-17,BR-00733/2014,BRASIL,BR,1,PR,,,,DILMA ROUSSEFF,40.0,MARINA SILVA,22.0,AECIO NEVES,17.0,,,,,,,,,,,,,,,,,,,,,,,,
https://www.huffpostbrasil.com/2014/09/25/nova-pesquisa-vox-populi-mostra-dilma-rousseff-com-38-marina-s_n_5885030.html,BR-00757/2014,BRASIL,BR,1,PR,,,,DILMA ROUSSEFF,38.0,MARINA SILVA,25.0,AECIO NEVES,17.0,PASTOR EVERALDO,1.0,,,,,,,,,,,,,,,,,,,,,,
https://www.folhamax.com/politica/vox-populi-folhamax-aponta-bolsonaro-com-34-em-mt-haddad-tem-24/180801,BR-00793/2018,MATO GROSSO,MT,1,PR,0.0,,,JAIR BOLSONARO,33.0,FERNANDO HADDAD,23.0,GERALDO ALCKMIN,4.0,CIRO GOMES,4.0,MARINA SILVA,3.0,HENRIQUE MEIRELLES,1.0,JOAO AMOEDO,1.0,ALVARO DIAS,1.0,,,,,,,,,,,,,,
https://www.folhamax.com/politica/vox-populi-folhamax-aponta-bolsonaro-com-34-em-mt-haddad-tem-24/180801,BR-00793/2018,MATO GROSSO,MT,1,PR,1.0,,,JAIR BOLSONARO,34.0,FERNANDO HADDAD,24.0,GERALDO ALCKMIN,6.0,CIRO GOMES,6.0,MARINA SILVA,4.0,HENRIQUE MEIRELLES,2.0,JOAO AMOEDO,1.0,ALVARO DIAS,1.0,,,,,,,,,,,,,,
https://www.huffpostbrasil.com/2014/09/29/pesquisa-vox-populi-diz-que-dilma-e-marina-irao-ao-segundo-turno_n_5904112.html,BR-00888/2014,BRASIL,BR,1,PR,,,,DILMA ROUSSEFF,40.0,MARINA SILVA,24.0,AECIO NEVES,18.0,PASTOR EVERALDO,1.0,LUCIANA GENRO,1.0,,,,,,,,,,,,,,,,,,,,
https://noticias.r7.com/eleicoes-2014/minas-gerais/pimentel-chega-a-41-e-pode-vencer-no-primeiro-turno-segundo-vox-brasil-30092014,BR-00894/2014,MINAS GERAIS,MG,1,G,1.0,,,PIMENTEL,41.0,PIMENTA DA VEIGA,18.0,TARCISIO,3.0,EDUARDO FERREIRA,1.0,PPROFESSOR TULIO,1.0,FIDELIS ALCANTARA,1.0,CLEIDE DONARIA,1.0,,,,,,,,,,,,,,,,
https://noticias.r7.com/eleicoes-2014/minas-gerais/pimentel-chega-a-41-e-pode-vencer-no-primeiro-turno-segundo-vox-brasil-30092014,BR-00894/2014,MINAS GERAIS,MG,1,G,0.0,,,PIMENTEL,23.0,PIMENTA DA VEIGA,10.0,TARCISIO,1.0,,,,,,,,,,,,,,,,,,,,,,,,
https://noticias.r7.com/eleicoes-2014/minas-gerais/pimentel-chega-a-41-e-pode-vencer-no-primeiro-turno-segundo-vox-brasil-30092014,BR-00894/2014,MINAS GERAIS,MG,1,S,,,,ANTONIO ANASTASIA,39.0,JOSUE ALENCAR,20.0,TARCISIO,1.0,,,,,,,,,,,,,,,,,,,,,,,,
https://www.meionorte.com/blogs/ananiasribeiro/vox-populi-elmano-tem-42-e-wilson-34-306674,BR-00895/2014,PIAUÍ,PI,1,S,1.0,,,ELMANO FERRER,42.0,WILSON MARTINS,34.0,GERALDO CARVALHO,1.0,GUSTAVO HENRIQUE,1.0,PROFESSOR CLAUDIONOR,1.0,,,,,,,,,,,,,,,,,,,,
https://www.meionorte.com/blogs/ananiasribeiro/wellington-tem-52-e-ze-filho-27-diz-vox-populi-306673,BR-00895/2014,PIAUÍ,PI,1,G,1.0,,,WELLINGTON DIAS,52.0,ZE FILHO,27.0,MAO SANTA,4.0,MAKLANDEL,1.0,,,,,,,,,,,,,,,,,,,,,,
https://noticias.r7.com/eleicoes-2014/vox-populi-mostra-dilma-na-lideranca-e-aecio-a-frente-de-marina-04102014,BR-01016/2014,BRASIL,BR,1,PR,,,,DILMA ROUSSEFF,41.0,AECIO NEVES,23.0,MARINA SILVA,20.0,LUCIANA GENRO,2.0,EVERALDO PEREIRA,1.0,,,,,,,,,,,,,,,,,,,,
https://www.huffpostbrasil.com/2014/10/13/vox-populi-dilma-rousseff-e-aecio-neves-aparecem-tecnicamente-e_n_5980036.html,BR-01079/2014,BRASIL,BR,1,PR,,,,DILMA ROUSSEFF,45.0,AECIO NEVES,44.0,,,,,,,,,,,,,,,,,,,,,,,,,,
https://www.bahianoticias.com.br/noticia/161728-petistas-antecipam-supostos-numeros-do-vox-populi-em-rede-social-dilma-47-e-aecio-43.html,BR-01117/2014,BRASIL,BR,1,PR,,,,DILMA ROUSSEFF,47.0,AECIO NEVES,43.0,,,,,,,,,,,,,,,,,,,,,,,,,,
https://www.huffpostbrasil.com/2014/10/20/apesar-de-empate-tecnico-dilma-rousseff-abre-sobre-aecio-neves_n_6018234.html,BR-01136/2014,BRASIL,BR,1,PR,,,,DILMA ROUSSEFF,46.0,AECIO NEVES,43.0,,,,,,,,,,,,,,,,,,,,,,,,,,
"https://www.onacional.com.br/politica,8/2020/04/23/pesquisa-vox-populi-divulga-leva,54969",BR-01185/2014,BRASIL,BR,1,PR,,,,DILMA ROUSSEFF,54.0,AECIO NEVES,46.0,,,,,,,,,,,,,,,,,,,,,,,,,,
https://br.sputniknews.com/brasil/2018091312204259-haddad-ultrapassa-bolsonaro-associado-lula-eleicoes-2018/,BR-01669/2018,BRASIL,BR,1,PR,,,,FERNANDO HADDAD,22.0,JAIR BOLSONARO,18.0,CIRO GOMES,10.0,MARINA SILVA,5.0,GERALDO ALCKIMIN,4.0,,,,,,,,,,,,,,,,,,,,
http://tijolaco.net/blog/wp-content/uploads/2018/04/Novo-Relatorio-VOX-.pdf,BR-02039/2018,BRASIL,BR,1,PR,0.0,,,LULA,39.0,JAIR BOLSONARO,9.0,JOAQUIM BARBOSA,2.0,MARINA SILVA,2.0,GERALDO ALCKIMIN,1.0,CIRO GOMES,1.0,ALVARO DIAS,1.0,,,,,,,,,,,,,,,,
http://tijolaco.net/blog/wp-content/uploads/2018/04/Novo-Relatorio-VOX-.pdf,BR-02039/2018,BRASIL,BR,1,PR,1.0,,,LULA,47.0,JAIR BOLSONARO,11.0,JOAQUIM BARBOSA,9.0,MARINA SILVA,7.0,GERALDO ALCKIMIN,3.0,CIRO GOMES,2.0,ALVARO DIAS,2.0,HENRIQUE MEIRELLES,1.0,,,,,,,,,,,,,,
http://tijolaco.net/blog/wp-content/uploads/2018/07/VOX_POPULI_ELEICOES_PRESIDENCIAIS_DIVULGACAO_26_07_1.pdf,BR-02205/2018,BRASIL,BR,1,PR,0.0,,,LULA,37.0,JAIR BOLSONARO,10.0,CIRO GOMES,3.0,GERALDO ALCKMIN,2.0,MARINA SILVA,2.0,FERNANDO HENRIQUE,2.0,JOAQUIM BARBOSA,1.0,SERGIO MORO,1.0,AECIO NEVES,1.0,EDUARDO JORGE,1.0,ALVARO DIAS,1.0,,,,,,,,
http://tijolaco.net/blog/wp-content/uploads/2018/07/VOX_POPULI_ELEICOES_PRESIDENCIAIS_DIVULGACAO_26_07_1.pdf,BR-02205/2018,BRASIL,BR,1,PR,0.0,,,LULA,37.0,JAIR BOLSONARO,10.0,CIRO GOMES,3.0,GERALDO ALCKMIN,2.0,MARINA SILVA,2.0,FERNANDO HENRIQUE,2.0,JOAQUIM BARBOSA,1.0,SERGIO MORO,1.0,AECIO NEVES,1.0,EDUARDO JORGE,1.0,ALVARO DIAS,1.0,,,,,,,,
http://tijolaco.net/blog/wp-content/uploads/2018/07/VOX_POPULI_ELEICOES_PRESIDENCIAIS_DIVULGACAO_26_07_1.pdf,BR-02205/2018,BRASIL,BR,1,PR,1.0,,,LULA,41.0,JAIR BOLSONARO,12.0,CIRO GOMES,5.0,GERALDO ALCKMIN,4.0,MARINA SILVA,4.0,ALVARO DIAS,1.0,MANUELA D'AVILA,1.0,,,,,,,,,,,,,,,,
https://www.clubenoticia.com.br/Noticia/index/5880,BR-02397/2018,MINAS GERAIS,MG,1,DF,1.0,,,JOSE HUMBERTO,50.0,ARNALDO QUEIROZ,12.0,ANTONIO ANDRADE,9.0,IVAN ROSA,2.0,,,,,,,,,,,,,,,,,,,,,,
https://lula.com.br/vox-populi-haddad-vai-ao-segundo-turno-com-31-dos-validos/,BR-04071/2018,BRASIL,BR,1,PR,,,,,,,,,,,,,,,,,,,,,,,,,,,,,,,,,
https://www.slideshare.net/diariodocentrodomundo/pesquisa-cutvox-populi-de-3-de-outubro-de-2018-em-so-paulo,BR-05501/2018,SÃO PAULO,SP,1,G,0.0,,,JOAO DORIA,11.0,PAULO SKAF,11.0,MARCIO FRANCA,8.0,LUIZ MARNHO,6.0,MAJOR COSTA E SILVA,1.0,PROFESSORA LISETE,1.0,,,,,,,,,,,,,,0.0,,,,
https://www.slideshare.net/diariodocentrodomundo/pesquisa-cutvox-populi-de-3-de-outubro-de-2018-em-so-paulo,BR-05501/2018,SÃO PAULO,SP,1,S,1.0,,,EDUARDO SUPLICY,17.0,MAJOR OLIMPIO,10.0,MARA GABRILLI,10.0,TRIPOLI,6.0,JILMAR TATTO,6.0,MARIO COVAS NETO,5.0,MAURREN MAGGI,5.0,CIDINHA,3.0,DIOGO DA LUZ,2.0,EDUARDO CARA,2.0,ANTONIO NETO,1.0,PROFESSORA SILVIA FERRA,1.0,DRA ELIANA FERREIRA,1.0,MARCELO BARBIERI,1.0,JAIR ANDRONI,1.0
https://www.slideshare.net/diariodocentrodomundo/pesquisa-cutvox-populi-de-3-de-outubro-de-2018-em-so-paulo,BR-05501/2018,SÃO PAULO,SP,1,S,0.0,,,EDUARDO SUPLICY,13.0,MAJOR OLIMPIO,7.0,MARA GABRILLI,6.0,JILMAR TATTO,4.0,MAURREN MAGGI,4.0,TRIPOLI,3.0,MARIO COVAS NETO,3.0,CIDINHA,2.0,ANTONIO NETO,1.0,DIOGO DA LUZ,1.0,EDUCADOR DANIEL CARA,1.0,MARCELO BARBIERI,1.0,PROFESSORA SILVIA FERRARO,1.0,,,,
https://www.slideshare.net/diariodocentrodomundo/pesquisa-cutvox-populi-de-3-de-outubro-de-2018-em-so-paulo,BR-05501/2018,SÃO PAULO,SP,1,PR,1.0,,,JAIR BOLSONARO,30.0,FERNANDO HADDAD,19.0,GERALDO ALCKMIN,10.0,CIRO GOMES,7.0,MARINA SILVA,2.0,JOÃO AMOEDO,1.0,HENRIQUE MEIRELLES,1.0,GUILHERME BOUOLOS,1.0,ALVARO DIAS,1.0,,,,,,,,,,,,
https://www.slideshare.net/diariodocentrodomundo/pesquisa-cutvox-populi-de-3-de-outubro-de-2018-em-so-paulo,BR-05501/2018,SÃO PAULO,SP,1,PR,0.0,,,JAIR BOLSONARO,28.0,FERNANDO HADDAD,17.0,GERALDO ALCKMIN,8.0,CIRO GOMES,6.0,JOAO AMOEDO,2.0,MARINA SILVA,1.0,HENRIQUE MEIRELLES,1.0,GUILHERME BOUOLOS,1.0,LULA,1.0,CABO DACIOLO,1.0,,,,,,,,,,
https://www.slideshare.net/diariodocentrodomundo/pesquisa-cutvox-populi-de-3-de-outubro-de-2018-em-so-paulo,BR-05501/2018,SÃO PAULO,SP,1,G,1.0,,,PAULO SKAFF,16.0,JOAO DORIA,15.0,MARCIO FRANCA,11.0,LUIZ MARNHO,8.0,MAJOR COSTA E SILVA,2.0,PROFESSORA LISETE,2.0,,,,,,,,,,,,,,0.0,,,,
https://valor.globo.com/politica/noticia/2018/05/28/vox-populi-cut-indica-lula-na-lideranca-com-39-em-cenario-unico.ghtml,BR-08042/2018,BRASIL,BR,1,PR,0.0,,,LULA,34.0,JAIR BOLSONARO,10.0,CIRO GOMES,3.0,GERALDO ALCKMIN,3.0,MARINA SILVA,2.0,JOAQUIM BARBOSA,2.0,ALVARO DIAS,1.0,,,,,,,,,,,,,,,,
https://valor.globo.com/politica/noticia/2018/05/28/vox-populi-cut-indica-lula-na-lideranca-com-39-em-cenario-unico.ghtml,BR-08042/2018,BRASIL,BR,1,PR,1.0,,,LULA,39.0,JAIR BOLSONARO,12.0,MARINA SILVA,6.0,CIRO GOMES,4.0,GERALDO ALCKIMIN,3.0,ALVARO DIAS,2.0,HENRIQUE MEIRELLES,1.0,MANUELA DAVILA,1.0,JOAO AMOEDO,1.0,,,,,,,,,,,,
https://agazetadoacre.com/2018/08/pesquisa-da-vox-populi-aponta-ligeira-vantagem-de-marcus-alexandre-sobre-gladson-cameli/,BR-08364/2018,BRASIL,BR,1,G,1.0,,,MARCUS ALEXANDRE,34.0,GLADSON CAMELI,31.0,ULYSSES ARAÚJO,7.0,JANAINA FURTADO,1.0,DAVI HALL,1.0,,,,,,,,,,,,,,,,,,,,
https://agazetadoacre.com/2018/08/pesquisa-da-vox-populi-aponta-ligeira-vantagem-de-marcus-alexandre-sobre-gladson-cameli/,BR-08364/2018,BRASIL,BR,1,G,0.0,,,MARCUS ALEXANDRE,12.0,GLADSON CAMELI,12.0,ULYSSES ARAÚJO,2.0,JANAINA FURTADO,1.0,DAVI HALL,1.0,,,,,,,,,,,,,,,,,,,,
https://www.scribd.com/document/391178485/Relatorio-Eleicoes-CUT-2T,BR-08732/2018,,,1,PR,0.0,,,JAIR BOLSONARO,43.0,FERNANDO HADDAD,37.0,,,,,,,,,,,,,,,,,,,,,,,,,,
http://www.gazetadopantanal.com/2018/03/pesquisa-aponta-tendencia-de-votos-a-presidencia-da-republica-na-capital/,BR-09120/2018,BRASIL,BR,1,PR,1.0,,,JAIR BOLSONARO,18.0,LULA,16.0,LUCIANO HUCK,8.0,JOAQUIM BARBOSA,8.0,MARINA SILVA,6.0,CIRO GOMES,5.0,GERALDO ALCKIMIN,4.0,ALVARO DIAS,3.0,FERNANDO COLLOR,2.0,MANUELA DAVILA,1.0,MICHEL TEMER,1.0,HENRIQUE MEIRELLES,0.0,,,,,,
https://www.slideshare.net/LeonardoAttuch2/pesquisa-vox-247-d-empate-entre-haddad-e-bolsonaro,BR-09614/2018,BRASIL,BR,1,PR,0.0,,,JAIR BOLSONARO,42.0,FERNANDO HADDAD,41.0,,,,,,,,,,,,,,,,,,,,,,,,,,
https://www.slideshare.net/LeonardoAttuch2/pesquisa-vox-247-d-empate-entre-haddad-e-bolsonaro,BR-09614/2018,BRASIL,BR,1,PR,0.0,,,JAIR BOLSONARO,43.0,FERNANDO HADDAD,43.0,,,,,,,,,,,,,,,,,,,,,,,,,,
"https://www20.opovo.com.br/app/politica/2014/03/06/noticiaspoliticas,3216266/eunicio-lidera-todos-os-cenarios-e-seria-eleito-no-primeiro-turno-diz.shtml",CE-00001/2014,CEARÁ,CE,1,G,0.0,,,EUNICIO OLIVEIRA,7.0,CID GOMES,5.0,LUZIANNE LINS,2.0,MAURO FILHO,1.0,CIRO GOMES,1.0,DOMINGOS FILHO,1.0,,,,,,,,,,,,,,,,,,
"https://www20.opovo.com.br/app/politica/2014/03/06/noticiaspoliticas,3216266/eunicio-lidera-todos-os-cenarios-e-seria-eleito-no-primeiro-turno-diz.shtml",CE-00001/2014,CEARÁ,CE,1,G,1.0,,,EUNICIO OLIVEIRA,47.0,LUIZIANNE LINS,19.0,MAURO FILHO,16.0,DOMINGOS FILHO,15.0,,,,,,,,,,,,,,,,,,,,,,
https://tarsoaraujo.blogspot.com/2012/08/pesquisa-vox-populi-mostra-moroni-com.html,CE-00019/2012,FORTALEZA,CE,0,,,,,,,,,,,,,,,,,,,,,,,,,,,,,,,,,,
https://eleicoes.uol.com.br/2012/noticias/2012/09/25/vox-populi-aponta-empate-triplo-entre-dem-pt-e-psb-em-fortaleza.htm,CE-00067/2012,FORTALEZA,CE,1,P,,,,ELMANO DE FREITAS,20.0,ROBERTO CLÁUDIO,20.0,MORONI TORGAN,17.0,HEITOR FERRER,9.0,RENATO ROSENO,6.0,INACIO ARRUDA,4.0,MARCOS CALS,3.0,FRANCISCO GONZAGA,1.0,ANDRE RAMOS,0.0,PROFESSOR VALDECI,0.0,,,,,,,,,,
https://www.brasil247.com/geral/em-minas-pimentel-seria-eleito-no-primeiro-turno,MG-00025/2014,MINAS GERAIS,MG,1,G,,,,FERNANDO PIMENTEL,28.0,PIMENTA DA VEIGA,16.0,MARIA DA CONSOLAÇÃO,2.0,VANESSA PORTUGAL,2.0,JULIO DELGADO,1.0,,,,,,,,,,,,,,,,,,,,
https://www.brasil247.com/geral/em-minas-pimentel-seria-eleito-no-primeiro-turno,MG-00025/2014,MINAS GERAIS,MG,1,PR,,,,AECIO NEVES,22.0,DILMA HOUSSEFF,20.0,EDUARDO CAMPOS,2.0,,,,,,,,,,,,,,,,,,,,,,,,
https://www.clubenoticia.com.br/Noticia/index/5880,MG-00062/2018,MINAS GERAIS,MG,1,DF,1.0,,,JOSE HUMBERTO,50.0,ARNALDO QUEIROZ,12.0,ANTONIO ANDRADE,9.0,IVAN ROSA,2.0,,,,,,,,,,,,,,,,,,,,,,
https://noticias.r7.com/eleicoes-2014/minas-gerais/governo-de-mg-pimentel-tem-19-pontos-de-vantagem-sobre-pimenta-aponta-vox-brasil-09092014,MG-00079/2014,MINAS GERAIS,MG,1,PR,,,,DILMA ROUSSEFF,33.0,AECIO NEVES,25.0,MARINA SILVA,23.0,,,,,,,,,,,,,,,,,,,,,,,,
https://noticias.r7.com/eleicoes-2014/minas-gerais/governo-de-mg-pimentel-tem-19-pontos-de-vantagem-sobre-pimenta-aponta-vox-brasil-09092014,MG-00079/2014,MINAS GERAIS,MG,1,G,1.0,,,PIMENTEL,38.0,PIMENTA DA VEIGA,19.0,TARCISIO,3.0,,,,,,,,,,,,,,,,,,,,,,,,
https://noticias.r7.com/eleicoes-2014/minas-gerais/governo-de-mg-pimentel-tem-19-pontos-de-vantagem-sobre-pimenta-aponta-vox-brasil-09092014,MG-00079/2014,MINAS GERAIS,MG,1,S,,,,ANTONIO ANASTASIA,41.0,JOSUE ALENCAR,14.0,EDILSON NASCIMENTO,2.0,MARGARIDA VIEIRA,1.0,TARCICIO,1.0,GERALDO BATATA,1.0,PABLO LIIMA,0.0,GRAÇA,0.0,,,,,,,,,,,,,,
https://noticias.r7.com/eleicoes-2014/minas-gerais/governo-de-mg-pimentel-tem-19-pontos-de-vantagem-sobre-pimenta-aponta-vox-brasil-09092014,MG-00079/2014,MINAS GERAIS,MG,1,G,0.0,,,PIMENTEL,18.0,PIMENTA DA VEIGA,9.0,TARCISIO,1.0,,,,,,,,,,,,,,,,,,,,,,,,
https://noticias.r7.com/eleicoes-2014/minas-gerais/pimentel-chega-a-41-e-pode-vencer-no-primeiro-turno-segundo-vox-brasil-30092014,MG-00163/2014,MINAS GERAIS,MG,1,G,0.0,,,PIMENTEL,23.0,PIMENTA DA VEIGA,10.0,TARCISIO,1.0,,,,,,,,,,,,,,,,,,,,,,,,
https://noticias.r7.com/eleicoes-2014/minas-gerais/pimentel-chega-a-41-e-pode-vencer-no-primeiro-turno-segundo-vox-brasil-30092014,MG-00163/2014,MINAS GERAIS,MG,1,S,,,,ANTONIO ANASTASIA,39.0,JOSUE ALENCAR,20.0,TARCISIO,1.0,,,,,,,,,,,,,,,,,,,,,,,,
https://noticias.r7.com/eleicoes-2014/minas-gerais/pimentel-chega-a-41-e-pode-vencer-no-primeiro-turno-segundo-vox-brasil-30092014,MG-00163/2014,MINAS GERAIS,MG,1,G,1.0,,,PIMENTEL,41.0,PIMENTA DA VEIGA,18.0,TARCISIO,3.0,EDUARDO FERREIRA,1.0,PPROFESSOR TULIO,1.0,FIDELIS ALCANTARA,1.0,CLEIDE DONARIA,1.0,,,,,,,,,,,,,,,,
https://issuu.com/opopularinterativo/docs/jornal_o_popular_06,MG-00192/2012,LAGOA SANTA,MG,1,P,,,,DOUTOR FERNANDO,51.0,BRENO SALOMAO,15.0,DOUTOR RICARDO,9.0,,,,,,,,,,,,,,,,,,,,,,,,
https://defatoonline.com.br/dr-damon-mantem-lideranca-em-itabira/,MG-00293/2012,ITABIRA,MG,1,P,0.0,,,DOUTOR DAMON,45.0,RONALDO,12.0,ROBERTO CHAVES,1.0,CIGANINHO,0.0,,,,,,,,,,,,,,,,,,,,,,
https://defatoonline.com.br/dr-damon-mantem-lideranca-em-itabira/,MG-00293/2012,ITABIRA,MG,1,P,1.0,,,DOUTOR DAMON,62.0,RONALDO,17.0,ROBERTO CHAVES,3.0,CIGANINHO,1.0,,,,,,,,,,,,,,,,,,,,,,
"https://www.terra.com.br/noticias/brasil/politica/mg-lacerda-tem-44-e-patrus-25-em-pesquisa-vox-populi,a41824738986b310VgnCLD200000bbcceb0aRCRD.html",MG-00297/2012,BELO HORIZONTE,MG,1,P,0.0,,,MARCIO LACERDA,33.0,PATRUS ANANIAS,18.0,VANESSA PORTUGAL,1.0,MARIA DA CONSOLACAO,1.0,TADEU MARTINS,1.0,ALFREDO FLISTER,1.0,PEDRO PAULO PINHEIRO,1.0,,,,,,,,,,,,,,,,
"https://www.terra.com.br/noticias/brasil/politica/mg-lacerda-tem-44-e-patrus-25-em-pesquisa-vox-populi,a41824738986b310VgnCLD200000bbcceb0aRCRD.html",MG-00297/2012,BELO HORIZONTE,MG,1,P,1.0,,,MARCIO LACERDA,44.0,PATRUS ANANIAS,25.0,VANESSA PORTUGAL,2.0,MARIA DA CONSOLACAO,1.0,TADEU MARTINS,1.0,ALFREDO FLISTER,1.0,PEDRO PAULO PINHEIRO,1.0,,,,,,,,,,,,,,,,
http://www.lagoasanta.com.br/eleicao_2000/eleicao_2012/PESQUISAS/Relatorio_GERAL_PESQUISA_00396_09_SET_2012.pdf,MG-00396/2012,LAGOA SANTA,MG,0,,,,,,,,,,,,,,,,,,,,,,,,,,,,,,,,,,
https://www.facebook.com/Turma-Azul-Claro-388736611192191/posts,MG-00460/2012,RIBEIRÃO DAS NEVES,MG,0,,,,,,,,,,,,,,,,,,,,,,,,,,,,,,,,,,
https://www.brasil247.com/geral/vox-populi-lacerda-mantem-lideranca-com-44-69xv2dpc,MG-00476/2012,BELO HORIZONTE,MG,1,P,,,,MARCIO LACERDA,44.0,PATRUS ANANIAS,28.0,VANESSA PORTUGAL,1.0,MARIA DA CONSOLACAO,1.0,,,,,,,,,,,,,,,,,,,,,,
https://blogdobanu.blogspot.com/2012/09/vox-populi-mostra-polarizacao-tres-em.html,MG-00503/2012,MONTES CLAROS,MG,1,P,,,,JAIRO ATAIDE,25.0,PAULO GUEDES,24.0,RUY MUNIZ,22.0,HUMBERTO SOUTO,9.0,,,,,,,,,,,,,,,,,,,,,,
https://gilvanmelo.blogspot.com/2012/10/em-bh-caminhada-e-otimismo-no-final-da.html,MG-00801/2012,BELO HORIZONTE,MG,0,P,,,,,,,,,,,,,,,,,,,,,,,,,,,,,,,,,
https://giseldacampos-jornalista.blogspot.com/2012/09/,MG-00901/2012,UBERABA,MG,1,P,1.0,,,PAULO PIAU,32.0,ANTONIO LERIN,174.0,WAGNER JÚNIOR,112.0,ADELMO CARNEIRO,102.0,,,,,,,,,,,,,,,,,,,,,,
http://pontalemfoco.com.br/destaque-noticias/pesquisa-vox-populi-fued-42-andre-11-publio-7-luiz-4-ester-0/,MG-09341/2016,ITUIUTABA,MG,1,P,1.0,,,FUED,42.0,ANDRE,11.0,PUBLIO,7.0,LUIZ,4.0,ESTER,0.0,,,,,,,,,,,,,,,,,,,,
http://uipi.com.br/destaques/destaques-videos/2016/09/29/pesquisa-contratada-pela-tv-vitoriosa-mostra-dr-anuar-a-frente-das-eleicoes-de-prata/,MG-09897/2016,PRATA,MG,1,P,0.0,,,DR ANUAR,50.0,BETO,30.0,,,,,,,,,,,,,,,,,,,,,,,,,,
http://uipi.com.br/destaques/destaques-videos/2016/09/29/pesquisa-contratada-pela-tv-vitoriosa-mostra-dr-anuar-a-frente-das-eleicoes-de-prata/,MG-09897/2016,PRATA,MG,1,P,1.0,,,DR ANUAR,54.0,BETO,32.0,,,,,,,,,,,,,,,,,,,,,,,,,,
https://www.marcoeusebio.com.br/coluna/pesquisa-vox-populi-na-capital-de-ms/24006?a=coluna&b=pesquisa-vox-populi-na-capital-de-ms&c=24006,MS-00293/2012,CAMPO GRANDE,MS,0,,,,,,,,,,,,,,,,,,,,,,,,,,,,,,,,,,
https://www.topmidianews.com.br/politica/pesquisa-fiemsvox-populi-confirma-2o-turno-entre-marquinhos-e-rose/56101/,MS-03942/2016,CAMPO GRANDE,MS,1,P,1.0,,,MARQUINHOS TRAD,32.0,ROSE MODESTO,24.0,ALCIDES BERNAL,13.0,MARCELO BLUMA,3.0,CORONEL DAVI,2.0,ALEX,2.0,PEDROSSIAN FILHO,1.0,ADALTON GARCIA,1.0,,,,,,,,,,,,,,
https://www.midiamax.com.br/politica/2018/pesquisa-paga-pela-fiems-divulgada-sem-registro-e-e-alvo-de-acao-no-tre,MS-05260/2018,MATO GROSSO DO SUL,MS,0,,,1.0,,,,,,,,,,,,,,,,,,,,,,,,,,,,,,,
https://www.campograndenews.com.br/politica/pesquisa-fiems/vox-populi-aponta-delia-com-36-e-geraldo-resende-com-29,MS-07336/2016,DOURADOS,MS,1,P,1.0,,,DELIA RAZUK,36.0,GERALDO REZENDE,29.0,RENATO CAMARA,11.0,PROF ENIO,1.0,WANDERLEI CARNEIRO,1.0,,,,,,,,,,,,,,,,,,,,
http://circuitomt.com.br/editorias/politica/41355-na-disputa-ao-governo-maggi-tem-59-e-taques-22-segundo-vox-populi.html,MT-00011/2014,MATO GROSSO,MT,1,G,0.0,,,BLAIRO MAGGI,9.0,PEDRO TAQUES,4.0,MAURICIO TONHA,1.0,SILVAL BARBOSA,1.0,LUDIO CABRAL,1.0,,,,,,,,,,,,,,,,,,,,
http://circuitomt.com.br/editorias/politica/41355-na-disputa-ao-governo-maggi-tem-59-e-taques-22-segundo-vox-populi.html,MT-00011/2014,MATO GROSSO,MT,1,G,1.0,,,BLAIRO MAGGI,59.0,PEDRO TAQUES,22.0,JOSE MARCONDES,1.0,,,,,,,,,,,,,,,,,,,,,,,,
https://tucano.org.br/no-mt-aecio-e-o-que-mais-cresce-nas-intencoes-de-voto/,MT-00018/2014,MATO GROSSO,MT,1,PR,,,,DILMA ROUSSEFF,36.0,AECIO NEVES,23.0,,,,,,,,,,,,,,,,,,,,,,,,,,
https://tucano.org.br/no-mt-aecio-e-o-que-mais-cresce-nas-intencoes-de-voto/,MT-00018/2014,MATO GROSSO,MT,1,PR,,,,DILMA ROUSSEFF,36.0,AECIO NEVES,23.0,,,,,,,,,,,,,,,,,,,,,,,,,,
https://www.agoramt.com.br/politica/taques-diz-que-adversarios-tem-medo-dele/32310,MT-00025/2014,MATO GROSSO,MT,0,,,,,,,,,,,,,,,,,,,,,,,,,,,,,,,,,,
https://eleicoes.uol.com.br/2012/noticias/2012/06/22/vox-populi-mauro-mendes-psb-tem-47-roberto-franca-dem-12-em-cuiaba.htm,MT-00055/2012,CUIABÁ,MT,1,P,0.0,,,MAURO MENDES,16.0,ROBERTO FRANÇA,3.0,DORILEO LEAL,2.0,GUILHERME MALUF,1.0,CHICO GALINDO,1.0,CARLOS BRITO,1.0,WALTER RABELO,1.0,WILSON SANTOS,1.0,,,,,,,,,,,,,,
https://eleicoes.uol.com.br/2012/noticias/2012/06/22/vox-populi-mauro-mendes-psb-tem-47-roberto-franca-dem-12-em-cuiaba.htm,MT-00055/2012,CUIABÁ,MT,1,P,1.0,,,MAURO MENDES,42.0,ROBERTO FRANÇA,12.0,GUILHERME MALUF,7.0,LUDIO CABRAL,4.0,CARLOS BRITO,3.0,KAMIL FARES,1.0,,,,,,,,,,,,,,,,,,
https://www.folhamax.com/politica/vox-populi-aponta-que-gestao-de-taques-e-reprovada-por-47-da-populacao/180745,MT-01234/2018,MATO GROSSO,MT,0,,,,,,,,,,,,,,,,,,,,,,,,,,,,,,,,,,
https://www.folhamax.com/politica/vox-populi-folhamax-aponta-bolsonaro-com-34-em-mt-haddad-tem-24/180801,MT-01234/2018,MATO GROSSO,MT,1,PR,0.0,,,JAIR BOLSONARO,33.0,FERNANDO HADDAD,23.0,GERALDO ALCKMIN,4.0,CIRO GOMES,4.0,MARINA SILVA,3.0,HENRIQUE MEIRELLES,1.0,JOAO AMOEDO,1.0,ALVARO DIAS,1.0,,,,,,,,,,,,,,
https://www.folhamax.com/politica/vox-populi-folhamax-aponta-bolsonaro-com-34-em-mt-haddad-tem-24/180801,MT-01234/2018,MATO GROSSO,MT,1,PR,1.0,,,JAIR BOLSONARO,34.0,FERNANDO HADDAD,24.0,GERALDO ALCKMIN,6.0,CIRO GOMES,6.0,MARINA SILVA,4.0,HENRIQUE MEIRELLES,2.0,JOAO AMOEDO,1.0,ALVARO DIAS,1.0,,,,,,,,,,,,,,
https://professoraedilzafontes.blogspot.com/2012/08/pesquisa-para-prefeito-de-belem.html,PA-00046/2012,BELÉM,PA,1,P,0.0,,,EDMILSON,313.0,PRIANTE,9700000000000000.0,ZENALDO,8.0,A JORDY,78.0,JEFFERSON LIMA,1.8,ANIVALDO VALE,1.3,ALFREDO,13.0,SERGIO PIMENTEL,0.2,,,,,,,,,,,,,,
https://professoraedilzafontes.blogspot.com/2012/08/pesquisa-para-prefeito-de-belem.html,PA-00046/2012,BELÉM,PA,1,P,1.0,,,EDMILSON,335.0,PRIANTE,183.0,ZENALDO,113.0,A JORDY,11.0,JEFFERSON LIMA,7.0,ALFREDO,2.2,ANIVALDO VALE,18.0,LENY CAMPELO,0.2,SERGIO PIMENTEL,0.2,MARCOS REGO,0.2,,,,,,,,,,
https://ananindeuadebates.blogspot.com/2012/09/pioneiro-lidera-pesquisa-mas-eleicao-em.html,PA-00069/2012,ANANINDEUA,PA,1,P,0.0,,,MANOEL PIONEIRO,43.0,CHICAO,14.0,ELIEL FAUSTINO,5.0,LUIS FREITAS,1.0,,,,,,,,,,,,,,,,,,,,,,
https://ananindeuadebates.blogspot.com/2012/09/pioneiro-lidera-pesquisa-mas-eleicao-em.html,PA-00069/2012,ANANINDEUA,PA,1,P,1.0,,,MANOEL PIONEIRO,49.0,CHICAO,17.0,ELIEL FAUSTINO,7.0,LUIS FREITAS,1.0,VAVA COSTA,1.0,,,,,,,,,,,,,,,,,,,,
"https://www.terra.com.br/noticias/brasil/politica/pa-rodrigues-amplia-vantagem-e-lidera-com-folga-em-belem,60085d3e7b86b310VgnCLD200000bbcceb0aRCRD.html",PA-00112/2012,BELÉM,PA,1,P,,,,EDMILSON RODRIGUES,39.0,ZENALDO COUTINHO,16.0,JOSE PRIANTE,12.0,JEFFERSON LIMA,5.0,ANIVALDO VALE,5.0,ARNALDO JODY,4.0,ALFREDO COSTA,2.0,,,,,,,,,,,,,,,,
https://lucas-nogueira.blogspot.com/2012/09/vox-populi-edmilson-rodrigues-e-zenaldo.html,PA-00201/2012,BELÉM,PA,1,P,1.0,,,EDMILSON RODRIGUES,27.0,ZENALDO COUTINHO,25.0,JOSE PRIANTE,10.0,ARINALDO VALE,7.0,JEFFERSON LIMA,6.0,ARNALDO JODY,5.0,ALFREDO COSTA,,,,,,,,,,,,,,,,,
https://lucas-nogueira.blogspot.com/2012/09/vox-populi-edmilson-rodrigues-e-zenaldo.html,PA-00201/2012,BELÉM,PA,1,P,0.0,,,EDMILSON RODRIGUES,25.0,ZENALDO COUTINHO,23.0,JOSE PRIANTE,9.0,ARINALDO VALE,6.0,JEFFERSON LIMA,5.0,ARNALDO JODY,4.0,ALFREDO COSTA,2.0,LENY CAMPELO,1.0,,,,,,,,,,,,,,
https://reportepolicia.wordpress.com/2012/10/page/2/,PA-00238/2012,ANANINDEUA,PA,1,P,1.0,,,MANOEL PIONEIRO,49.0,CHICAO,21.0,ELIEL FAUSTINO,7.0,LUIS FREITAS,4.0,VAVA COSTA,2.0,JOAO BERNARDES,1.0,PROF EDIVALDO,1.0,,,,,,,,,,,,,,,,
https://reportepolicia.wordpress.com/2012/10/page/2/,PA-00238/2012,ANANINDEUA,PA,1,P,0.0,,,MANOEL PIONEIRO,45.0,CHICAO,19.0,ELIEL FAUSTINO,7.0,LUIS FREITAS,4.0,,,,,,,,,,,,,,,,,,,,,,
https://pjpontes.blogspot.com/2012/10/ipespe-ibope-e-vox-populi-revela.html,PA-00259/2012,que circulam na tarde de sábado (06),divulgaram nas suas edições de domingo,1,P,1.0,,1.0,EDMILSON RODRIGUES,35.0,ZENALDO COUTINHO,29.0,JEFFERSON LIMA,13.0,JOSE PRIANTE,9.0,ANIVALDO VALE,5.0,ARNALDO JODY,5.0,ALFREDO COSTA,4.0,,,,,,,,,,,,,,,,
https://ultimosegundo.ig.com.br/politica/2012-10-19/em-belem-zenaldo-tem-48-e-edmilson-36-aponta-vox-populi.html,PA-00333/2012,BELÉM,PA,1,P,,,,ZENALDO COUTINHO,48.0,EDIMILSON RODRIGUES,36.0,,,,,,,,,,,,,,,,,,,,,,,,,,
https://vicentecidade21.blogspot.com/2012/10/vox-populi-belem-edmilson-52-x-zenaldo.html,PA-00339/2012,BELÉM,PA,1,,,,,EDMILSON RODRIGUES,52.0,ZENALDO COUTINHO,48.0,,,,,,,,,,,,,,,,,,,,,,,,,,
https://brejodosantosnoticias.blogspot.com/2014/04/pesquisa-tv-itarare6sigma-mostra-com.html,PB-00003/2014,PARAÍBA,PB,0,,,,,CASSIO CUNHA LIMA,435.0,RICARDO COUTINHO,225.0,VENEZIANO VITAL,143.0,,,,,,,,,,,,,,,,,,,,,,,,
https://coronelezequielnoticias.blogspot.com/2012/03/deu-aguia-para-meu-louro-prefeito-de.html,PB-00007/2012,SOUSA,PB,0,,,,,,,,,,,,,,,,,,,,,,,,,,,,,,,,,,
https://paraibaja.com.br/as-vesperas-das-eleicoes-pesquisa-da-campina-fm-mostra-cassio-e-rc-empatados/,PB-00037/2014,PARAÍBA,PB,1,G,,,,CASSIO CUNHA LIMA,359.0,RICARDO COUTINHO,357.0,VITAL DO REGO,37.0,,,,,,,,,,,,,,,,,,,,,,,,
https://www.conceicaopbonline.com/2014/10/com-duas-horas-de-atraso-pesquisa.html,PB-00048/2014,PARAÍBA,PB,0,,,1.0,,,,,,,,,,,,,,,,,,,,,,,,,,,,,,,
https://www.clickpb.com.br/politica/pesquisa-do-6sigma-aponta-aurilecio-em-primeiro-com-506-dede-tem-393-151472.html,PB-00132/2012,PEDRAS DE FOGO,PB,1,P,,,,AURILECIO,506.0,DEDE,393.0,,,,,,,,,,,,,,,,,,,,,,,,,,
https://caaporapbnoticias.blogspot.com/2012/10/politica_6357.html,PB-00149/2012,JOÃO PESSOA,PB,1,P,,,,CARTAXO,6410000000000000.0,CICERO,359.0,,,,,,,,,,,,,,,,,,,,,,,,,,
https://www.polemicaparaiba.com.br/eleicoes-2018/pesquisa-sai-amanha-estatistico-do-grupo-6sigma-rebate-ilacoes-sobre-pagamento-feito-por-cassio-cunha-lima/,PB-00983/2018,PARAÍBA,PB,0,,,,,,,,,,,,,,,,,,,,,,,,,,,,,,,,,,
https://rembrandtcarvalho.blogspot.com/2016/09/nova-pesquisa-para-prefeito-de-campina.html,PB-03294/2016,CAMPINA GRANDE,PB,1,P,1.0,,,ROMERO RODRIGUES,506.0,VENEZIANO,186.0,ADRIANO GALDINO,47.0,ARTUR BOLINHA,36.0,DAVID LOBAO,0.6,WALTER BRITO NETO,0.2,,,,,,,,,,,,,,,,,,
https://static.poder360.com.br/2017/02/JoaoPessoa_prefeito_1turno.pdf,PB-06352/2016,JOÃO PESSOA,PB,0,,,,,,,,,,,,,,,,,,,,,,,,,,,,,,,,,,
https://www.marconeferreira.com/2016/09/29/6-sigma-mostra-vitoria-de-cartaxo-no-primeiro-turno/,PB-06910/2016,JOÃO PESSOA,PB,1,P,,,,LUCIANO CARTAXO,486.0,CIDA RAMOS,214.0,CHARLITON MACHADO,23.0,VICTOR HUGO,15.0,,,,,,,,,,,,,,,,,,,,,,
https://www.didigalvao.com.br/2012/08/page/2/,PE-00081/2012,RECIFE,PE,1,P,1.0,,,GERALDO JULIO,31.0,HUMBERTO COSTA,28.0,MENDONÇA,11.0,DANIEL COELHO,9.0,ESTEVES JACINTO,1.0,ROBERTO NUMERIANO,1.0,,,,,,,,,,,,,,,,,,
https://www.didigalvao.com.br/2012/08/page/2/,PE-00081/2012,RECIFE,PE,1,P,0.0,,,GERALDO JULIO,27.0,HUMBERTO COSTA,23.0,MENDONÇA,8.0,DANIEL COELHO,7.0,ESTEVES JACINTO,1.0,,,,,,,,,,,,,,,,,,,,
http://www.psb40.org.br/noticias/pe-em-nova-pesquisa-eleitoral-geraldo-julio-sobe-para-41/,PE-00160/2012,RECIFE,PE,1,P,,,,GERALDO JULIO,41.0,DANIEL COELHO,21.0,HUMBERTO COSTA,17.0,,,,,,,,,,,,,,,,,,,,,,,,
https://www.folhadecaruaru.com/grupo-6sigma-divulga-o-resultado-de-mais-uma-pesquisa/,PE-01629/2016,CARUARU,PE,1,P,,,,TONY GEL,422.0,RAQUEL LYRA,407.0,,,,,,,,,,,,,,,,,,,,,,,,,,
https://blogs.ne10.uol.com.br/jamildo/2016/09/27/geraldo-aparece-com-37-e-joao-paulo-com-29-em-pesquisa-encomendada-pelo-petista/,PE-01690/2016,RECIFE,PE,1,P,0.0,,,GERALDO JULIO,34.0,JOAO PAULO,27.0,DANIEL COELHO,11.0,PRISCILA KRAUSE,3.0,EDILSON SILVA,1.0,,,,,,,,,,,,,,,,,,,,
https://blogs.ne10.uol.com.br/jamildo/2016/09/27/geraldo-aparece-com-37-e-joao-paulo-com-29-em-pesquisa-encomendada-pelo-petista/,PE-01690/2016,RECIFE,PE,1,P,1.0,,,GERALDO,37.0,JOAO PAULO,29.0,DANIEL COELHO,13.0,PRISCILA KRAUSE,3.0,EDILSON SILVA,1.0,,,,,,,,,,,,,,,,,,,,
https://www.slideshare.net/redacaojornaldocommercio/pesquisa-eleitoral-de-caruaru-67499568,PE-02077/2016,CARUARU,PE,1,P,1.0,,,RAQUEL LYRA,396.0,TONY GEL,399.0,,,,,,,,,,,,,,,,,,,,,,,,,,
http://www.agrestenoticia.com/2016/09/pesquisa-vox-populi-aponta-edilson.html,PE-02149/2016,TORITAMA,PE,1,P,,,,EDILSON TAVARES,40.0,LUCIA PEREIRA,26.0,24,,,,,,,,,,,,,,,,,,,,,,,,,
"https://www.em.com.br/app/noticia/politica/2014/08/15/interna_politica,558833/sem-campos-psb-teme-perder-bancada.shtml",PI-00079/2014,PIAUÍ,PI,0,,,,,,,,,,,,,,,,,,,,,,,,,,,,,,,,,,
https://portalcostanorte.com/wellington-dias-vence-no-1o-turno-com-52-aponta-vox-populi/,PI-00128/2014,PIAUÍ,PI,1,PR,1.0,,,DILMA ROUSSEFF,63.0,MARINA SILVA,21.0,AECIO NEVES,8.0,PASTOR EVERALDO,1.0,,,,,,,,,,,,,,,,,,,,,,
https://portalcostanorte.com/wellington-dias-vence-no-1o-turno-com-52-aponta-vox-populi/,PI-00128/2014,PIAUÍ,PI,1,S,1.0,,,WILSON MARTINS,37.0,ELMANO FERRER,32.0,PROFESSOR CLAUDIONOR,1.0,GUSTAVO HENRIQUE,1.0,GERALDO CARVALHO,1.0,,,,,,,,,,,,,,,,,,,,
https://portalcostanorte.com/wellington-dias-vence-no-1o-turno-com-52-aponta-vox-populi/,PI-00128/2014,PIAUÍ,PI,1,G,1.0,,,WLLINGTON DIAS,52.0,ZE FILHO,24.0,MAO SANTA,6.0,DANIEL SOLON,1.0,,,,,,,,,,,,,,,,,,,,,,
https://portalcostanorte.com/wellington-dias-vence-no-1o-turno-com-52-aponta-vox-populi/,PI-00128/2014,PIAUÍ,PI,1,PR,0.0,,,DILMA ROUSSEFF,59.0,MARINA SILVA,19.0,AECIO NEVES,8.0,,,,,,,,,,,,,,,,,,,,,,,,
https://portalcostanorte.com/wellington-dias-vence-no-1o-turno-com-52-aponta-vox-populi/,PI-00128/2014,PIAUÍ,PI,1,G,0.0,,,WLLINGTON DIAS,37.0,ZE FILHO,17.0,MAO SANTA,3.0,DANIEL SOLON,1.0,,,,,,,,,,,,,,,,,,,,,,
https://portalcostanorte.com/wellington-dias-vence-no-1o-turno-com-52-aponta-vox-populi/,PI-00128/2014,PIAUÍ,PI,1,S,0.0,,,WILSON MARTINS,24.0,ELMANO FERRER,23.0,PROFESSOR CLAUDIONOR,1.0,GUSTAVO HENRIQUE,1.0,,,,,,,,,,,,,,,,,,,,,,
https://www.meionorte.com/blogs/ananiasribeiro/vox-populi-elmano-tem-42-e-wilson-34-306674,PI-00195/2014,PIAUÍ,PI,1,S,1.0,,,ELMANO FERRER,42.0,WILSON MARTINS,34.0,GERALDO CARVALHO,1.0,GUSTAVO HENRIQUE,1.0,PROFESSOR CLAUDIONOR,1.0,,,,,,,,,,,,,,,,,,,,
https://www.meionorte.com/blogs/ananiasribeiro/wellington-tem-52-e-ze-filho-27-diz-vox-populi-306673,PI-00195/2014,PIAUÍ,PI,1,G,1.0,,,WELLINGTON DIAS,52.0,ZE FILHO,27.0,MAO SANTA,4.0,MAKLANDEL,1.0,,,,,,,,,,,,,,,,,,,,,,
https://www.45graus.com.br/politica/antena-10-deve-divulgar-em-breve-pesquisa-para-governo-e-senado,PI-06230/2018,PIAUÍ,PI,0,,,,,,,,,,,,,,,,,,,,,,,,,,,,,,,,,,
https://www.gazetadopovo.com.br/vida-publica/ducci-cresce-fruet-cai-e-uma-tendencia-sem-volta-2xjgmlokiyog3eqo7lrby5172/,PR-00087/2012,CURITIBA,PR,1,P,1.0,,,RATINHO JUNIOR,28.0,LUCIANO DUCCI,27.0,GUSTAVO FRUET,15.0,RAFAEL GRECA,9.0,,,,,,,,,,,,,,,,,,,,,,
https://www.gazetadopovo.com.br/vida-publica/ducci-cresce-fruet-cai-e-uma-tendencia-sem-volta-2xjgmlokiyog3eqo7lrby5172/,PR-00087/2012,CURITIBA,PR,1,P,0.0,,,LUCIANO DUCCI,20.0,RATINHO JUNIOR,18.0,GUSTAVO FRUET,10.0,RAFAEL GRECA,6.0,,,,,,,,,,,,,,,,,,,,,,
https://www.fabiocampana.com.br/2012/09/vox-populi-ratinho-jr-33-ducci-23-fruet-15/,PR-00325/2012,CURITIBA,PR,1,P,1.0,,,RATINHO JUNIOR,33.0,LUCIANO DUCCI,23.0,GUSTAVO FRUET,15.0,RAFAEL GRECA,9.0,BRUNO MEIRINHO,1.0,,,,,,,,,,,,,,,,,,,,
https://issuu.com/jornalofoco/docs/ofoco139_versao_digital/9,RJ-00019/2012,ITAGUAÍ,RJ,1,P,1.0,,,VALLE,20.0,SAULO,17.0,MÁRCIA,16.0,MOTA,8.0,BRITO,2.0,,,,,,,,,,,,,,,,,,,,
"https://www.terra.com.br/noticias/brasil/politica/vox-populi-aponta-vitoria-de-paes-no-1-turno-no-rio,5038cdbb1d86b310VgnCLD200000bbcceb0aRCRD.html",RJ-00055/2012,RIO DE JANEIRO,RJ,1,P,,,,EDUARDO PAES,51.0,MARCELO FREIXO,13.0,RODRIGO MAIA,4.0,OTAVIO LEITE,3.0,ASPASIA CAMARGO,2.0,CYRO GARCIA,1.0,FERNANDO SIQUEIRA,1.0,,,,,,,,,,,,,,,,
https://valor.globo.com/noticia/2012/09/25/vox-populi-mostra-paes-com-56-da-preferencia-no-rio.ghtml,RJ-00117/2012,RIO DE JANEIRO,RJ,1,P,,,,EDUARDO PAES,56.0,MARCELO FREIXO,13.0,RODRIGO MAIA,4.0,OTAVIO LEITE,3.0,ASPASIA CAMARGO,2.0,CYRO GARCIA,1.0,,,,,,,,,,,,,,,,,,
https://blogeugeniofreitas.blogspot.com/2012/09/vox-populli-revela-diferenca-de-6-entre.html,RN-00126/2012,MOSSORÓ,RN,1,P,1.0,,,LARISSA ROSADO,45.0,CLAUDIA REGINA,39.0,JOSUE MOREIRA,2.0,RAIMUNDO NONATO,1.0,,,,,,,,,,,,,,,,,,,,,,
https://blogeugeniofreitas.blogspot.com/2012/09/vox-populli-revela-diferenca-de-6-entre.html,RN-00126/2012,MOSSORÓ,RN,1,P,0.0,,,LARISSA ROSADO,43.0,CLAUDIA REGINA,36.0,JOSUE MOREIRA,1.0,RAIMUNDO NONATO,1.0,,,,,,,,,,,,,,,,,,,,,,
https://oparalelocampestre.blogspot.com/2012/09/pesquisa-vox-populi-aponta-carlos.html,RN-00127/2012,NATAL,RN,1,P,0.0,,,CARLOS EDUARDO,40.0,HERMANO MORAES,13.0,FERNANDO MINEIRO,7.0,ROGÉRIO,4.0,PROFESSOR ROBERIO,1.0,ROBERTO LOPES,0.0,,,,,,,,,,,,,,,,,,
https://oparalelocampestre.blogspot.com/2012/09/pesquisa-vox-populi-aponta-carlos.html,RN-00127/2012,NATAL,RN,1,P,1.0,,,CARLOS EDUARDO,47.0,HERMANO MORAES,17.0,FERNANDO MINEIRO,8.0,ROGÉRIO,5.0,PROFESSOR ROBÉRIO,2.0,ROBERTO LOPES,1.0,,,,,,,,,,,,,,,,,,
https://bezerratim.blogspot.com/2012/10/vox-populinovo-jornalcom-48-das.html,RN-00183/2012,NATAL,RN,1,P,,,,CARLOS EDUARDO,48.0,HERMANO MORAES,12.0,FERNANDO MINEIRO,10.0,ROGÉRIO,9.0,,,,,,,,,,,,,,,,,,,,,,
http://blogcarlossantos.com.br/vox-populi-da-48-para-larissa-e-aponta-42-para-claudia/,RN-00184/2012,MOSSORÓ,RN,1,P,1.0,,,LARISSA ROSADO,48.0,CLAUDIA REGINA,42.0,JOSUE MOREIRA,1.0,RAIMUNDO NONATO,1.0,,,,,,,,,,,,,,,,,,,,,,
http://blogcarlossantos.com.br/vox-populi-da-48-para-larissa-e-aponta-42-para-claudia/,RN-00184/2012,MOSSORÓ,RN,1,P,0.0,,,LARISSA ROSADO,46.0,CLAUDIA REGINA,42.0,JOSUE MOREIRA,1.0,RAIMUNDO NONATO,1.0,,,,,,,,,,,,,,,,,,,,,,
https://www.sul21.com.br/em-destaque/2014/09/dilma-vence-no-rs-e-disputa-para-governador-sera-decidida-no-segundo-turno/,RS-00013/2014,RIO GRANDE DO SUL,RS,1,S,1.0,,,LASTER MARTINS,28.0,OLIVIO DUTRA,27.0,SIMON,14.0,SIMONE LEITE,4.0,CIRO MACHADO,1.0,JULIO FLORES,1.0,,,,,,,,,,,,,,,,,,
https://www.sul21.com.br/em-destaque/2014/09/dilma-vence-no-rs-e-disputa-para-governador-sera-decidida-no-segundo-turno/,RS-00013/2014,RIO GRANDE DO SUL,RS,1,G,1.0,,,ANA AMELIA LEMOS,36.0,TARSO GENRO,26.0,JOSE IVO SARTORI,12.0,VIEIRA DA CUNHA,3.0,,,,,,,,,,,,,,,,,,,,,,
https://www.sul21.com.br/em-destaque/2014/09/dilma-vence-no-rs-e-disputa-para-governador-sera-decidida-no-segundo-turno/,RS-00013/2014,RIO GRANDE DO SUL,RS,1,PR,1.0,,,DILMA ROUSSEFF,38.0,MARINA SILVA,24.0,AECIO NEVES,20.0,,,,,,,,,,,,,,,,,,,,,,,,
https://eleicoes.uol.com.br/2012/noticias/2012/05/09/vox-populi-jose-fortunati-tem-38-e-manuela-davila-31-em-porto-alegre.htm,RS-00016/2012,PORTO ALEGRE,RS,1,P,0.0,,,JOSE FORTUNATI,13.0,MANUELA D'AVILA,7.0,,,,,,,,,,,,,,,,,,,,,,,,,,
https://eleicoes.uol.com.br/2012/noticias/2012/05/09/vox-populi-jose-fortunati-tem-38-e-manuela-davila-31-em-porto-alegre.htm,RS-00016/2012,PORTO ALEGRE,RS,1,P,1.0,,,JOSE FORTUNATI,38.0,MANUELA D'AVILA,31.0,,,,,,,,,,,,,,,,,,,,,,,,,,
"https://www.terra.com.br/noticias/brasil/politica/rs-vox-populi-confirma-empate-tecnico-entre-fortunati-e-manuela,0148c74d6666b310VgnCLD200000bbcceb0aRCRD.html",RS-00096/2012,PORTO ALEGRE,RS,1,P,0.0,,,JOSE FORTUNATI,27.0,MANUELA D'AVILA,24.0,ADAO VILLAVERDE,6.0,ROBERTO ROBAINA,1.0,,,,,,,,,,,,,,,,,,,,,,
"https://www.terra.com.br/noticias/brasil/politica/rs-vox-populi-confirma-empate-tecnico-entre-fortunati-e-manuela,0148c74d6666b310VgnCLD200000bbcceb0aRCRD.html",RS-00096/2012,PORTO ALEGRE,RS,1,P,1.0,,,JOSE FORTUNATI,34.0,MANUELA D'AVILA,32.0,ADAO VILLAVERDE,9.0,ROBERTO ROBAINA,1.0,,,,,,,,,,,,,,,,,,,,,,
"https://www.terra.com.br/noticias/brasil/politica/vox-populi-fortunati-sobe-de-34-para-50-em-porto-alegre,b378c74d6666b310VgnCLD200000bbcceb0aRCRD.html",RS-00222/2012,PORTO ALEGRE,RS,1,P,,,,JOSE FORTUNATI,34.0,MANUELA D'AVILA,23.0,ADAO VILLAVERDE,8.0,ROBERTO ROBAINA,2.0,WAMBERT DI LORENZO,1.0,,,,,,,,,,,,,,,,,,,,
http://www.eleitoralbrasil.com.br/uploads/files/02_-_decisao_liminar.pdf,SC-09318/2018,SANTA CATARINA,SC,1,,,1.0,,,,,,,,,,,,,,,,,,,,,,,,,,,,,,,
https://a8se.com/politica/noticia/2014/08/36481-tv-atalaia-divulga-pesquisa-sobre-intencao-de-voto-do-eleitorado-sergipano.html,SE-00010/2014,SERGIPE,SE,1,S,1.0,,,MARIA DO CARMO,53.0,ROGERIO,10.0,PROFESSOR MARQUES,3.0,LEANDRO,2.0,BILA,1.0,,,,,,,,,,,,,,,,,,,,
https://a8se.com/politica/noticia/2014/08/36481-tv-atalaia-divulga-pesquisa-sobre-intencao-de-voto-do-eleitorado-sergipano.html,SE-00010/2014,SERGIPE,SE,1,G,1.0,,,JACKSON BARRETO,36.0,EDUARDO AMORIM,34.0,PROFESSORA SONIA MEIRE,4.0,BETINHO,1.0,AIRTON DA CGTB,0.0,,,,,,,,,,,,,,,,,,,,
https://itnet.com.br/noticia/24828/dilma-lidera-pesquisa-em-sergipe-seguida-de-marina,SE-00019/2014,BRASIL,BR,1,PR,,,,DILMA ROUSSEFF,47.0,MARINA SILVA,30.0,AECIO NEVES,6.0,PASTOR EVERALDO,3.0,,,,,,,,,,,,,,,,,,,,,,
https://itnet.com.br/noticia/25181/maria-do-carmo-mant-m-lideran-a-para-o-senado-na-pesquisa-vox-populi,SE-00040/2014,SERGIPE,SE,1,S,,,,MARIA DO CARMO,38.0,ROGERIO CARVALHO,27.0,PROFESSOR MARQUES,2.0,LEANDRO,2.0,BILA,2.0,,,,,,,,,,,,,,,,,,,,
https://itnet.com.br/noticia/25181/maria-do-carmo-mant-m-lideran-a-para-o-senado-na-pesquisa-vox-populi,SE-00040/2014,SERGIPE,SE,1,PR,,,,DILMA ROUSSEFF,49.0,MARINA SILVA,24.0,AECIO NEVES,13.0,,,,,,,,,,,,,,,,,,,,,,,,
https://www.dipusevilla.es/export/bop/201204/21.pdf,SE-00087/2012,ARACAJU,SE,0,,,,,,,,,,,,,,,,,,,,,,,,,,,,,,,,,,
https://reginamaurazetone.blogspot.com/,SP-00008/2012,SÃO CAETANO DO SUL,SP,1,P,1.0,,,PAULO PINHEIRO,34.0,REGINA MAURA,28.0,EDGAR NOBREGA,7.0,,,,,,,,,,,,,,,,,,,,,,,,
https://reginamaurazetone.blogspot.com/,SP-00008/2012,SÃO CAETANO DO SUL,SP,1,P,0.0,,,REGINA MAURA ZETONE,12.0,PAULO PINHEIRO,8.0,JOSE AURICCHIO,1.0,,,,,,,,,,,,,,,,,,,,,,,,
https://www.yumpu.com/pt/document/view/24908751/pagina-01pmd-jornal-abc-reparter,SP-00091/2012,SANTO ANDRÉ,SP,1,P,,,,AIDAN RAVIN,24.0,CARLOS GRANA,23.0,,,,,,,,,,,,,,,,,,,,,,,,,,
https://cesartayar.blogspot.com/2012/08/protesto-contra-miguel-haddad_1845.html,SP-00192/2012,JUNDIAÍ,SP,0,,,,,,,,,,,,,,,,,,,,,,,,,,,,,,,,,,
https://abcreporter.com.br/2016/08/22/Pesquisa-Vox-Populi-de-intencao-de-voto-em-S-Andre-mostra-empate-entre-Aidan-Grana-e-Serra/,SP-00454/2016,SANTO ANDRÉ,SP,1,P,1.0,,,AIDAN RAVIN,17.0,CARLOS GRANA,14.0,PAULINHO SERRA,9.0,RAIMUNDO SALLES,6.0,AITON LIMA,3.0,RICARDO ALVAREZ,2.0,RAFAEL DANIEL,1.0,FABIO PPICARELLI,1.0,,,,,,,,,,,,,,
https://ultimosegundo.ig.com.br/politica/2012-08-29/russomanno-lidera-com-31-serra-tem-22-e-haddad-14-aponta-datafolha.html,SP-00589/2012,SÃO PAULO,SP,1,P,,,,CELSO RUSSOMANNO,31.0,JOSE SERRA,22.0,FERNANDO HADDAD,14.0,GABRIEL CHALITA,5.0,SONINHA FRANCINE,4.0,PAULINHO DA FORÇA,2.0,,,,,,,,,,,,,,,,,,
"https://www.terra.com.br/noticias/brasil/politica/vox-populi-mostra-vantagem-de-candidato-do-psb-em-campinas,4a4edf0a2566b310VgnCLD200000bbcceb0aRCRD.html",SP-00590/2012,CAMPINAS,SP,1,P,0.0,,,JONAS DONIZETTE,33.0,PEDRO SERAFIM,10.0,MARCIO POCHMANN,2.0,SILVIA FERRARO,1.0,,,,,,,,,,,,,,,,,,,,,,
"https://www.terra.com.br/noticias/brasil/politica/vox-populi-mostra-vantagem-de-candidato-do-psb-em-campinas,4a4edf0a2566b310VgnCLD200000bbcceb0aRCRD.html",SP-00590/2012,CAMPINAS,SP,1,P,1.0,,,JONAS DONIZETTE,47.0,PEDRO SERAFIM,13.0,MARCIO POCHMANN,5.0,SILVIA FERRARO,1.0,ROGERIO MENEZES,1.0,,,,,,,,,,,,,,,,,,,,
https://www.conjur.com.br/dl/tre-sp-proibe-vox-populi-divulgar.pdf,SP-00698/2018,SÃO PAULO,SP,1,,,1.0,,,,,,,,,,,,,,,,,,,,,,,,,,,,,,,
https://issuu.com/thiagoquirino8/docs/acontece48,SP-01031/2012,RIBEIRÃO PIRES,SP,1,P,1.0,,,SAULO BENEVIDES,29.0,DEDE DA FOLHA,21.0,MARIA INES SOARES,17.0,ALBERTO TICIANELLI,,,,,,,,,,,,,,,,,,,,,,,
"https://www.terra.com.br/noticias/brasil/politica/vox-populi-russomanno-lidera-serra-e-haddad-empatam-no-2-lugar,e3e99782ac66b310VgnCLD200000bbcceb0aRCRD.html",SP-01066/2012,SÃO PAULO,SP,1,PR,,,,CELSO RUSSOMANNO,34.0,JOSE SERRA,17.0,HADDAD,17.0,GABRIEL CHALITA,5.0,SONINHA FRANCINE,2.0,,,,,,,,,,,,,,,,,,,,
https://www.yumpu.com/pt/document/view/12937284/pagina-01pmd-jornal-abc-reporter,SP-01523/2012,SÃO CAETANO DO SUL,SP,1,P,1.0,,,PAULO PINHEIRO,50.0,REGINA MAURA,30.0,FERNANDO TURCO,2.0,,,,,,,,,,,,,,,,,,,,,,,,
https://www.yumpu.com/pt/document/view/12937284/pagina-01pmd-jornal-abc-reporter,SP-01523/2012,SÃO CAETANO DO SUL,SP,1,P,0.0,,,PAULO PINHEIRO,47.0,REGINA MAURA,26.0,FERNANDO TURCO,1.0,,,,,,,,,,,,,,,,,,,,,,,,
http://www.saocaetanodigital.com.br/auricchio-lidera-pesquisa-vox-populi-para-prefeito-de-sao-caetano/,SP-06805/2016,SÃO CAETANO DO SUL,SP,1,P,1.0,,,AURICCHIO,29.0,PAULO PINHEIRO,12.0,GILBERTO COSTA,9.0,FABIO PALACIO,7.0,LUCIA DA'MAS,4.0,PADUA TORTOCELLO,2.0,,,,,,,,,,,,,,,,,,
http://www.saocaetanodigital.com.br/auricchio-lidera-pesquisa-vox-populi-para-prefeito-de-sao-caetano/,SP-06805/2016,SÃO CAETANO DO SUL,SP,1,P,0.0,,,AURICCHIO,18.0,PAULO PINHEIRO,8.0,GILBERTO COSTA,4.0,FABIO PALACIO,4.0,LUCIA DA'MAS,2.0,PADUA TORTOCELLO,1.0,APARECIDO VIANA,0.0,,,,,,,,,,,,,,,,
https://www.slideshare.net/diariodocentrodomundo/pesquisa-cutvox-populi-de-3-de-outubro-de-2018-em-so-paulo,SP-07384/2018,SÃO PAULO,SP,1,PR,0.0,,,JAIR BOLSONARO,28.0,FERNANDO HADDAD,17.0,GERALDO ALCKMIN,8.0,CIRO GOMES,6.0,JOAO AMOEDO,2.0,MARINA SILVA,1.0,HENRIQUE MEIRELLES,1.0,GUILHERME BOUOLOS,1.0,LULA,1.0,CABO DACIOLO,1.0,,,,,,,,,,
https://www.slideshare.net/diariodocentrodomundo/pesquisa-cutvox-populi-de-3-de-outubro-de-2018-em-so-paulo,SP-07384/2018,SÃO PAULO,SP,1,PR,1.0,,,JAIR BOLSONARO,30.0,FERNANDO HADDAD,19.0,GERALDO ALCKMIN,10.0,CIRO GOMES,7.0,MARINA SILVA,2.0,JOÃO AMOEDO,1.0,HENRIQUE MEIRELLES,1.0,GUILHERME BOUOLOS,1.0,ALVARO DIAS,1.0,,,,,,,,,,,,
https://www.slideshare.net/diariodocentrodomundo/pesquisa-cutvox-populi-de-3-de-outubro-de-2018-em-so-paulo,SP-07384/2018,SÃO PAULO,SP,1,G,1.0,,,PAULO SKAFF,16.0,JOAO DORIA,15.0,MARCIO FRANCA,11.0,LUIZ MARNHO,8.0,MAJOR COSTA E SILVA,2.0,PROFESSORA LISETE,2.0,,,,,,,,,,,,,,0.0,,,,
https://www.slideshare.net/diariodocentrodomundo/pesquisa-cutvox-populi-de-3-de-outubro-de-2018-em-so-paulo,SP-07384/2018,SÃO PAULO,SP,1,S,0.0,,,EDUARDO SUPLICY,13.0,MAJOR OLIMPIO,7.0,MARA GABRILLI,6.0,JILMAR TATTO,4.0,MAURREN MAGGI,4.0,TRIPOLI,3.0,MARIO COVAS NETO,3.0,CIDINHA,2.0,ANTONIO NETO,1.0,DIOGO DA LUZ,1.0,EDUCADOR DANIEL CARA,1.0,MARCELO BARBIERI,1.0,PROFESSORA SILVIA FERRARO,1.0,,,,
https://www.slideshare.net/diariodocentrodomundo/pesquisa-cutvox-populi-de-3-de-outubro-de-2018-em-so-paulo,SP-07384/2018,SÃO PAULO,SP,1,G,0.0,,,JOAO DORIA,11.0,PAULO SKAF,11.0,MARCIO FRANCA,8.0,LUIZ MARNHO,6.0,MAJOR COSTA E SILVA,1.0,PROFESSORA LISETE,1.0,,,,,,,,,,,,,,0.0,,,,
https://www.slideshare.net/diariodocentrodomundo/pesquisa-cutvox-populi-de-3-de-outubro-de-2018-em-so-paulo,SP-07384/2018,SÃO PAULO,SP,1,S,1.0,,,EDUARDO SUPLICY,17.0,MAJOR OLIMPIO,10.0,MARA GABRILLI,10.0,TRIPOLI,6.0,JILMAR TATTO,6.0,MARIO COVAS NETO,5.0,MAURREN MAGGI,5.0,CIDINHA,3.0,DIOGO DA LUZ,2.0,EDUARDO CARA,2.0,ANTONIO NETO,1.0,PROFESSORA SILVIA FERRA,1.0,DRA ELIANA FERREIRA,1.0,MARCELO BARBIERI,1.0,JAIR ANDRONI,1.0
http://www.saocaetanodigital.com.br/pesquisa-vox-populi-auricchio-continua-na-lideranca/,SP-09048/2016,SÃO CAETANO DO SUL,SP,1,P,0.0,,,AURICCHIO,22.0,PAULO PINHEIRO,12.0,FABIO PALACIO,5.0,GILBERTO COSTA,2.0,LUCIA DA'MAS,1.0,,,,,,,,,,,,,,,,,,,,
http://www.saocaetanodigital.com.br/pesquisa-vox-populi-auricchio-continua-na-lideranca/,SP-09048/2016,SÃO CAETANO DO SUL,SP,1,P,1.0,,,AURICCHIO,50.0,PAULO PINHEIRO,24.0,FABIO PALACIO,9.0,GILBERTO COSTA,7.0,PADUA TORTORELLO,5.0,LUCIA DAL'MAS,3.0,APARECIDO OVIANA,1.0,MARCIO DELLA BELLA,1.0,,,,,,,,,,,,,,
https://pesquisanaamazonia.blogspot.com/2014/09/cenario-das-pesquisas-eleitorais-na.html,TO-00015/2014,TOCANTINS,TO,1,G,,,,MARCELO MIIRANDA,52.0,SANDOVAL CARDOSO,22.0,ATAIDES OLIVEIRA,2.0,JOAQUIM ROCHA,1.0,POTENGY,0.0,LUIS CLAUDIO,0.0,,,,,,,,,,,,,,,,,,
https://pesquisanaamazonia.blogspot.com/2014/09/cenario-das-pesquisas-eleitorais-na.html,TO-00015/2014,TOCANTINS,TO,1,S,,,,KATIA ABREU,44.0,EDUARDO GOMES,13.0,SARGENTO ARAGAO,11.0,JOEL MATOS,1.0,CELÇA,0.0,ELVIO QUIRINO,0.0,,,,,,,,,,,,,,,,,,
https://pesquisanaamazonia.blogspot.com/2014/09/cenario-das-pesquisas-eleitorais-na.html,TO-00015/2014,TOCANTINS,TO,1,PR,,,,DILMA ROUSSEFF,50.0,AECIO NEVES,17.0,EDUARDO CAMPOS,9.0,PASTOR EVERALDO,2.0,EDUARDO JORGE,1.0,ZÉ MARIA,0.0,LEVY FIDELIX,0.0,LUCIANA GENRO,0.0,RUI COSTA PIMENTA,0.0,EYMAEL,0.0,MAURO IASI,0.0,,,,,,,,
