info_muni,candidate,correction
AÇAILÂNDIA,ALUISIO SOUSA,
AÇAILÂNDIA,DR BENJAMIM,
AÇAILÂNDIA,DR SILVIO VIEIRA,
AÇAILÂNDIA,JARDEL BOM JARDIM,
AÇAILÂNDIA,LUIZA FRIAGRO,
AÇAILÂNDIA,MALAQUIAS JUNIOR,
AÇAILÂNDIA,PROFESSOR MILTON,
AÇAILÂNDIA,SERGIO VIEIRA,
AÇAILÂNDIA,SILVANA SILVESTRE,
AFONSO CUNHA,ARQUIMEDES,
AFONSO CUNHA,CLAUDIA BACELAR,
AFONSO CUNHA,FLORIANO,
AFONSO CUNHA,MARIO BACELAR,
AFONSO CUNHA,ZE LEANE,
ALEGRETE DO PIAUÍ,LILA,
ALEGRETE DO PIAUÍ,MANOEL FILHO,
ALFENAS,AMADEU PELOSO,
ALFENAS,DECIO PAULINO,
ALFENAS,JOVANE JUNIOR,
ALFENAS,KATIA GOYATA,
ALFENAS,LUIZINHO,
ALFENAS,MARQUINHO SUS,
ALFENAS,PADRE WALDEMILSON,
ALFENAS,PEDRINHO,PEDRINHO MINAS ACONTECE
ALFENAS,PEDRINHO MINAS ACONTECE,
ALFENAS,POMPILIO,
ALFENAS,TONINHO MUNHOZ,
ALFENAS,WALDEMILSON,PADRE WALDEMILSON
ALPINÓPOLIS,JULIO BATATINHA,
ALPINÓPOLIS,LEO POSTO,
ALPINÓPOLIS,RAFAEL FREIRE,
ALPINÓPOLIS,ZE ACACIO,
ALTO ALEGRE DO PINDARÉ,ATENIR,
ALTO ALEGRE DO PINDARÉ,CLAUDIO,
ALTO ALEGRE DO PINDARÉ,FUFUCA,
ALTO ALEGRE DO PINDARÉ,NETINHO,
ALTO ALEGRE DO PINDARÉ,VILENE,
ALTO SANTO,ADELMO AQUINO,
ALTO SANTO,IRIS GADELHA,
ALTO SANTO,JOSE JOENI,
ALTOS,CARLINHOS LEAL,
ALTOS,MARCIO FONTENE,
ALTOS,MAXWELL MARINHA,
ALTOS,NETO DELMIRO,
AMAPÁ DO MARANHÃO,ALINE LACERDA,
AMAPÁ DO MARANHÃO,NELENE GOMES,
ANANINDEUA,BETO ANDRADE,
ANANINDEUA,CAPITAO MARCONY,
ANANINDEUA,CARLITO BEGOT,
ANANINDEUA,DR DANIEL,
ANANINDEUA,JEFFERSON LIMA,
ANANINDEUA,MIRO SANOVA,
ANANINDEUA,NEWTON PT,
ANASTÁCIO,ADRIANA ELIAS DETRAN,
ANASTÁCIO,DINHO VITAL,
ANASTÁCIO,DOUGLAS FIGUEIREDO,
ANASTÁCIO,MARCOS RONDON,
ANASTÁCIO,NILDO ALVES,
ANASTÁCIO,RICARDO CARPEJANI,
AQUIDAUANA,FAUZE SULEIMAN,
AQUIDAUANA,JOAQUIM PASSOS,
AQUIDAUANA,ODILON,ODILON RIBEIRO
AQUIDAUANA,ODILON RIBEIRO,
AQUIDAUANA,SELMA SULEIMAN,
AQUIDAUANA,VIVIANE ORRO,
AQUIDAUANA,YOUSSEF SALIBA,
ARACAJU,ALMEIDA LIMA,
ARACAJU,DANIELLE GARCIA,
ARACAJU,DELEGADA DANIELE GARCIA,DANIELLE GARCIA
ARACAJU,DELEGADA GEORLIZE,
ARACAJU,EDVALDO NOGUEIRA,
ARACAJU,EMILIA CORREIA,
ARACAJU,GILMAR CARVALHO,
ARACAJU,LUCIO FLAVIO,
ARACAJU,MARCIO MACEDO,
ARACAJU,PAULO MARCIO,
ARACAJU,RODRIGO VALADARES,
ARACAJU,VALADARES FILHO,
ARAUCÁRIA,ALBANOR ZEZE,
ARAUCÁRIA,HISSAM,
ARAUCÁRIA,ZEZE,ALBANOR ZEZE
ASSUNÇÃO DO PIAUÍ,JACKSON,
ASSUNÇÃO DO PIAUÍ,NETINHO,
BACABAL,CESAR BRITO,
BACABAL,CORONEL EGIDIO,
BACABAL,EDVAN BRANDAO,
BACABAL,ESTAFANIO,
BACABAL,EXPEDITO JUNIOR,
BACABAL,JANSEN PENHA,
BACABAL,LEINHA,
BARÃO DE GRAJAÚ,ANTONIO CARLOS RESENDE,
BARÃO DE GRAJAÚ,CLAUDIME LIMA,
BARRA DA ESTIVA,BICO,
BARRA DA ESTIVA,DINHO,
BARRA DA ESTIVA,JOAO DIDI,
BARRA DE SÃO MIGUEL,ANGELA GALEGA,
BARRA DE SÃO MIGUEL,BIU LIRA,
BARRA DE SÃO MIGUEL,JOAO AMARAL,
BARRA DE SÃO MIGUEL,LUZIANE,
BARRA DE SÃO MIGUEL,MANA,
BARRA DE SÃO MIGUEL,PASTOR SILAS,
BARRA DE SÃO MIGUEL,REGINHO,
BARRA DE SÃO MIGUEL,TACIANA FERRO,
BARRA DO CORDA,ADAO NUNES,
BARRA DO CORDA,DR ADRIANO,
BARRA DO CORDA,GIL LOPES,
BARRA DO CORDA,MARCOS UNILLAR,
BARRA DO CORDA,RAIMUNDO CARVALHO,
BARRA DO CORDA,REINALDO ANDRADE,
BARRA DO CORDA,RIGO TELES,
BARRA DO CORDA,VITALZINHO,
BARRA DO GARÇAS,ADILSON GONCALVES,
BARRA DO GARÇAS,DOMINGOS SAVIO,
BARRA DO GARÇAS,EDIVALDO PEREIRA,EDVALDO PEREIRA
BARRA DO GARÇAS,EDVALDO PEREIRA,
BARRA DO GARÇAS,PAULO RAYE,
BARRA DO GARÇAS,ROBERTO FARIAS,
BARRA DO GARÇAS,SANDRO CATHEDRAL,
BARRA DO GARÇAS,SANDRO SAGGIN,
BARRA DO GARÇAS,WELINGTON MARCOS,
BARRA DO GARÇAS,WENDEL LACERDA,
BARRAS,CARLOS MONTE,
BARRAS,EDILSON CAPOTE,
BARRAS,MANIN REGO,
BARRAS,MANINHO REGO,MANIN REGO
BARRAS,VINICIO MARQUES,
BARRAS,VINICIUS MARQUES,VINICIO MARQUES
BARRAS,WILSON,
BELÉM,ARNALDO JORDY,
BELÉM,CASSIO ANDRADE,
BELÉM,EDER MAURO,
BELÉM,EDMILSON RODRIGUES,
BELÉM,SIMAO JATENE,
BELÉM,THIAGO ARAUJO,
BELÉM,URSULA VIDAL,
BELO HORIZONTE,ALEXANDRE KALIL,
BELO HORIZONTE,ANDRE JANONES,
BELO HORIZONTE,AUREA CAROLINA,
BELO HORIZONTE,BEATRIZ CERQUEIRA,
BELO HORIZONTE,BRUNO ENGLER,
BELO HORIZONTE,EROS BIONDINI,
BELO HORIZONTE,GABRIEL AZEVEDO,
BELO HORIZONTE,JOAO VITOR XAVIER,
BELO HORIZONTE,MATEUS SIMOES,
BELO HORIZONTE,MATHEUS SIMOES,MATEUS SIMOES
BELO HORIZONTE,MAURO TRAMONTE,
BELO HORIZONTE,NILMARIO MIRANDA,
BELO HORIZONTE,PATRUS ANANIAS,
BELO HORIZONTE,PROFESSOR WENDEL,
BELO HORIZONTE,REGINALDO LOPES,
BELO HORIZONTE,RODRIGO PAIVA,
BELO HORIZONTE,VANESSA PORTUGAL,
BELO MONTE,ANTONIO CINTRA,
BELO MONTE,AVANIO FEITOSA,
BELO MONTE,DALMINHO,
BELO MONTE,VAL SANTANA,
BELTERRA,ARIELTON SILVA,
BELTERRA,DR MACEDO,
BELTERRA,DR MARCEDO,DR MACEDO
BELTERRA,JR ROCHA,VEREADOR JUNIOR ROCHA
BELTERRA,MILTON ALMADA,
BELTERRA,OTI ANTOS,OTI SANTOS
BELTERRA,ULISES,ULISSES
BELTERRA,ULISSES,
BELTERRA,VEREADOR JUNIOR ROCHA,
BERNARDINO BATISTA,EDOMARQUES,
BERNARDINO BATISTA,GERVAZIO GOMES,
BERNARDINO BATISTA,MARQUINHOS,
BERNARDINO BATISTA,RUY,
BONFINÓPOLIS,DIENES,
BONFINÓPOLIS,HERMES,
BONFINÓPOLIS,LUCAS GALDINO,
BONFINÓPOLIS,MUSQUITO,
BONFINÓPOLIS,PROFESSOR KELTON,
BONFINÓPOLIS,RENATO DAMATA,
BONFINÓPOLIS,ZE PAULINO,
BRASILEIRA,ALAN JUCIE,
BRASILEIRA,CARMEN GEAN,
BRASILEIRA,MESSIAS,
BRASILEIRA,PATRICIA PIMENTAL,
BREJO,IDENILDE,IDENILDE VIEIRA
BREJO,IDENILDE VIEIRA,
BREJO,OLIVIA,OLIVIA CALDAS
BREJO,OLIVIA CALDAS,
BREJO,ZE FARIAS,
CABEDELO,ANDRE LIMA,
CABEDELO,MARCOS PATRICIO,
CABEDELO,MORGANA MACENA,
CABEDELO,MURILO GALDINO,
CABEDELO,NENO,
CABEDELO,VITOR HUGO,
CABO DE SANTO AGOSTINHO,ANTONIO RESENDE,
CABO DE SANTO AGOSTINHO,ELIAS GOMES,
CABO DE SANTO AGOSTINHO,KEKO ARMAZEM,
CABO DE SANTO AGOSTINHO,LULA CABRAL,
CABO DE SANTO AGOSTINHO,VADO FARMACIA,
CACHOEIRO DE ITAPEMIRIM,DIEGO LIBARDI,
CACHOEIRO DE ITAPEMIRIM,FABRICIO ZUMBI,
CACHOEIRO DE ITAPEMIRIM,FAYDA BELO,
CACHOEIRO DE ITAPEMIRIM,JOANA D'ARCK,
CACHOEIRO DE ITAPEMIRIM,JONAS NOGUEIRA,
CACHOEIRO DE ITAPEMIRIM,JOVELINO SCHIAVO,
CACHOEIRO DE ITAPEMIRIM,PROFESSOR BRENO,
CACHOEIRO DE ITAPEMIRIM,RENATA FIORIO,
CACHOEIRO DE ITAPEMIRIM,VICTOR COELHO,
CAFARNAUM,SUELI FERNANDES,
CAFARNAUM,WILSON,
CAIAPÔNIA,ADAO NAZIR FILHO,
CAIAPÔNIA,ARGEMIRO RODRIGUES,
CAIAPÔNIA,CAIO LIMA,
CAIAPÔNIA,CARMEN LUCIA,
CAIAPÔNIA,EDINHO,
CAIAPÔNIA,LARI,
CAIAPÔNIA,WALERIO RODRIGUES,
CAICÓ,ARTHUR MAYNARD,
CAICÓ,BATATA,
CAICÓ,DIEGO VALE,
CAICÓ,FRANCISCO OLIVEIRA,
CAICÓ,RANGEL,
CAICÓ,SARGENTO ALEXANDRE,
CAICÓ,TADEU,
CALDAS NOVAS,AMAURI RIBEIRO,
CALDAS NOVAS,ARLINDO,
CALDAS NOVAS,CORONEL BELLELI,
CALDAS NOVAS,DR JOAQUIM,
CALDAS NOVAS,EVANDO CRUZ,
CALDAS NOVAS,FLAVIO CANEDO,
CALDAS NOVAS,GIZELIA CUSTODIO,
CALDAS NOVAS,JOSE ARAUJO,
CALDAS NOVAS,KLEBER MARRA,
CALDAS NOVAS,MAGDA MOFATTO,
CALDAS NOVAS,SILIO JUNQUEIRA,
CALDEIRÃO GRANDE,CANDINHO GUIRRA,
CALDEIRÃO GRANDE,NETINHO GAMA,
CAMAÇARI,ANTONIO CARLOS SOARES,
CAMAÇARI,ANTONIO ELINALDO,
CAMAÇARI,ELINALDO,ANTONIO ELINALDO
CAMAÇARI,ELINALDO ARAUJO,ANTONIO ELINALDO
CAMAÇARI,FABIO LIMA,
CAMAÇARI,IVONEIDE CAETANO,
CAMAÇARI,OZIEL,
CAMAÇARI,PEDRINHO PEDRAO,
CAMAÇARI,SOCRATES,
CAMPINA GRANDE,ANA CLAUDIA VITAL REGO,
CAMPINA GRANDE,ARTUR BOLINHA,
CAMPINA GRANDE,BRUNO CUNHA LIMA,
CAMPINA GRANDE,FABIO MAIA,
CAMPINA GRANDE,INACIO FALCAO,
CAMPINA GRANDE,LUCAS RIBEIRO,
CAMPINA GRANDE,TATIANA,
CAMPINA GRANDE,TOVAR CORREIA LIMA,
CAMPINAS,ARTUR ORSI,
CAMPINAS,CARLOS SAMPAIO,
CAMPINAS,DARIO SAADI,
CAMPINAS,DELEGADA TERESINHA,
CAMPINAS,DR HELIO,
CAMPINAS,JUAN QUIROS,
CAMPINAS,MARCIO POCHMANN,
CAMPINAS,RAFA ZIMBALDI,
CAMPO GRANDE,ALCIDES BERNAL,
CAMPO GRANDE,ANDRE PUCCINELLI,
CAMPO GRANDE,CABO ALMI,
CAMPO GRANDE,CAPITAO CONTAR,
CAMPO GRANDE,CARLOS ALBERTO ASSIS,
CAMPO GRANDE,CORONEL DAVID,
CAMPO GRANDE,CRIS DUARTE,
CAMPO GRANDE,DAGOBERTO,DAGOBERTO NOGUEIRA
CAMPO GRANDE,DAGOBERTO NOGUEIRA,
CAMPO GRANDE,DELCIDIO AMARAL,
CAMPO GRANDE,ESACHEU NASCIMENTO,
CAMPO GRANDE,HENRIQUE MANDETTA,
CAMPO GRANDE,JUIZ ODILON,
CAMPO GRANDE,LUCAS LIMA,
CAMPO GRANDE,MARCELO BLUMA,
CAMPO GRANDE,MARCELO MIGLIOLI,
CAMPO GRANDE,MARCELO MIGLIOLLI,MARCELO MIGLOLI
CAMPO GRANDE,MARCIO FERNANDES,
CAMPO GRANDE,MARQUINHOS TRAD,
CAMPO GRANDE,PAULO MATOS,
CAMPO GRANDE,PEDRO KEMP,
CAMPO GRANDE,RICARDO AYACHE,
CAMPO GRANDE,ROSE MODESTO,
CAMPO GRANDE,SERGIO HARFOUCHE,
CAMPO GRANDE,TATIANA UJACOW,
CAMPO GRANDE,ZECA PT,
CAMPO MAIOR,DEVAN EUGENIO,
CAMPO MAIOR,FERNANDO MIRANDA,
CAMPO MAIOR,JOAOZINHO,JOAOZINHO FELIX
CAMPO MAIOR,JOAOZINHO FELIX,
CAMPO MAIOR,PAULO MARTINS,
CAMPO MAIOR,PROFESSOR RIBINHA,
CAMPO MAIOR,RIBINHA,PROFESSOR RIBINHA
CANAÃ DOS CARAJÁS,ARILDO NERES,
CANAÃ DOS CARAJÁS,AUGUSTO,
CANAÃ DOS CARAJÁS,GESIEL,
CANAÃ DOS CARAJÁS,JEAN CARLOS,
CANAÃ DOS CARAJÁS,JOSEMIRA,
CANAÃ DOS CARAJÁS,ZE BATISTA,
CANAPI,MADSON PAULINO,
CANAPI,MARCIO MARTINS,
CANAPI,VINICIUS,
CAPELA,ADALTO SUKITA,
CAPELA,EZEQUIEL,
CAPELA,SILVANY,
CAPELA,SUKITA,
CAPITÃO DE CAMPOS,MOISES BARBOSA,
CAPITÃO DE CAMPOS,TIM MEDEIROS,
CAPITÓLIO,ADRIANO CICI,
CAPITÓLIO,TONINHO MASSARECO,
CAPITÓLIO,VANDINHO,
CAPITÓLIO,ZE BETIO,
CAPIVARI,ALEXANDRE BANDIERA,
CAPIVARI,BRUNO BARNABE,
CAPIVARI,EDER,
CAPIVARI,MARCIO MOREIRA,
CAPIVARI,MATEUS SACARSO,
CAPIVARI,PEDRO BOARETO,
CAPIVARI,TAMBUZINHO,
CAPIVARI,VITAO RICCOMINI,
CARATINGA,DR WELLINGTON,
CARATINGA,JOAO BOSCO,
CARATINGA,JOSE MUGANGO,
CARATINGA,PEDRO LEITAO,
CARATINGA,ROMINHO COSTA,
CARATINGA,SILVIO ARAUJO,
CAREIRO,DOUGLAS PIU PIU,
CAREIRO,JOEL LOBO,
CAREIRO,NATHAN MACENA,
CAREIRO,NELSINHO,
CAREIRO,NENEM IGAPO,
CAREIRO,PROF JERRIMAR,
CAREIRO,TAY LIRA,
CAREIRO DA VÁRZEA,KEDSON ARAUJO,
CAREIRO DA VÁRZEA,LUIS AUGUSTO SILVA,
CAREIRO DA VÁRZEA,PEDRO GUEDES,
CAREIRO DA VÁRZEA,RAMIRO,
CARMO,MEMEL,
CARMO,SERGIO SOARES,
CARMO DO RIO CLARO,ANGELA VITOR,
CARMO DO RIO CLARO,FELIPE CARIELO,
CARMO DO RIO CLARO,JOAO PAULO CASTRO,
CARMO DO RIO CLARO,JOAOZINHO BORGES,
CARMO DO RIO CLARO,JULIANO PAO QUEIJO,
CARMO DO RIO CLARO,JUNINHO NICOLAU,
CARMO DO RIO CLARO,LUCAS CARIELO,
CARMO DO RIO CLARO,TIAO NARA,
CARNEIROS,GENIVALDO AGRA,
CARNEIROS,GERALDO FILHO,
CARNEIROS,RONI,
CARUARU,DELEGADO LESSA,ERICK LESSA
CARUARU,ERICK LESSA,
CARUARU,JORNALISTA FERNANDO RODOLFO,
CARUARU,RAFFIE DELLON,
CARUARU,RAQUEL LYRA,
CARUARU,TONY GEL,
CARUARU,ZE QUEIROZ,
CASTELÂNDIA,EDNALDO ANDRADE MIGUEL,
CASTELÂNDIA,MARCOS ANTONIO,
CASTRO ALVES,CLOVES,
CASTRO ALVES,GLEISON,
CASTRO ALVES,THIANCLE,
CATURAMA,HUGO MENDONCA,
CATURAMA,PAULO MENDONCA,
CAXIAS,ADELMO SOARES,
CAXIAS,ARNALDO,PROF ARNALDO RODRIGUES
CAXIAS,CESAR SABA,
CAXIAS,CLEIDE COUTINHO,
CAXIAS,FABIO GENTIL,
CAXIAS,JUNIOR MARTINS,
CAXIAS,LEO COUTINHO,
CAXIAS,LUIS CARLOS MOURA,
CAXIAS,PAULO MARINHO JUNIOR,
CAXIAS,PROF ARNALDO RODRIGUES,
CAXIAS,THAIS COUTINHO,
CAXIAS,TINO CASTRO,
CEARÁ-MIRIM,JACIO PRAXEDES,
CEARÁ-MIRIM,JULIO CESAR,
CEARÁ-MIRIM,OZENIR PEIXOTO,
CEARÁ-MIRIM,RONALDO VENANCIO,
CENTENÁRIO DO SUL,CAIO PAZZOTTI,
CENTENÁRIO DO SUL,EDNILSON JULIO CORREIO,
CENTENÁRIO DO SUL,JUNIOR TAVIAN,
CENTENÁRIO DO SUL,PERPETUA,
CEREJEIRAS,CHICAO BANCO,
CEREJEIRAS,JOAOZINHO GRAFICA,
CEREJEIRAS,KIKO MERCADO,
CEREJEIRAS,KLEBER CALIXTO,
CEREJEIRAS,LISETE MARTH,
CEREJEIRAS,PROF SAPATA,
CEREJEIRAS,SAULO SIQUEIRA,
CEREJEIRAS,VALDIR CARLOS,
CHAPECÓ,AMERICO NASCIMENTO,
CHAPECÓ,CARLOS AGNOLETTO,
CHAPECÓ,CAROLINE TONI,
CHAPECÓ,CLEITON FOSSA,
CHAPECÓ,COMANDANTE RICARDO,
CHAPECÓ,ELIO CELLA,
CHAPECÓ,IVAN CARLOS,
CHAPECÓ,JOAO RODRIGUES,
CHAPECÓ,LUCIANE CARMINATTI,
CHAPECÓ,LUCIANO JOSE BULIGON,
CHAPECÓ,MARCIO SANDER,
CHUPINGUAIA,CARLITO ALVES,
CHUPINGUAIA,CLOVIS LOPES,
CHUPINGUAIA,SHEILA ANSELMO MOSSO,
CHUPINGUAIA,VALDECIR BAGATOLLI,
COARI,ADAIL PINHEIRO,
COARI,ARNALDO MITOUSO,
COARI,BITA TORRES,
COARI,LUIZ VASQUES,
COARI,MESSIAS LOJAO,
COARI,ORLANDO NASCIMENTO,
COARI,ROBSON TIRADENTES,
COCAL,DR CRISTIANO,
COCAL,GILSON SERRARIA,
COCAL,NONATIM SINDICATO,
CODÓ,CAMILO FIGUEIREDO,
CODÓ,CESAR PIRES,
CODÓ,CHIQUINHO SAAE,
CODÓ,EXPEDITO CARNEIRO,
CODÓ,FRANCISCO NAGIB,
CODÓ,MARCELO COELHO,
CODÓ,PEDRO BELO,
CODÓ,RICARDO ACHER,RICARDO ARCHER
CODÓ,RICARDO ARCHER,
CODÓ,RODRIGO FIGUEIREDO,
CODÓ,ZE FRANCISCO,
CODÓ,ZITO,ZITO ROLIM
CODÓ,ZITO ROLIM,
COELHO NETO,ALBINO,
COELHO NETO,AMERICO,AMERICO SOUSA
COELHO NETO,AMERICO SOUSA,
COELHO NETO,ANTONIO BACELAR,
COELHO NETO,ANTONIO PIRES,
COELHO NETO,BRUNO SILVA,
COELHO NETO,DR RICARDO,
COELHO NETO,DR SAMPAIO,
COELHO NETO,ILSON BAIANO,
COELHO NETO,LUIS SERRA,
COELHO NETO,MARCIA BACELAR,
COELHO NETO,MILTON VIEIRA,
COELHO NETO,SOLINEY SILVA,
COELHO NETO,VAL,
COITÉ DO NÓIA,BUENINHO,
COITÉ DO NÓIA,DR AURELINO,
COITÉ DO NÓIA,DRA KATIA,
CONCEIÇÃO DO ARAGUAIA,ALVARO BRITO,
CONCEIÇÃO DO ARAGUAIA,EDUARDO QUEIROZ,
CONCEIÇÃO DO ARAGUAIA,EVERALDO NUNES,
CONCEIÇÃO DO ARAGUAIA,JAIR MARTINS,
CORIBE,DR MURILO,
CORIBE,VAZIM,
CORRENTES,DAVI VITOR,
CORRENTES,DR ROMAO,
CORRENTES,EDMILSON BAHIA,
CORRENTES,HUGO CESAR,
CORRENTES,JULIO CESAR,
CORRENTES,JUNIOR LUCIO,
CORUMBÁ,BIA CAVASSA,
CORUMBÁ,DR GABRIEL,
CORUMBÁ,DUARTE,PAULO DUARTE
CORUMBÁ,ELANO,ELANO HOLANDA
CORUMBÁ,ELANO HOLANDA,
CORUMBÁ,EVANDER VENDRAMINI,
CORUMBÁ,GABRIEL,DR GABRIEL
CORUMBÁ,IUNES,MARCELO IUNES
CORUMBÁ,LIGIA BARUKI,
CORUMBÁ,LUCIANO COSTA PT,
CORUMBÁ,MARCELO IUNES,
CORUMBÁ,PAULO DUARTE,
COSTA RICA,CLEVERSON,
COSTA RICA,LEANDRO BORTOLAZZI,
CRICIÚMA,ANIBAL DARIO,
CRICIÚMA,CHICO BALTHAZAR,
CRICIÚMA,CLESIO SALVARO,
CRICIÚMA,JULIA ZANATTA,
CRICIÚMA,RODRIGO MINOTTO,
CRISTIANÓPOLIS,BRUNO RIBEIRO,
CRISTIANÓPOLIS,EDMAR BORGES,
CRISTIANÓPOLIS,IRIS AURELIO BORGES DIAS,
CRISTIANÓPOLIS,JULIANA FARMACIA,
CRISTIANÓPOLIS,RODRIGO ACHCAR,
CRUZEIRO DO SUL,CESAR MESSIAS,
CRUZEIRO DO SUL,FAGNER SALES,
CRUZEIRO DO SUL,ILDERLEI,ILDERLEI CORDEIRO
CRUZEIRO DO SUL,ILDERLEI CORDEIRO,
CRUZEIRO DO SUL,JESSICA SALES,
CRUZEIRO DO SUL,LINDEMBERG CHAVES,
CRUZEIRO DO SUL,LINKER CAMELI,
CRUZEIRO DO SUL,LUIS CUNHA MELO,
CRUZEIRO DO SUL,MARCELO SIQUEIRA,
CUBATÃO,ADEMARIO OLIVEIRA,
CUBATÃO,DADA,
CUBATÃO,FABIO MELO,
CUBATÃO,IVAN HILDEBRANDO,
CUBATÃO,PAIVA MAGALHAES,
CUBATÃO,PAULA RAVANELLI,
CUBATÃO,PAULA ROSA,PAULO ROSA
CUBATÃO,PEDRO SA,
CUBATÃO,TONINHO VIEIRA,
CUBATÃO,WAGNER MOURA,
CUIABÁ,ABILIO JUNIOR,
CUIABÁ,EMANUEL PINHEIRO,
CUIABÁ,FABIO GARCIA,
CUIABÁ,FELIPE WELLATON,
CUIABÁ,GILBERTO FIGUEIREDO,
CUIABÁ,GISELA SIMONA,
CUIABÁ,JOSE ROBERTO STOPA,
CUIABÁ,PROCURADOR MAURO,
CUIABÁ,ROBERTO FRANCA,
CURITIBA,CHRISTIANE YARED,
CURITIBA,CIDA BORGHETTI,
CURITIBA,FRANCISCHINI,
CURITIBA,GUSTAVO FRUET,
CURITIBA,JOAO ARRUDA,
CURITIBA,JOAO GUILHERME,
CURITIBA,LUCIANO DUCCI,
CURITIBA,LUIZAO GOULART,
CURITIBA,NEY LEPREVOST,
CURITIBA,RAFAEL GRECA,
CURITIBA,RENATO MOCELLIN,
CURURUPU,ALDO LOPES,
CURURUPU,HELEN,HELEN MARAVILHA
CURURUPU,HELEN MARAVILHA,
CURURUPU,ROSINHA,
DIAS D'ÁVILA,ALBERTO CASTRO,
DIAS D'ÁVILA,ANDREIA XAVIER,
DIAS D'ÁVILA,DONA ZENE COUTO,
DIAS D'ÁVILA,GERALDO REQUIAO,
DOM PEDRO,ALEXANDRE COSTA,
DOM PEDRO,GALEGO MOTA,
DOM PEDRO,HERNANDO MACEDO,
DOM PEDRO,LEO PAZ,
DOM PEDRO,LUCIANO REZENDE,
DOM PEDRO,RIBAMAR FILHO,
DOURADOS,ALAN GUEDES,
DOURADOS,BARBOSINHA,
DOURADOS,DANIELA HALL,
DOURADOS,DELIA,DELIA RAZUK
DOURADOS,DELIA RAZUK,
DOURADOS,GERALDO RESENDE,
DOURADOS,JEFERSON BEZERRA,
DOURADOS,JOSE CARLOS BARBOSA,
DOURADOS,MARCAL FILHO,
DOURADOS,MURILO ZAUITH,
DOURADOS,PROFESSOR ENIO,
DOURADOS,RACIB,RACIB HARB
DOURADOS,RACIB HARB,
DOURADOS,RENATO CAMARA,
DOURADOS,RODOLFO NOGUEIRA,
DOURADOS,VALDENIR MACHADO,
ÉRICO CARDOSO,ERALDO,
ÉRICO CARDOSO,ERICO,
ESTÂNCIA,DOMINGUINHOS,
ESTÂNCIA,GILSON ANDRADE,
ESTÂNCIA,IVAN LEITE,
ESTÂNCIA,MARCIO SOUSA,
EXTREMOZ,CAIO BRUNO,
EXTREMOZ,CARLOS ALBERTO,
EXTREMOZ,DRA RENATA,RENATA REGO
EXTREMOZ,EDILSON NASCIMENTO,
EXTREMOZ,EDUARDO MOTTA,
EXTREMOZ,ENILTON TRINDADE,
EXTREMOZ,JOAZ OLIVEIRA,
EXTREMOZ,JUSSARA SALES,
EXTREMOZ,MAJOR ALBERTO,
EXTREMOZ,RENATA REGO,
FERNANDO FALCÃO,CREZIA MOACIR,
FERNANDO FALCÃO,RAIMUNDA JOSEMAR,
FIRMINÓPOLIS,JORGE ESCRITORIO,
FIRMINÓPOLIS,JOSE AIRTON LOJA,
FIRMINÓPOLIS,LEONARDO OLIVEIRA BRITO,
FIRMINÓPOLIS,WAGNER VILLELA,
FLORESTÓPOLIS,NELSON JUNIOR,
FLORESTÓPOLIS,NICINHO,
FORQUILHINHA,CARLOS NOLA,
FORQUILHINHA,DIMAS KAMMER,
FORQUILHINHA,FELIX HOBOLD,
FORQUILHINHA,GEOVANE GODOI,
FORQUILHINHA,GIOVANE GODOI,GEOVANE GODOI
FORQUILHINHA,JOSE CLAUDIO GONCALVES,
FORQUILHINHA,JULIANO ARNS,
FORQUILHINHA,LEI ALEXANDRE,
FORQUILHINHA,MACIEL SOLER,
FRONTEIRAS,ALEXANDER SAMPAIO,
FRONTEIRAS,ALEXANDRE,
FRONTEIRAS,EUDES AGRIPINO,
FRONTEIRAS,GENILSON,
FRONTEIRAS,MARIA JOSE,
FRONTEIRAS,VERONICA RIBEIRO,
FRONTEIRAS,ZE HAMILTON,
GARARU,BAITO TETE,
GARARU,ELIZABETH,
GARARU,IGOR,
GARARU,SERGIO MURILO,
GARARU,VOLNEY BRITO,
GARARU,ZETE,
GOVERNADOR VALADARES,ANDRE MERLO,
GOVERNADOR VALADARES,CORONEL LACERDA,
GOVERNADOR VALADARES,CORONEL SANDRO,
GOVERNADOR VALADARES,DELEGADO RUI SILVA,
GOVERNADOR VALADARES,DR LUCIANO,
GOVERNADOR VALADARES,LEONARDO MONTEIRO,
GOVERNADOR VALADARES,RICARDO PEDROSA,
GOVERNADOR VALADARES,ROSEMARY MAFRA,
GUARULHOS,ELOI PIETA,
GUARULHOS,FRAN CORREA,
GUARULHOS,GUTI,
GUARULHOS,JORGE WILSON,
GUARULHOS,MARCIO NAKASHIMA,
GUARULHOS,RODRIGO TAVARES,
GUARULHOS,WAGNER FREITAS,
GUIA LOPES DA LAGUNA,ADEMIR BIU,
GUIA LOPES DA LAGUNA,CLAUDIO MARQUES,
GUIA LOPES DA LAGUNA,CLEITON,
GUIA LOPES DA LAGUNA,ELIZEU SANTOS,
GUIA LOPES DA LAGUNA,JACOMO DAGOSTIN,
GUIA LOPES DA LAGUNA,JAIR SCAPINI,
HUMBERTO DE CAMPOS,CATIUMBA,
HUMBERTO DE CAMPOS,GARDENIA,
HUMBERTO DE CAMPOS,GUTO,
HUMBERTO DE CAMPOS,IBERVON,
HUMBERTO DE CAMPOS,LUIS FERNANDO,
HUMBERTO DE CAMPOS,ZE MARIA,
HUMBERTO DE CAMPOS,ZE RIBAMAR,
IBIPITANGA,BETO,
IBIPITANGA,LENILSON MIRANDA,
IBIPITANGA,TOE XAVIER,
IBITITÁ,AFONSO,
IBITITÁ,CAFU,
IBITITÁ,NIVINHA,
IÇARA,AGENOR CASTANHA,
IÇARA,ALEX MICHELS,
IÇARA,ARNALDINHO LODETTI,
IÇARA,DALVANIA CARDOSO,
IÇARA,MURIALDO GASTALDON,
IÇARA,TONINHO MELLO,
ILHA COMPRIDA,ABRAAO PEDRO,
ILHA COMPRIDA,GERALDINO JUNIOR,
ILHA COMPRIDA,MARA VENTURA,
ILHA COMPRIDA,ROBERTO FRAJOLA,
INHAPI,CRISTINA COSTA,
INHAPI,TENORINHO MALTA,
INHAPI,WELLINGTON MORCEGO,
IPAMERI,BARTO,
IPAMERI,DANILLO CAIXETA,
IPAMERI,JANIO PACHECO,
IPAMERI,JOSE ROBERTO,
IPAMERI,LUDMILA COSAC,
IPAMERI,WELLINGTON PEIXOTO,
ISRAELÂNDIA,ADELICIA MOURA,
ISRAELÂNDIA,AILTON SEVERINO,
ISRAELÂNDIA,MIRIA DANTAS,
ITABERABA,JOAO MASCARENHAS,
ITABERABA,LEONARDO MOSCOSO,
ITABERABA,RICARDO MASCARENHAS,
ITABIRA,BERNARDO MUCIDA,
ITABIRA,JOAO IZAEL,
ITABIRA,RONALDO MAGALHAES,
ITACOATIARA,ANTONIO PEIXOTO,
ITACOATIARA,CABO MACIEL,
ITACOATIARA,CASTRO ALVES,
ITACOATIARA,DON MARQUES,
ITACOATIARA,MAMOUD AMED,
ITACOATIARA,MARIO ABRAHIM,
ITAIPAVA DO GRAJAÚ,ADALIO,
ITAIPAVA DO GRAJAÚ,JOAOZINHO,JOAOZINHO DIMAIZAO
ITAIPAVA DO GRAJAÚ,JOAOZINHO DIMAIZAO,
ITAIPAVA DO GRAJAÚ,JOSE WILSON,
ITAIPAVA DO GRAJAÚ,JUNIOR POSTO,
ITAIPAVA DO GRAJAÚ,MARCONE,
ITAIPAVA DO GRAJAÚ,ZE WILSON,JOSE WILSON
ITAPACI,ANDERSON CAIXETA,
ITAPACI,DR FABIO,
ITAPACI,DRA GISELE,
ITAPACI,GISELE,DRA GISELE
ITAPACI,IRON SOLDADO,
ITAPACI,JOAO BATISTA CURIO,
ITAPACI,MARIO MACACO,
ITAPEBI,CLAUDIO CARVALHO,
ITAPEBI,JUAREZ SILVA OLIVEIRA,
ITAPEBI,NUNES,
ITAPEMA,ANDRE OLIVEIRA,
ITAPEMA,HELIO JOSE BASQUEIRA,
ITAPEMA,MATIOLO,
ITAPEMA,NILZA SIMAS,
ITAPEMA,PAULO FERES,
ITAPEMA,RODRIGO BOLINHA,
ITAPEMA,TANAKA,
ITAPEMA,XEPA,
ITAPEMA,YAGAN DADAM,
ITAÚ DE MINAS,FLAVIANO IMOVEIS,
ITAÚ DE MINAS,MATHEUSINHO,
ITAÚ DE MINAS,NORIVAL,
ITAÚ DE MINAS,RONILTON,
ITAÚ DE MINAS,WALLACE,
ITUMBIARA,DIONE ARAUJO,
ITUMBIARA,GUGU NADER,
ITUMBIARA,MURILO BORGES,
ITUMBIARA,PROFESSOR ALFREDO,
ITUMBIARA,ROGERIO,
ITUMBIARA,ZE ANTONIO,
JABOATÃO DOS GUARARAPES,ANDERSON FERREIRA,
JABOATÃO DOS GUARARAPES,DANIEL ALVES,
JABOATÃO DOS GUARARAPES,EDUARDO PORTO,
JABOATÃO DOS GUARARAPES,JOAQUIM BARRETO,
JABOATÃO DOS GUARARAPES,JOEL HARPA,
JABOATÃO DOS GUARARAPES,MAIRA,
JABOATÃO DOS GUARARAPES,SEVERINO JESUS,
JABOATÃO DOS GUARARAPES,SILVIO COSTA,
JABOATÃO DOS GUARARAPES,ULISSES TENORIO,
JACUTINGA,ARAUJO,
JACUTINGA,DARCI CARDOSO,
JACUTINGA,GILMAR,
JACUTINGA,HELINHO,
JACUTINGA,ROGERIO SARTORI,
JAICÓS,BRANCO RODRIGUES,
JAICÓS,JOAO EDMUNDO,
JAICÓS,MAVIO SILVEIRA,
JAICÓS,NENEM EDITE,
JAPORÃ,DOUGLAS,
JAPORÃ,LUIZINHO BEZERRA,
JAPORÃ,PAULAO FRANJOTTI,
JAPORÃ,TIAOZINHO,
JARAGUÁ,AVIMAR,
JARAGUÁ,BIRACY,
JARAGUÁ,JHON,JHON WEBER
JARAGUÁ,JHON WEBER,
JARAGUÁ,LINEU OLIMPIO,
JARAGUÁ,PAULO VITOR,
JARAGUÁ,WAGAO CAMARGO,
JARAGUÁ,ZECAO,
JARAGUÁ,ZILOMAR,
JARDIM,ALEXANDRE PITANGUEIRA,
JARDIM,CARLINHOS GLUBERT,CARLINHOS GRUBERT
JARDIM,CARLINHOS GRUBERT,
JARDIM,DR ERNEI,DR ERNEY
JARDIM,DR ERNEY,
JARDIM,DRA CLEDIANE,
JARDIM,FERNANDINHO RAMOS,FERNANDO RAMOS
JARDIM,FERNANDO RAMOS,
JARDIM,GERALDO ALENCAR,
JARDIM,GUILHERME MONTEIRO,
JARDIM,JAIME ECHEVERRIA,
JARDIM,PASTOR DANIEL,
JARDIM,VAVO PT,
JAUPACI,LAERTE DOURADO,
JAUPACI,SANTO ACOUGUE,
JIQUIRIÇÁ,BARRETO,
JIQUIRIÇÁ,CASCALHO,
JIQUIRIÇÁ,GILSON PAULO,
JIQUIRIÇÁ,VALDEMAR,
JOÃO LISBOA,DR ENOQUE,
JOÃO LISBOA,PR HELTON,
JOÃO LISBOA,RAIMUNDO CABELUDO,
JOÃO LISBOA,VILSON FARMACIA,
JUIZ DE FORA,ALOIZIO PENIDO,
JUIZ DE FORA,IONE BARBOSA,
JUIZ DE FORA,MARGARIDA SALOMAO,
JUIZ DE FORA,RENATO LOURES,
JUIZ DE FORA,SHEILA OLIVEIRA,
JUIZ DE FORA,WILSON REZENDE,
JUNDIÁ,HUGO BRAGA,
JUNDIÁ,JORGINHO,
JUNDIÁ,MARIA LUIZA,
JUNDIÁ,MARLENE,
JUNDIÁ,RICARDO MELO,
LAGARTO,BELIZARIO,
LAGARTO,FABIO REIS,
LAGARTO,HILDA,HILDA RIBEIRO
LAGARTO,HILDA RIBEIRO,
LAGARTO,IBRAIN MONTEIRO,
LAGARTO,JORGE PRATA,
LAGARTO,KERCIO PINTO,
LAGARTO,NININHO BOLO,
LAGARTO,NININHO BOLO BOM,NININHO BOLO
LAGARTO,SERGIO REIS,
LAGARTO,VALMIR MONTEIRO,
LAGO DA PEDRA,LAERCIO ARRUDA,
LAGO DA PEDRA,MAURA JORGE,
LAGO DA PEDRA,MAURO JORGE,
LAGO DA PEDRA,WELLER,
LAGO VERDE,ALEX ALMEIDA,
LAGO VERDE,CHICO PILINO,
LAGO VERDE,ERICA REVIL,
LAGO VERDE,LAERCIO,
LAGO VERDE,PROF OLIVEIRA,
LAGOA NOVA,HELIO COSTA,
LAGOA NOVA,LUCIANO SANTOS,
LAGOA NOVA,SARGENTO JEAN,
LAGOA NOVA,VAL ARAUJO,
LIVRAMENTO DE NOSSA SENHORA,CARLAO,
LIVRAMENTO DE NOSSA SENHORA,RICARDINHO,
LONDRINA,ALEXANDRE KIREEFF,
LONDRINA,BARBOSA NETO,
LONDRINA,BOCA ABERTA,MARA BOCA ABERTA
LONDRINA,FILIPE BARROS,
LONDRINA,MARA BOCA ABERTA,
LONDRINA,MARCELO BELINATI,
LONDRINA,SCALASSARA,
LONDRINA,THIAGO AMARAL,
LUIS CORREIA,BATISTA NELSON,
LUIS CORREIA,FRANCILDA,
LUIS CORREIA,KIM CARANGUEJO,
LUIS CORREIA,MANINHA,
LUIS CORREIA,NETO SILVA,
LUIS CORREIA,PAULO CAZUZA,
LUIS CORREIA,RAPHAEL SILVA,
LUIS CORREIA,ZEZE,
MACAÍBA,AILTON MANGABEIRA,
MACAÍBA,AURI SIMPLICIO,
MACAÍBA,CAND PREF,
MACAÍBA,DELEGADO NORMANDO,
MACAÍBA,DENILSON GADELHA,
MACAÍBA,EMIDIO,EMIDIO JUNIOR
MACAÍBA,EMIDIO JUNIOR,
MACAÍBA,FERNANDO,FERNANDO CUNHA
MACAÍBA,FERNANDO CUNHA,
MACAÍBA,GERSON LIMA,
MACAÍBA,JANSSEN CORTES,JANSSEN MOTOS
MACAÍBA,JANSSEN MOTOS,
MACAÍBA,JOSE ALDENIR,
MACAÍBA,MARILIA,MARILIA DIAS
MACAÍBA,MARILIA DIAS,
MACAÍBA,NETINHO,NETINHO FRANCA
MACAÍBA,NETINHO FRANCA,DELEGADO NORMANDO
MACAÍBA,NORMANDO,NORMANDO FEITOSA
MACAÍBA,NORMANDO FEITOSA,
MACAÍBA,VEREADOR EMIDIO,EMIDIO JUNIOR
MACAÍBA,VEREADOR NETINHO FRANCA,NETINHO FRANCA
MACHADINHO DO OESTE,BANDEIRA,
MACHADINHO DO OESTE,CELSO COELHO,
MACHADINHO DO OESTE,EZEQUIEL JUNIOR,
MACHADINHO DO OESTE,LEOMAR PATRICIO,
MACHADINHO DO OESTE,MARINHO CAERD,
MACHADINHO DO OESTE,PAULO REMAP,
MÃE DO RIO,BADEL,
MÃE DO RIO,DOIDO RABELO,
MÃE DO RIO,LEIA,
MÃE DO RIO,LILIANE,
MÃE DO RIO,NANA,
MÃE DO RIO,SOYAR,
MÃE DO RIO,WALTER,
MAGALHÃES DE ALMEIDA,COSTA JUNIOR,
MAGALHÃES DE ALMEIDA,DOE,
MAGALHÃES DE ALMEIDA,NETO CARVALHO,
MAJOR ISIDORO,ALEX MARIANO,
MAJOR ISIDORO,THEOBALDO CINTRA,
MANAUS,ALBERTO NETO,CAPITAO ALBERTO NETO
MANAUS,ALFREDO NASCIMENTO,
MANAUS,AMAZONINO MENDES,
MANAUS,BOSCO SARAIVA,
MANAUS,CAPITAO ALBERTO NETO,
MANAUS,CARLOS ALMEIDA,
MANAUS,CHICO PRETO,
MANAUS,CONCEICAO SAMPAIO,
MANAUS,CORONEL MENEZES,
MANAUS,DAVID ALMEIDA,
MANAUS,DEBORA MAFRA,
MANAUS,EDUARDO BRAGA,
MANAUS,FELIPE SOUZA,
MANAUS,HISSA,HISSA ABRAHAO
MANAUS,HISSA ABRAHAO,
MANAUS,JOSE RICARDO,
MANAUS,JOSUE NETO,
MANAUS,LILIANE ARAUJO,
MANAUS,MARCOS ROTTA,
MANAUS,RICARDO NICOLAU,
MANAUS,ROMERO REIS,
MANAUS,SERAFIM CORREA,SERAFIM CORREA
MANAUS,SERAFIM CORRREA,
MANAUS,VANESSA GRAZZIOTIN,
MARACAJU,ELIANE SIMOES,
MARACAJU,FREDERICO FELINE,
MARACAJU,GIOVANA CORREA,
MARACAJU,JEAMILTON,
MARACAJU,JUAREZ SANCHES,
MARACAJU,LENILSO,LENILSO CARVALHO
MARACAJU,LENILSO CARVALHO,
MARACAJU,MARCOS CALDERAN,
MARACAJU,PORTELA,
MARACAJU,THIAGO CAMINHA,
MARAGOGI,ADRIANO CALACA,
MARAGOGI,MARCOS MADEIRA,
MARAGOGI,SERGIO LIRA,
MATÕES,FERDINANDO COUTINHO,
MATÕES,FERNANDO COUTINHO,FERDINANDO COUTINHO
MATÕES,GABRIEL TENORIO,
MATÕES,RUBENS,
MATÕES,SUELY,
MATÕES,SUELY PEREIRA,
MATRIZ DE CAMARAGIBE,ANDERSON,ANDERSON BOULEVARD
MATRIZ DE CAMARAGIBE,ANDERSON BOLEVARD,ANDERSON BOULEVARD
MATRIZ DE CAMARAGIBE,ANDERSON BOULEVARD,
MATRIZ DE CAMARAGIBE,CICERO CAVALCANTE,
MATRIZ DE CAMARAGIBE,FERNANDO CAVALCANTE,
MATRIZ DE CAMARAGIBE,MARQUINHOS,
MATRIZ DE CAMARAGIBE,OTAVIO HENRIQUE,
MATRIZ DE CAMARAGIBE,RAMON DANTAS,
MATRIZ DE CAMARAGIBE,WASHINGTON MOURA,
MAUÉS,ALFREDO ALMEIDA,
MAUÉS,JUNIOR LEITE,
MAURITI,ISAAC JUNIOR,
MAURITI,MANO MORAIS,
MAURITI,PROFESSOR FELIZARDO,
MOGI DAS CRUZES,CAIO CUNHA,
MOGI DAS CRUZES,FELIPE LINTZ,
MOGI DAS CRUZES,MARCO BERTAIOLLI,
MOGI DAS CRUZES,MARCUS MELO,
MOGI DAS CRUZES,MIGUEL BOMBEIRO,
MOGI DAS CRUZES,RODRIGO VALVERDE,
MOJUÍ DOS CAMPOS,EMERSON SILVEIRA,
MOJUÍ DOS CAMPOS,EVERALDO CAMILO,
MOJUÍ DOS CAMPOS,IZAILTON SOUSA,
MOJUÍ DOS CAMPOS,JAMISON,
MOJUÍ DOS CAMPOS,JUVENAL ARRUDA,
MOJUÍ DOS CAMPOS,MARCO ANTONIO,MARCOS ANTONIO
MOJUÍ DOS CAMPOS,MARCOS ANTONIO,
MONGAGUÁ,CARLAO IMOBILIARIA,
MONGAGUÁ,JAQUELINE IVANOFF,
MONGAGUÁ,MARCIO CABECA,
MONGAGUÁ,RENATO DONATO,
MONGAGUÁ,RODRIGO CASA BRANCA,
MONSENHOR GIL,JOAO LUIS,
MONSENHOR GIL,PAULO ROBERTO,
MONTE ALEGRE DE SERGIPE,ACRISIO,
MONTE ALEGRE DE SERGIPE,JUNIOR FARIAS,
MONTE ALEGRE DE SERGIPE,NENA LUCIANO,
MONTE ALEGRE DE SERGIPE,VALDIRENE,
MONTIVIDIU,ADEMIR,
MONTIVIDIU,ADOLFINHO,
MONTIVIDIU,CARLAO VIE,
MONTIVIDIU,HERCILIO,
MONTIVIDIU,HONES,
MONTIVIDIU,PASTOR ELCIO,
MONTIVIDIU,SERAFIM,
MORRINHOS,ANDRE LUIZ,
MORRINHOS,CELISVALDO INACIO,
MORRINHOS,MAYCLLYN CARREIRO,
MORRINHOS,TERCIO,
MORRINHOS,TIAGO MENDONCA,
MORRO DO CHAPÉU,BETO,
MORRO DO CHAPÉU,CLAUDIO,
MORRO DO CHAPÉU,JULIANA ARAUJO,
MORRO DO CHAPÉU,LEO DOURADO,
MORRO DO CHAPÉU,SHEILA,
MORROS,PARAIBA,
MORROS,SIDRACK,
MULUNGU DO MORRO,ACACIO TELES,
MULUNGU DO MORRO,AMAURI LUCENA,
MULUNGU DO MORRO,EDIMARIO BOAVENTURA,
MULUNGU DO MORRO,FREDSON,
MULUNGU DO MORRO,NETO GAME,
MURIBECA,CARLOS CEZAR,
MURIBECA,CRISTINA FRANCO,
MURIBECA,FERNANDINHO,
MURIBECA,MARIA CRISTINA,
MURIBECA,MARINHO,MARIO CESAR
MURIBECA,MARIO CESAR,
MURIBECA,SANDRA,
NATAL,ALEXANDRE MOTTA,
NATAL,ALVARO DIAS,
NATAL,BRUNO GIOVANI,BRUNO GIOVANNI
NATAL,BRUNO GIOVANNI,
NATAL,CARLOS ALBERTO,
NATAL,CARLOS EDUARDO,CARLOS EDUARDO ALVES
NATAL,CARLOS EDUARDO ALVES,
NATAL,CORONEL AZEVEDO,
NATAL,EUDIANE MACEDO,
NATAL,FERNANDO PINTO,
NATAL,GENERAL GIRAO,
NATAL,HERMANO MORAIS,
NATAL,KELPS LIMA,
NATAL,NATALIA BONAVIDES,
NATAL,PROFESSOR CARLOS ALBERTO,
NATAL,SANDRO PIMENTEL,
NAZÁRIA,LUIS CARLOS,
NAZÁRIA,MARCELO FONSECA,
NAZÁRIA,OSVALDO BONFIM,
NAZÁRIA,UBALDO NOGUEIRA,
NIOAQUE,DOMINIQUE,
NIOAQUE,ILCA CORRAL,
NIOAQUE,VALDIR JUNIOR,
NIOAQUE,WENDELL MEDEIROS,
NIQUELÂNDIA,CARMEN LUCIA,
NIQUELÂNDIA,DENGUINHO,
NIQUELÂNDIA,EVALDO RINCON,
NIQUELÂNDIA,FERNANDO CARNEIRO,
NIQUELÂNDIA,GERVAN,
NIQUELÂNDIA,JEAN CINTRA,
NIQUELÂNDIA,OZEAS BOIADEIRO,
NIQUELÂNDIA,SARGENTO NUNES,
NIQUELÂNDIA,TACIMAR,
NOVA ALVORADA DO SUL,ARLEI BARBOSA,
NOVA ALVORADA DO SUL,DELEGADO ELIAS,
NOVA ALVORADA DO SUL,DR BERLARMINO,
NOVA ALVORADA DO SUL,JANE BARRIOS,
NOVA ALVORADA DO SUL,JUVENAL NETO,
NOVA ALVORADA DO SUL,NELIO JUSTEN,
NOVA ALVORADA DO SUL,PATRICIA CESAR,
NOVA ALVORADA DO SUL,PAULO PALEARI,
NOVA ALVORADA DO SUL,PELEARI,PAULO PALEARI
NOVA MUTUM,AIRTON PESSI,
NOVA MUTUM,DIOGENES JACOBSEN,
NOVA MUTUM,ED MOTTA,
NOVA MUTUM,EDILEUDO,
NOVA MUTUM,FELIX,
NOVA MUTUM,LIRIO LAUTENSCHLAGER,
NOVA UBIRATÃ,ADILSON LUIZ,
NOVA UBIRATÃ,EDEGAR JOSE BERNARDI,
NOVA UBIRATÃ,EDER SETTER,
NOVA UBIRATÃ,HEDER SAIS,
NOVA UBIRATÃ,LEONILDO ANTONIO,
NOVA UBIRATÃ,SILVIO ANDRE STOLFO,
NOVA UBIRATÃ,VALDERNIR JOSE,
NOVA XAVANTINA,CARLA SANTINI,
NOVA XAVANTINA,JOAO BANG,
NOVA XAVANTINA,VANUSA PAZETTO,
NOVO GAMA,BB,
NOVO GAMA,CARLINHOS MANGAO,
NOVO GAMA,CRISTOVAM MACHADO,
NOVO GAMA,FRANCISCO,
NOVO GAMA,JAPAO,
NOVO GAMA,KATTYA OLIVEIRA,
NOVO GAMA,LAERCIO,
NOVO GAMA,PELE,
NOVO GAMA,SONIA CHAVES,
NOVO HORIZONTE,DINEI,
NOVO HORIZONTE,DJALMA,
NOVO HORIZONTE,ITAMAR,
NOVO ORIENTE DO PIAUÍ,AFONSO SOBREIRA,
NOVO ORIENTE DO PIAUÍ,AMANDA SOBREIRA,
NOVO ORIENTE DO PIAUÍ,MARCOS VINICIUS,
NOVO ORIENTE DO PIAUÍ,PADRE WALMIR,
NOVO ORIENTE DO PIAUÍ,PROFESSORA ODENI,
NOVO ORIENTE DO PIAUÍ,RITA LOPES,
NOVO PROGRESSO,DENIS MACEDO,
NOVO PROGRESSO,FIDENCIO,
NOVO PROGRESSO,GELSON DIL,
NOVO PROGRESSO,MACARRAO,
NOVO PROGRESSO,MADALENA HOFFMANN,
NOVO PROGRESSO,MARCONI,
NOVO PROGRESSO,NEGO BENTO,
NOVO SÃO JOAQUIM,ALEMAO,
NOVO SÃO JOAQUIM,ANTONIO AUGUSTO,
NOVO SÃO JOAQUIM,FARIAS,
NOVO SÃO JOAQUIM,JAIRO,
NOVO SÃO JOAQUIM,JORDAO,
OLHO D'ÁGUA DAS CUNHÃS,CAIO OLIVEIRA,
OLHO D'ÁGUA DAS CUNHÃS,GLAUBER AZEVEDO,
OLHO D'ÁGUA DAS CUNHÃS,VILIANE COSTA,
OLÍMPIA,FERNANDO CUNHA,
OLÍMPIA,FLAVIO OLMOS,
OLÍMPIA,GUSTAVO PIMENTA,
OLÍMPIA,NIQUINHA,
ORIXIMINÁ,ANGELO FERRARI,
ORIXIMINÁ,DEL FONSECA,DELEGADO FONSECA
ORIXIMINÁ,DELEGADO FONSECA,
ORIXIMINÁ,GONZAGA,
ORIXIMINÁ,HERCULES,
ORIXIMINÁ,LEONCIO,
ORIXIMINÁ,LUDUGERO,
PAÇO DO LUMIAR,FRANCISCO NETO,
PAÇO DO LUMIAR,FRED CAMPOS,
PAÇO DO LUMIAR,GILBERTO AROSO,
PAÇO DO LUMIAR,INALDO PEREIRA,
PAÇO DO LUMIAR,PAULA PINDOBA,
PAÇO DO LUMIAR,PROFA KARLA MARIA,
PALMAS,ALAN BARBIERO,
PALMAS,ATAIDES OLIVEIRA,
PALMAS,CINTHIA RIBEIRO,
PALMAS,CINTIA R,CINTHIA RIBEIRO
PALMAS,DEP VANDA M,VANDA MONTEIRO
PALMAS,ELI BORGES,
PALMAS,GIL BARISON,
PALMAS,JUNIOR GEO,
PALMAS,MILTON NERES,MILTON NERIS
PALMAS,MILTON NERIS,
PALMAS,OSIRES DAMASO,
PALMAS,TIAGO AMASTHA,
PALMAS,TIAGO ANDRINO,
PALMAS,VANDA MONTEIRO,
PALMAS,VICENTINHO ALVES,VICENTINHO JUNIOR
PALMAS,VICENTINHO JUNIOR,
PARAÍSO DO TOCANTINS,ARY ARRAES,
PARAÍSO DO TOCANTINS,ATAIDE RODRIGUES,
PARAÍSO DO TOCANTINS,CELSO MORAES,
PARAÍSO DO TOCANTINS,EGNALDO DAMASO,
PARAÍSO DO TOCANTINS,PAULO ARMANDO MILHOMEN,
PARAÍSO DO TOCANTINS,VANESSA ALENCAR,
PARANÃ,EDSON,
PARANÃ,FABIO,
PARANÃ,FABRICIO,
PARAUAPEBAS,DARCI LERMEN,
PARAUAPEBAS,DR RUBENS,
PARAUAPEBAS,FRANCINE,FRANCINE HIPER SENA
PARAUAPEBAS,FRANCINE HIPER SENA,
PARAUAPEBAS,FRANCINE HIPER SENNA,FRANCINE HIPER SENA
PARAUAPEBAS,GILBERTO PAPELARIA,
PARAUAPEBAS,JOAO VERDURAO,
PARAUAPEBAS,JOELMA LEITE,
PARAUAPEBAS,JOELMA VEREADORA,JOELMA LEITE
PARAUAPEBAS,JULIO CESAR,
PARAUAPEBAS,MARCELO CATALAO,
PARAUAPEBAS,MEIRE VAZ,
PARAUAPEBAS,MIQUINHA,
PARAUAPEBAS,RUBENS MORAES,DR RUBENS
PARAUAPEBAS,VALMIR INTEGRAL,VALMIR MARIANO
PARAUAPEBAS,VALMIR MARIANO,
PARNAMIRIM,ELIENAI CARTAXO,
PARNAMIRIM,MAURICIO MARQUES,
PARNAMIRIM,NILDA,
PARNAMIRIM,NILVA,NILDA
PARNAMIRIM,ROSANO TAVEIRA,
PASTOS BONS,ENOQUE MOTA,
PASTOS BONS,IRENE GONCALO,
PASTOS BONS,MATHEUS MOTA,
PAU D'ARCO,DOMINGOS ENFERMEIRO,
PAU D'ARCO,FREDSON,
PAU D'ARCO,MAURICIO CAVALCANTI,
PEDRO DO ROSÁRIO,ANTONIO BARBUDO,
PEDRO DO ROSÁRIO,IOLANDA,
PEDRO DO ROSÁRIO,JORGE LOBATO,
PEDRO DO ROSÁRIO,RAIMUNDO ANTONIO,
PEDRO DO ROSÁRIO,TOCA SERRA,
PEDRO II,ALVIMAR MARTINS,
PEDRO II,NEUMA CAFE,
PENDÊNCIAS,DIEGO DANTAS,
PENDÊNCIAS,FLAUDIVAN MARTINS,
PENDÊNCIAS,GILBERTO,
PENDÊNCIAS,GUSTAVO,
PENDÊNCIAS,IVAN PADILHA,
PERITORÓ,JUNIOR,
PERITORÓ,RAFAEL,
PICOS,ARAUJINHO,
PICOS,CORONEL VIANA,
PICOS,GIL PARAIBANO,
PICOS,JUNIOR NOBRE,
PIRACANJUBA,ALLYSSON RIVAS,
PIRACANJUBA,ELLEN LIMA,
PIRACANJUBA,JOAO BARBOSA,
PIRACANJUBA,MILTON JUSTUS,
PLANALTINA,CRISTIOMARIO,
PLANALTINA,DONA CIDA,
PLANALTINA,PASTOR ANDRE,
PLANALTINA,PAULO MARIA,
PLANALTINA,PROF ZENILTON,
PLANALTINA,REIS,
PLANALTINA,ZE NETO,
POÇÃO DE PEDRAS,FRANCISCO PINHEIRO,
POÇÃO DE PEDRAS,JHULIO SOUSA,
POÇO REDONDO,BINHO MERCADINHO,
POÇO REDONDO,IVAN ROSA,
POÇO REDONDO,JUNIOR CHAGAS,
POÇO REDONDO,ROBERTO ARAUJO,
POÇOS DE CALDAS,CEL FREDERICO,
POÇOS DE CALDAS,CICA OPIPARI,
POÇOS DE CALDAS,EDUARDO JUNQUEIRA DIAS,
POÇOS DE CALDAS,ELOISIO CARMO,
POÇOS DE CALDAS,ERCULES TASSINARI,
POÇOS DE CALDAS,FLAVIO FARIA,
POÇOS DE CALDAS,GERALDO TADEU,
POÇOS DE CALDAS,JOAO ALEXANDRE,
POÇOS DE CALDAS,SERGIO AZEVEDO,
POÇOS DE CALDAS,YULA MEROLA,
PONTA PORÃ,ALVARO SOARES,
PONTA PORÃ,BRUNO REICHARDT,
PONTA PORÃ,CAIO AUGUSTO,
PONTA PORÃ,FLAVIO KAYATT,
PONTA PORÃ,HELIO PELUFFO,
PONTA PORÃ,RAQUEL PORTIOLI,
PONTA PORÃ,RENE AMARAL,
PONTA PORÃ,RONALDO FRANCO,
PONTAL,ALEX OBREIRO,
PONTAL,LUCIANO STROPPA,
PONTAL,REGI BAZAN,
PONTAL,ZE GAS,
PONTAL DO ARAGUAIA,ADELCINO LOPO,
PONTAL DO ARAGUAIA,CLAUDIO TOTO,
PONTAL DO ARAGUAIA,DOMICIANO DO,
PONTAL DO ARAGUAIA,GERSON ROSA,
PONTAL DO ARAGUAIA,JAIR JUNIOR,
PONTAL DO ARAGUAIA,LEANDRO AUTO ESCOLA,
PONTAL DO ARAGUAIA,LUCIANO COSTA,
PONTO NOVO,THIAGO GILLENO,
PONTO NOVO,TIAGO VENANCIO,
PORANGATU,CAPITAO PIRES,
PORANGATU,ERONILDO VALADARES,
PORANGATU,ERONILDON VALADARES,ERONILDO VALADARES
PORANGATU,MARCIO LUIS,
PORANGATU,PASTOR FERNANDO,
PORANGATU,PEDRO FERNANDES,
PORANGATU,SHEILISMAR RIBEIRO,
PORTO ALEGRE,ANY ORTIZ,
PORTO ALEGRE,COMANDANTE NADIA,
PORTO ALEGRE,FERNANDA MELCHIONNA,
PORTO ALEGRE,GUSTAVO PAIM,
PORTO ALEGRE,JOAO DERLY,
PORTO ALEGRE,JOSE FORTUNATI,
PORTO ALEGRE,JULIANA BRIZOLA,
PORTO ALEGRE,MANUELA D'AVILA,
PORTO ALEGRE,NELSON MARCHEZAN,
PORTO ALEGRE,SEBASTIAO MELO,
PORTO ALEGRE,VALTER NAGELSTEIN,
PORTO CALVO,ANTONIO CARLOS,
PORTO CALVO,DAVID PEDROSA,
PORTO CALVO,JEFFERSON RODRIGUES,
PORTO CALVO,KAIKA,
PORTO CALVO,KATULLO,
PORTO DE PEDRAS,FLAVIO SARMENTO,
PORTO DE PEDRAS,HENRIQUE VILELA,
PORTO DE PEDRAS,NALDINHO,
PORTO DE PEDRAS,NILSON GATO,
PORTO DE PEDRAS,ROGERIO FARIAS,
PORTO SEGURO,BETO AXE MOI,
PORTO SEGURO,CHICO CANCELA,
PORTO SEGURO,JANIO NATAL,
PORTO SEGURO,LIVIA BITENCOURT,
PORTO SEGURO,MAURICIO PEDROSA,
PORTO SEGURO,PAULINHO TOA TOA,
PORTO SEGURO,UBALDINO JUNIOR,
PORTO VELHO,ALAN QUEIROZ,
PORTO VELHO,ALLAN QUEIROZ,ALAN QUEIROZ
PORTO VELHO,BRENO MENDES,
PORTO VELHO,CRISTIANE LOPES,
PORTO VELHO,DR BRENO MENDES,BRENO MENDES
PORTO VELHO,DR FERNANDO MAXIMO,
PORTO VELHO,EDVALDO SOARES,
PORTO VELHO,EYDER BRASIL,
PORTO VELHO,HERMINIO COELHO,
PORTO VELHO,HILDON CHAVES,
PORTO VELHO,LEO MORAES,
PORTO VELHO,LEONEL BERTOLIN,
PORTO VELHO,LINDOMAR GARCOM,
PORTO VELHO,MAURO NAZIF,MAURO ZANIF
PORTO VELHO,MAURO ZANIF,
PORTO VELHO,PIMENTA RONDONIA,
PORTO VELHO,RONALDO FLORES,
PORTO VELHO,SAMUEL COSTA,
PORTO VELHO,VINICIUS MIGUEL,
PORTO VELHO,WANDERLEI ORIANI,
PRATÁPOLIS,DENISE,
PRATÁPOLIS,JUNIOR NOVELLI,
PRINCESA ISABEL,ALAN MOURA,
PRINCESA ISABEL,RICARDO PEREIRA,
PRINCESA ISABEL,SIDNEY FILHO,
PUGMIL,DIRCINEU BOLINA,
PUGMIL,NAZARE AMANCIO,
PUGMIL,VALMOR,
RECIFE,ALBERTO FEITOSA,
RECIFE,DANIEL COELHO,
RECIFE,GERALDO JULIO,
RECIFE,JOAO CAMPOS,
RECIFE,MARILIA ARRAES,
RECIFE,MENDONCA FILHO,
RECIFE,PATRICIA DOMINGOS,
REDENÇÃO,AFIF,
REDENÇÃO,CARLOS EDUARDO,
REDENÇÃO,CARLOS EDUARDO CADU,CARLOS EDUARDO
REDENÇÃO,DR IRAPUAN,IRAPUAN
REDENÇÃO,DR RENER,RENER
REDENÇÃO,IAVE,
REDENÇÃO,IRAPUAN,
REDENÇÃO,JPC,
REDENÇÃO,LEONARDO SAUDE,
REDENÇÃO,MARIO MOREIRA,
REDENÇÃO,RENER,
REDENÇÃO,RENNER,RENER
REDENÇÃO,RICARDO PULL,
REDENÇÃO,WILIAM POTENCIA,WILLIAN POTENCIA
REDENÇÃO,WILLIAN POTENCIA,
RIO BRANCO,ALYSSON BESTENE,
RIO BRANCO,ANGELIM,
RIO BRANCO,BOCALOM,
RIO BRANCO,DANIEL ZEN,
RIO BRANCO,DUARTE,
RIO BRANCO,EMERSON JARUDE,
RIO BRANCO,FERNANDO ZAMORA,
RIO BRANCO,GLADSON CAMELI,
RIO BRANCO,JAMYL ASFURY,
RIO BRANCO,JARBAS SOSTER,
RIO BRANCO,JORGE VIANA,
RIO BRANCO,LUZIEL CARVALHO,
RIO BRANCO,MARA ROCHA,
RIO BRANCO,MARCUS ALEXANDRE,
RIO BRANCO,MINORU KINPARA,
RIO BRANCO,RAIMUNDO ANGELIM,
RIO BRANCO,ROBERTO DUARTE,ROBERTO DUARTE JUNIOR
RIO BRANCO,ROBERTO DUARTE JUNIOR,
RIO BRANCO,SEBASTIAO VIANA,
RIO BRANCO,SOCORRO NERI,
RIO BRANCO,TIAO BOCALOM,
RIO BRANCO,VANDA MILANI,
RIO BRILHANTE,CAROL FRACASSO,
RIO BRILHANTE,DAVID VINCENSI,
RIO BRILHANTE,DONATO LOPES,
RIO BRILHANTE,JOAO PEDRO,
RIO BRILHANTE,LUIZ ROGERIO,
RIO BRILHANTE,RAULZINHO,
RIO CLARO,DR AFFONSO SALATI,
RIO CLARO,DR GRILLO,
RIO CLARO,GUSTAVO PERISSINOTTO,
RIO CLARO,JUNINHO PADARIA,
RIO CLARO,MARIA ALDENIR,
RIO CLARO,MARIA CARMO,
RIO CLARO,NIVALDO MOURA,
RIO CLARO,OLGA SALOMAO,
RIO CLARO,PAULO GUEDES,
RIO CLARO,PROFESSOR LUCIANO,
RIO CLARO,ROGERIO GUEDES,
RIO CLARO,VALDIR ANDREETA,
RIO DE JANEIRO,ALESSANDRO MOLON,
RIO DE JANEIRO,BENEDITA SILVA,
RIO DE JANEIRO,CHICO ALENCAR,
RIO DE JANEIRO,CLARISSA GAROTINHO,
RIO DE JANEIRO,DELEGADA MARTHA ROCHA,
RIO DE JANEIRO,EDUARDO BANDEIRA MELLO,
RIO DE JANEIRO,EDUARDO PAES,
RIO DE JANEIRO,GLORIA HELOIZA LIMA,
RIO DE JANEIRO,MARCELO CRIVELLA,
RIO DE JANEIRO,MARCELO FREIXO,
RIO DE JANEIRO,MARTA ROCHA,
RIO DE JANEIRO,OTONI PAULA,
RIO DE JANEIRO,RODRIGO AMORIM,
RIO DE JANEIRO,TARCISIO MOTTA,
RIO SONO,ANTONIO NETO,
RIO SONO,DR JOAO,
RIO SONO,ITAIR MARTINS,
RIO SONO,JOAO NETO,
RIO SONO,ROBERTO CAMPOS,
ROSÁRIO DO CATETE,CEZAR,
ROSÁRIO DO CATETE,LAERCIO PASSOS,
ROSÁRIO DO CATETE,VINO,
ROTEIRO,ALYSSON,
ROTEIRO,GABRIEL JATOBA,
ROTEIRO,TIAGO CURSINO,
ROTEIRO,WLADIMIR BRITO,
RURÓPOLIS,EDGAR,
RURÓPOLIS,MARCELO,MARCELO VEREADOR
RURÓPOLIS,MARCELO VEREADOR,
RURÓPOLIS,SIMAO DADALT,
RURÓPOLIS,TAKA,
RURÓPOLIS,ZE FILHO,
RUSSAS,JUNIOR GONCALVES,
RUSSAS,NATHIZAEL LEANDRO,
RUSSAS,SAVIO GURGEL,
SALVADOR,ACM NETO,
SALVADOR,BRUNO REIS,
SALVADOR,CEZAR LEITE,
SALVADOR,HILTON COELHO,
SALVADOR,IRMAO LAZARO,
SALVADOR,JOAO CARLOS BACELAR,
SALVADOR,LEO PRATES,
SALVADOR,LIDICE MATA,
SALVADOR,MAJOR DENICE,
SALVADOR,OLIVIA SANTANA,
SALVADOR,SARGENTO ISIDORIO,
SANTA CRUZ CABRÁLIA,AGNELO,
SANTA CRUZ CABRÁLIA,BAIANO,
SANTA CRUZ CABRÁLIA,SARGENTO APOLINARIO,
SANTA CRUZ CABRÁLIA,VIOLA,
SANTA HELENA,AGAMENON,
SANTA HELENA,FERNANDO CRENTE,
SANTA HELENA,JURANDIR,
SANTA HELENA,LOBATO,
SANTA HELENA,ZEZILDO,
SANTA LUZIA,FRANCA MACAQUINHO,
SANTA LUZIA,NEWTON CAVALCANTE,
SANTA MARIA DAS BARREIRAS,ADRIANO SALOMAO,
SANTA MARIA DAS BARREIRAS,EMIVALDO AMANCIO,
SANTA MARIA DAS BARREIRAS,JORGE KALLIL,
SANTA QUITÉRIA DO MARANHÃO,ANA CLAUDIA,
SANTA QUITÉRIA DO MARANHÃO,MANINHO LEAL,
SANTA QUITÉRIA DO MARANHÃO,SAMIA MOREIRA,
SANTANA DO ARAGUAIA,EDUARDO MACHADO,
SANTANA DO ARAGUAIA,GOIANINHO,
SANTANA DO ARAGUAIA,NILTON MILTAO,
SANTANA DO ARAGUAIA,ZE QUINCA,
SANTARÉM,ALEXANDRE VON,
SANTARÉM,BIRINHA,
SANTARÉM,BIRINHA ADVOGADO,BIRINHA
SANTARÉM,CORONEL TOMASO,
SANTARÉM,JACKSON FLOCLORE,JACKSON FOLCLORE
SANTARÉM,JACKSON FOLCLORE,
SANTARÉM,JOAO MASSAMIX,
SANTARÉM,JOTA NINOS,
SANTARÉM,LIRA MAIA,
SANTARÉM,MARIA CARMO,
SANTARÉM,NELIO AGUIAR,
SANTARÉM,NEY SANTANA,
SANTARÉM,PROFESSOR JARSEN,
SANTARÉM,VALDIR MATHIAS,VALDIR MATIAS
SANTARÉM,VALDIR MATIAS,
SANTO ANTÔNIO DE GOIÁS,CIMENTAO,
SANTO ANTÔNIO DE GOIÁS,DUDU GRAER,
SANTO ANTÔNIO DE GOIÁS,EDU,
SANTO ANTÔNIO DE GOIÁS,ELVECIO,
SANTO ANTÔNIO DE GOIÁS,KLEBER,
SANTO ANTÔNIO DE GOIÁS,LOURIVAL,
SANTOS,BANHA,
SANTOS,IVAN SARTORI,
SANTOS,JOAO PAULO PAPA,
SANTOS,JOAO VILLELA,
SANTOS,JOSE RENATO QUARESMA,
SANTOS,JUNIOR BOZZELLA,
SANTOS,KENNY,PROF KENNY
SANTOS,PAPA,JOAO PAULO PAPA
SANTOS,PAULO ALEXANDRE,
SANTOS,PAULO CORREA,PAULO CORREA JUNIOR
SANTOS,PAULO CORREA JUNIOR,
SANTOS,PROF KENNY,
SANTOS,ROGERIO SANTOS,
SANTOS,ROSANA VALLE,
SANTOS,TELMA,TELMA SOUZA
SANTOS,TELMA SOUZA,
SÃO CRISTÓVÃO,ADILSON JUNIOR,
SÃO CRISTÓVÃO,BETAO POVO,
SÃO CRISTÓVÃO,CARLOS VILAO,
SÃO CRISTÓVÃO,CORONEL ROCHA,
SÃO CRISTÓVÃO,GEDALVA UMBAUBA,
SÃO CRISTÓVÃO,MARCOS SANTANA,
SÃO CRISTÓVÃO,NETO BATALHA,
SÃO FÉLIX DE BALSAS,MARCIAL COSTA,
SÃO FÉLIX DE BALSAS,MARCIO PONTES,
SÃO FÉLIX DO CORIBE,CHEPA RIBEIRO,
SÃO FÉLIX DO CORIBE,HELVIO,
SÃO FÉLIX DO CORIBE,LEO LAURENISIO,
SÃO FÉLIX DO CORIBE,MOACIR,
SÃO FÉLIX DO CORIBE,NOZINHO,
SÃO FÉLIX DO XINGU,ANTONIO LEVINO,
SÃO FÉLIX DO XINGU,DARCY DENIMAR,
SÃO FÉLIX DO XINGU,DU REIS,
SÃO FÉLIX DO XINGU,JOAO CLEBER,
SÃO FÉLIX DO XINGU,MINERVIN,MINERVINA
SÃO FÉLIX DO XINGU,MINERVINA,
SÃO FÉLIX DO XINGU,NEUSA LEVINO,
SÃO FÉLIX DO XINGU,PASTOR SIDNEY,
SÃO GONÇALO DO AMARANTE,AILTON,
SÃO GONÇALO DO AMARANTE,CHANXE,
SÃO GONÇALO DO AMARANTE,JAIMR,JAIME
SÃO GONÇALO DO AMARANTE,JUNIOR DEPOSITO,
SÃO GONÇALO DO AMARANTE,PAULINHO,
SÃO GONÇALO DO AMARANTE,POTI NETO,
SÃO JOÃO DO SOTER,JOSA SILVA,
SÃO JOÃO DO SOTER,LUIZA ROCHA,
SÃO JOÃO DO SOTER,WELLINGTON MOURA,
SÃO JOÃO DOS PATOS,ALEXANDRE,
SÃO JOÃO DOS PATOS,GILVANA,
SÃO JOÃO DOS PATOS,MARCIO,
SÃO JOSÉ DA BARRA,JOAO PASSOS,
SÃO JOSÉ DA BARRA,MARCELINHO,
SÃO JOSÉ DA BARRA,SERGINHO,
SÃO JOSÉ DE RIBAMAR,BETO VILA,BETO VILAS
SÃO JOSÉ DE RIBAMAR,BETO VILAS,
SÃO JOSÉ DE RIBAMAR,EDSON JUNIOR,
SÃO JOSÉ DE RIBAMAR,EUDES SAMPAIO,
SÃO JOSÉ DE RIBAMAR,JOTA PINTO,
SÃO JOSÉ DE RIBAMAR,JULINHO,
SÃO JOSÉ DE RIBAMAR,TIAGO FERNANDES,
SÃO JOSÉ DOS CAMPOS,AGILBERTO CHAGAS,
SÃO JOSÉ DOS CAMPOS,CORONEL ELIANE NIKOLUK,
SÃO JOSÉ DOS CAMPOS,DR CONSTANTINO CURY,
SÃO JOSÉ DOS CAMPOS,FELICIO RAMUTH,
SÃO JOSÉ DOS CAMPOS,LETICIA AGUIAR,
SÃO JOSÉ DOS CAMPOS,RENATA PAIVA,
SÃO JOSÉ DOS CAMPOS,SHAKESPEARE CARVALHO,
SÃO JOSÉ DOS CAMPOS,WAGNER BALIEIRO,
SÃO LUÍS,ADRIANO SARNEY,
SÃO LUÍS,BIRA PANDARE,BIRA PINDARE
SÃO LUÍS,BIRA PINDARE,
SÃO LUÍS,CARLOS MADEIRA,
SÃO LUÍS,DR YGLESIO,
SÃO LUÍS,DUARTE JUNIOR,
SÃO LUÍS,EDUARDO BRAIDE,
SÃO LUÍS,JEFFERSON PORTELA,
SÃO LUÍS,JEISAEL MARX,
SÃO LUÍS,MADEIRA,
SÃO LUÍS,NETO EVANGELISTA,
SÃO LUÍS,OSMAR FILHO,
SÃO LUÍS,ROSEANA SARNEY,
SÃO LUÍS,RUBENS JUNIOR,
SÃO LUÍS,TADEU PALACIO,
SÃO LUÍS,WELLINGTON CURSO,
SÃO LUÍS,YGLESIO MOISES,
SÃO LUÍS DO QUITUNDE,CICERO CAVALCANTE,
SÃO LUÍS DO QUITUNDE,FERNANDA CAVALCANTE,
SÃO LUÍS DO QUITUNDE,JUNIOR PEDRO,
SÃO PAULO,ANDREA MATARAZZO,
SÃO PAULO,ARTHUR VAL,
SÃO PAULO,ATHUR VAL,ARTHUR VAL
SÃO PAULO,BRUNO COVAS,
SÃO PAULO,CELSO RUSSOMANNO,
SÃO PAULO,CELSO RUSSOMANO,CELSO RUSSOMANNO
SÃO PAULO,DATENA,JOSE LUIZ DATENA
SÃO PAULO,FERNANDO HADDAD,
SÃO PAULO,FILIPE SABARA,
SÃO PAULO,GUILHERME BOULOS,
SÃO PAULO,JAIR BOLSONARO,
SÃO PAULO,JILMAR TATTO,
SÃO PAULO,JOAO DORIA,
SÃO PAULO,JOICE HASSELMANN,
SÃO PAULO,JOSE LUIZ DATENA,
SÃO PAULO,LULA,
SÃO PAULO,MARCIO FRANCA,
SÃO PAULO,MARTA,MARTA SUPLICY
SÃO PAULO,MARTA SUPLICY,
SÃO PAULO,PAULO SKAFF,
SÃO PAULO,TABATA AMARAL,
SÃO SEBASTIÃO,AMILTON PACHECO,
SÃO SEBASTIÃO,FELIPE AUGUSTO,
SÃO SEBASTIÃO,GLEIVISON GASPAR,
SÃO SEBASTIÃO,REINALDINHO MOREIRA,
SÃO SEBASTIÃO DO PASSÉ,ANGELO,ANGELO SANTANA
SÃO SEBASTIÃO DO PASSÉ,ANGELO SANTANA,
SÃO SEBASTIÃO DO PASSÉ,DR BRENO,
SÃO SEBASTIÃO DO PASSÉ,EVALDO,EVALDO FIRES
SÃO SEBASTIÃO DO PASSÉ,EVALDO FIRES,
SÃO SEBASTIÃO DO PASSÉ,LUCIANO LAGO,
SÃO SEBASTIÃO DO PASSÉ,NILZA,NILZA MATA
SÃO SEBASTIÃO DO PASSÉ,NILZA MATA,
SÃO SEBASTIÃO DO PASSÉ,TANIA PORTUGAL,
SENA MADUREIRA,GERLEN DINIZ,
SENA MADUREIRA,JOSANDRO CAVALCANTE,
SENA MADUREIRA,MAZINHO SERAFIM,
SENA MADUREIRA,TOINHA VIEIRA,
SENA MADUREIRA,ZENIL CHAVES,
SENADOR GUIOMARD,BRANCA MENEZES,
SENADOR GUIOMARD,GILSON FUNERARIA,
SENADOR RUI PALMEIRA,JEANE MOURA,
SENADOR RUI PALMEIRA,PADRE,
SENADOR RUI PALMEIRA,ROGERIO AMARAL,
SERRA NEGRA DO NORTE,ACACIO BRITO,
SERRA NEGRA DO NORTE,ALYSSON MOISES,
SERRA NEGRA DO NORTE,ROGERIO MARIZ,
SERRA NEGRA DO NORTE,SERGINHO FERNANDES,
SERRANO DO MARANHÃO,MAGUILA,
SERRANO DO MARANHÃO,MARILEIDE,
SERRANO DO MARANHÃO,VAL CUNHA,
SERRANO DO MARANHÃO,ZANA,
SÍTIO DO MATO,CASSIO CURSINO,
SÍTIO DO MATO,GLAUCIA NUNES,
SÍTIO DO MATO,MARCINHA,
SOUSA,ANDRE GADELHA,
SOUSA,FABIO TYRONE,
SOUSA,LEONARDO GADELHA,
SOUSA,ZE CELIO,
SUCUPIRA DO RIACHÃO,EDMILSON CARVALHO,
SUCUPIRA DO RIACHÃO,REGINA STELA,
SUCUPIRA DO RIACHÃO,WALTER AZEVEDO,
SUSSUAPARA,NAERTON MOURA,
SUSSUAPARA,TALLES CARVALHO,
TARAUACÁ,ABDIAS FARMACIA,
TARAUACÁ,GILMAR TORRES,
TARAUACÁ,JANAINA FURTADO,
TARAUACÁ,JUNIOR FEITOSA,
TARAUACÁ,LAURO BENIGNO,
TARAUACÁ,MARILETE VITORINO,
TARAUACÁ,NEIA SERGIO,
TARAUACÁ,RODRIGO DAMASCENO,
TERESINA,DR PESSOA,
TERESINA,FABIO ABREU,
TERESINA,FABIO NOVO,
TERESINA,GEORGIANO NETO,
TERESINA,KLEBER MOTEZUMA,
TERESINA,SILAS FREIRE,
TERESINA,SILVIO MENDES,
TIMON,ALEXANDRE ALMEIDA,
TIMON,CLARA PRADO,
TIMON,COMANDANTE SCHNNEYDER,
TIMON,CORONEL SCHNNEYDER,COMANDANTE SCHNNEYDER
TIMON,DINAIR VELOSO,
TIMON,ERIVALDO LIMA,
TIMON,HENRIQUE JUNIOR,VEREADOR HENRIQUE JUNIOR
TIMON,HORMANN SCHNNEYDER,
TIMON,JACONIAS MORAES,
TIMON,JACONIAS MORAIS,JACONIAS MORAES
TIMON,LEANDRO BELLO,
TIMON,PROFESSORA FAFA,
TIMON,RAFAEL LEITOA,
TIMON,SOCORRO WAQUIM,
TIMON,VEREADOR HENRIQUE JUNIOR,
TOBIAS BARRETO,ANTONIO NERY,
TOBIAS BARRETO,BETA,
TOBIAS BARRETO,CEZAR PRADO,
TOBIAS BARRETO,DILSON AGRIPINO,
TOBIAS BARRETO,DIOGENES ALMEIDA,
TOBIAS BARRETO,GAL FILO,
TOBIAS BARRETO,MAGNO ARAUJO,
TOBIAS BARRETO,MAGNO ARUAJO,MAGNO ARAUJO
TOLEDO,ADEMAR DORFSCHMIDT,
TOLEDO,BETO LUNITTI,
TOLEDO,CESAR KRUGER,
TOLEDO,DILCEU SPERAFICO,
TOLEDO,JANICE SALVADOR,
TOLEDO,LODI,
TOLEDO,LUCIO MARCHI,
TOLEDO,MARCOS ZANETTI,
TOLEDO,MARLI ESPORTE,
TOLEDO,ODACI FIORENTIN,ODACIR FIORENTIN
TOLEDO,ODACIR FIORENTIN,
TOLEDO,ODACIT FIORENTIN,ODACIR FIORENTIN
TOLEDO,PELANKA,
TOLEDO,POLETTO,
TOLEDO,SIMOE SPONHOLZ,SIMONE SPONHOLZ
TOLEDO,SIMONE SPONHOLZ,
TOLEDO,TITA FURLAN,
TOLEDO,VAGNER DELABIO,
TOLEDO,WELTER,
TOLEDO,ZOIO,
TUCURUÍ,ADEMIR ANDRADE,
TUCURUÍ,ALEXANDRE SIQUEIRA,
TUCURUÍ,ARTUR BRITO,
TUCURUÍ,ELIANE,ELIANE LIMA
TUCURUÍ,ELIANE LIMA,
TUCURUÍ,HERNANDES VAZ,
TUCURUÍ,HERNANDEZ VAZ,HERNANDES VAZ
TUCURUÍ,JAIRO HOLANDA,
TUCURUÍ,MARCELO ACIT,
TUCURUÍ,XANDAO,
TUNTUM,DIDA TIO LUIS,
TUNTUM,FERNANDO PESSOA,
UNIÃO,ANTONIO JOSE MEDEIROS,
UNIÃO,GUSTAVO MEDEIROS,
UNIÃO,RICARDO,
URUARÁ,CID,
URUARÁ,ELCIR,
URUARÁ,ERALDO PIMENTA,
URUARÁ,GILSINHO BRANDAO,
URUARÁ,MANUEL CASA BRANCA,
VALPARAÍSO DE GOIÁS,AFRANIO PIMENTEL,
VALPARAÍSO DE GOIÁS,CORONEL FERREIRA,
VALPARAÍSO DE GOIÁS,ELVIS SANTOS,
VALPARAÍSO DE GOIÁS,LEDA BORGES,
VALPARAÍSO DE GOIÁS,MARIA YVELONIA,
VALPARAÍSO DE GOIÁS,PABIO MOSSORO,
VALPARAÍSO DE GOIÁS,SILVANO,
VARJÃO,DIVINICO,
VARJÃO,LUCIANO RAIMUNDO,
VARJÃO,RAFAEL FEIRA,
VARJÃO,ROBERTO QUEIROZ,
VARJÃO,RONINHO,
VILA NOVA DO PIAUÍ,EDILSON BRITO,
VILA NOVA DO PIAUÍ,GERONIMO,
VILHENA,EDUARDO JAPONES,
VILHENA,MIGUEL CAMARA,
VILHENA,PAULO ARGAMAZON,
VILHENA,ROSANE DONADON,
VILHENA,SAMIR ALI,
VITÓRIA DO XINGU,CAETANO,
VITÓRIA DO XINGU,JOSY AMARAL,
VITÓRIA DO XINGU,MARCIO MEGA,
VITÓRIA DO XINGU,MURILO,MURILO SOUSA
VITÓRIA DO XINGU,MURILO SOUSA,
VITÓRIA DO XINGU,NENGO TAXISTA,
VITÓRIA DO XINGU,PRETINHO,
VITÓRIA DO XINGU,ROGERIO,ROGERIO SECRETARIO
VITÓRIA DO XINGU,ROGERIO SECRETARIO,
VITÓRIA DO XINGU,VANDO,
VITÓRIA DO XINGU,VEREADOR AMARAL,
XIQUE-XIQUE,EDUARDO,
XIQUE-XIQUE,REINALDO BRAGA FILHO,
ZÉ DOCA,JOSINHA CUNHA,
ZÉ DOCA,ZE COSTA,
